{"0": [[5.898305304206969, 4.160831203379422, 5.242033246970563, 3.1653075318989234]], "1": [[-9.315791587618317]]}