{"0": [[-0.3025807671832984, -0.646034091322131, -0.4187347966999027, -0.47680440393878065], [-2.4909679231024855, 0.4835217959731026, 1.2060209386864444, 0.9123719570892885], [0.9221031237902332, 1.0183514942952545, -0.2512508863244771, -0.058334552973136417], [0.3120246345157592, 0.743749666482743, 0.09842807413919448, 0.2092360158790234], [0.5052541043161256, 1.0184948438583838, 0.19032557194718677, 0.3125186862115046]], "1": [[0.6199079105297801, 0.514155888852801, -0.6802938531273102, -0.5778740686166669, -0.5648877893804437], [-0.9213541037074585, -0.10803549663359292, 1.649649553871233, 1.0737887255244303, 1.463519301296683]], "2": [[10.130236837286102, 13.359490777614011], [-3.142460248351966, 2.077725548106762], [2.9676936242969925, -4.225918846687565]], "3": [[-5.6694119995064876, -0.44762986558733175, 1.7421740102778753]]}