{"Train": 0.14931106975852276, "Val": 0.14720015027314354, "Test": 0.14840918541313436, "max_epoch": 6, "stop_reason": "Weight gradients converged", "num_hidden_layers": 2, "total_hidden_units": 8, "unit_combination": [3, 5], "learning_rate": 0.2}