{"0": [[1.5974053488453084, -3.2778013694410544, -3.289943637998146, -3.7008181112660155], [2.258400781288061, 1.5083838434577324, 0.7215927848014174, 0.833588973713902], [0.4081792061486495, 1.5130629581808783, 2.783622611713438, 2.638692803775145]], "1": [[-0.1290031295426245, 0.731041927944119, 1.7767768902471468], [0.4092396012558708, -0.9026671813491955, -1.1383204724630374], [0.3794134522608706, 0.9232701915865992, 2.474354007114312], [3.169343267016669, 0.48614789352325566, -2.288815284853922], [-0.7367699739551807, 1.6256526361762822, 1.61674703220778]], "2": [[-1.8894424990879732, 1.32877673314098, -3.779940952626447, 1.2720099057893777, -0.12263570064926171]]}