{"Train": 0.14931111318120555, "Val": 0.14720019357938127, "Test": 0.1484092289038949, "max_epoch": 3, "stop_reason": "Weight gradients converged", "num_hidden_layers": 3, "total_hidden_units": 12, "unit_combination": [5, 2, 5], "learning_rate": 0.5}