{"0": [[0.6047018469788474, 0.29957307364420516, 0.5452100670996037, 0.516114445216752], [0.4681059388032991, 0.22075301415930546, 0.41799370730750834, 0.42471814208887615], [-0.9856618644994372, -0.50220610992907, -0.9183612460209725, -0.9068662936229547], [-0.1694865953366187, -0.07681028175206273, -0.14769837051699192, -0.13752770707107484], [-0.27961145443651175, -0.11375289358913358, -0.25830446801439644, -0.21640595272331112]], "1": [[0.9054133188842283, 0.71010375226184, -1.5899926791814263, -0.24123955045382636, -0.40209218471819647], [0.4770394518043413, 0.35453466307713666, -0.8503347249891207, -0.1323414372931349, -0.2104200222848696]], "2": [[-1.513953237955148, -0.8814956161619881], [-0.5955666563926006, -0.7954755181949399], [0.14751818905149974, -0.01721453236046174], [-0.7306128156681259, -0.2766529319328845], [0.09736599732933862, -0.016740900911368845]], "3": [[10.598341523249774, -4.494240272133137, -0.5609211355633029, 9.24929194018098, -0.6153871907025825]]}