{"0": [[-3.9498200657326334, -2.8211734735861196, -1.2170955825685157, -1.0582547977197474]], "1": [[-0.6434419445842917], [1.1355458481856993], [-0.5610918999522989], [0.5836382349648258], [-0.9801354065727104]], "2": [[-0.41723167245905474, 0.8053794346178502, -0.3549471417163832, 0.35624743050738833, 2.1873248545039083], [0.3631349380959644, -0.6507746381088558, 0.3060463133531716, -0.31858422802442177, -0.7212583243668631], [0.050874856167685945, -0.30359796895300895, 0.04289391174158502, -0.040148916845019145, 3.4371420734404006], [-0.4328016133776077, 0.8468712972676714, -0.38538423284979023, 0.40975559212473994, 1.1214844985848023]], "3": [[2.547735270882877, -0.6970769055754149, -9.417337419104081, 3.629210290168199]]}