{"0": [[2.0006073451427064, 0.7767277172381887, 1.9840098908509143, 2.051490305797162]], "1": [[-3.4015540896379286], [-0.06652717089862742], [-2.3506358526346625], [2.015561058623708]], "2": [[3.6702098169254422, 0.06412965505116248, 2.4305856107380377, -2.066341191509652]], "3": [[22.21559385979569]]}