{"0": [[0.03627379807105694, 0.029729476930477467, 0.05192814988066397, 0.05001307147879807], [0.28502214919949503, 0.2913582386397128, 0.2983225093952439, 0.29684441235124137], [0.9488463716279201, 0.9211784423045897, 0.9809597950998409, 0.9754021774032122]], "1": [[-0.011730508758111838, -0.2864211952272648, -0.9869547478409457], [0.006158252098042515, 0.017438740015584278, 0.027394565610134876], [-0.0727202231853279, -0.4004984197407394, -1.390222561651669], [0.02891771835563795, 0.08158958120342491, 0.3003279521287694], [-0.04964219353994578, -0.31727909303422586, -1.0920297566364212]], "2": [[-1.0108360199342858, 0.031845607824982435, -1.4247040102468673, 0.31103901815735757, -1.119480976179262]], "3": [[-7.704312406802392]]}