{"Train": 1.4758654692452418, "Val": 1.4761819402925127, "Test": 1.4737138564809114, "max_epoch": 3, "stop_reason": "Weight gradients converged", "num_hidden_layers": 3, "total_hidden_units": 9, "unit_combination": [5, 3, 1], "learning_rate": 0.5}