{"0": [[-0.5899007224851939, -0.29420559517603534, -0.8262783570709747, -0.8419129507407255], [-0.11423529821987427, -0.09120751770540736, -0.20131071622239713, -0.21802167714073875], [-0.09536990684863497, -0.049105718138560225, -0.16388585553924448, -0.17333875874236235], [0.35905310880207125, 0.21989493122945705, 0.5506649949620672, 0.5514271207789805], [0.17617024665254827, 0.10049035445770567, 0.2892350097197609, 0.30616026853908357]], "1": [[1.2467077443216308, 0.3277636608886981, 0.25991647842868326, -0.8394293410593983, -0.45688926352990744], [0.7314455091188493, 0.2060187555726595, 0.1523060859238995, -0.4789618167556176, -0.26466723483644194], [0.6060710176914924, 0.13275587430754784, 0.11402898015818048, -0.385231121045622, -0.2056711011857145]], "2": [[-6.550779504946153, -11.611557324095072, -3.554178218713006]], "3": [[7.938586680669278]]}