{"Train": 0.16813680975234538, "Val": 0.17001781910403724, "Test": 0.1727577267151863, "max_epoch": 3, "stop_reason": "Weight gradients converged", "num_hidden_layers": 3, "total_hidden_units": 11, "unit_combination": [4, 3, 4], "learning_rate": 0.5}