{"0": [[-0.3798800787033718, -0.23098116555672019, -0.3084511165486499, -0.3237350034708515], [-0.4494554842690474, -0.26702213953032344, -0.36882862139192246, -0.37638922674193853], [-0.4889042082107615, -0.2946795322765804, -0.4157105981957608, -0.4439815143603753], [0.7170885156721918, 0.3980917170501753, 0.6356941080236754, 0.6447124368395232]], "1": [[-0.5250902201423516, -0.615101736314752, -0.6757453137790462, 0.9891993468561788], [-0.3881953033100199, -0.45311869911468977, -0.5240511513777336, 0.7634307238153657], [-0.027047311941942136, -0.025320128894490555, -0.024350424311412874, -0.01972525353298709]], "2": [[-1.186242478141335, -1.1290299028787498, 0.12665328568383888], [0.6354813138196098, 0.6106211934108351, -0.1947627352088542], [1.9699904059309012, 1.6431298192883854, -0.4901009211344914], [1.0227306390745106, 0.992697162214884, -0.3617695145010369]], "3": [[-0.0201332344822047, -1.6955679504337284, -10.585641868093145, -1.2525772605826666]]}