{"0": [[-0.41352817022138794, -2.7158667678988726, -2.2356558629108667, -2.06270110893607], [-0.04566895963190686, -1.5508488957934314, -1.2216126738801856, -1.1325656377277336], [1.6593746704624457, 4.943497945053009, 3.4903189151462235, 3.3365427316599026], [-1.9221457474348553, -0.7972841669843238, 0.6544267470336894, 0.43203519650222755], [0.13399921928413758, -1.5091636989433126, -1.340102916466226, -1.2329511115510798]], "1": [[-5.36830216532231, -4.070081090681088, 4.16511580032782, 4.5627699206421415, -4.591466996631335]], "2": [[-6.580326900075274]]}