{"Train": 0.14931111074378364, "Val": 0.14720019114870134, "Test": 0.1484092264713616, "max_epoch": 3, "stop_reason": "Weight gradients converged", "num_hidden_layers": 2, "total_hidden_units": 6, "unit_combination": [3, 3], "learning_rate": 0.5}