{"0": [[-7.457415793479978, -1.7942634896950858, -4.28697982870703, -4.4212117298464815], [1.5685418872390082, -1.2176195258052431, -1.5476034798169058, -2.4633282245931825], [-19.656704281488224, -2.505136023834354, -12.267739814141965, -12.301888973868538]], "1": [[-30.03928697573003, -41.29699261939021, -14.615015883860455], [1.415413956665081, 1.9792428283750345, 0.658088714228022], [1.3648839326447753, 1.9361045176920868, 0.6259834727914163]], "2": [[-8.770726945700336, 0.5398997385882299, 0.44940068916114895]]}