{"Train": 0.14931111278529358, "Val": 0.14720019318388147, "Test": 0.14840922850844115, "max_epoch": 4, "stop_reason": "Weight gradients converged", "num_hidden_layers": 2, "total_hidden_units": 6, "unit_combination": [5, 1], "learning_rate": 0.5}