{"0": [[0.15507291619343258, 0.2667627100728172, 0.15067122203504668, 0.15573825679481104], [0.40552544262436413, 0.6700123423360418, 0.35979738069443096, 0.37967881001486325], [0.3378900807835283, 0.5532540404562983, 0.2973483941391707, 0.28054784933018073], [-0.8916386268417229, -1.4831446283999175, -0.8241181839243953, -0.80972429338449], [1.0345918835296757, 1.7577761025436254, 0.98435223312918, 0.9912880661103288]], "1": [[-0.3625222296287078, -0.9543211414884427, -0.7864278801820894, 2.347393591522023, -3.025961429107638]], "2": [[10.663737565543475]]}