{"0": [[-2.2223726467267864, -0.1256902746626395, -1.1781740548893895, -1.2214917975821837], [-1.2083371028187428, 0.01522170759826324, -1.051511979039312, -0.9430498260167954], [1.0513552227244354, 0.006352800093756541, 0.967646615322594, 0.930627699935782], [2.2051363903850496, -0.039476200223248104, 1.5541758566919606, 1.2635953631035661], [2.018642617131416, -0.033719093198934146, 1.4642970641837778, 1.2033247379679686]], "1": [[-4.799462432099383, 2.6492776510955536, -1.938506484769492, -3.471773514931774, -3.2611981276010154], [-0.4622276467055532, 0.25081073476978993, -0.19146847561277952, -0.35531371230178926, -0.33264615142178605], [7.654577032522213, -4.385903574508935, 3.2633498534361034, 5.593957132308511, 5.317839065206417], [-0.6044745994741119, 0.240714542058704, -0.15695855519954688, -0.3576387401299082, -0.33374897600985276], [-0.5430365215153836, 0.27730717063488103, -0.18775372960918424, -0.3520402789132066, -0.3354254657107414]], "2": [[-2.2342951521819705, -0.32402098244721694, 6.075085847495141, 0.5949301683399323, 0.07313122681438283]], "3": [[-10.779852212929496]]}