{"Train": 0.1135496669448116, "Val": 0.11344648791697555, "Test": 0.11335233228532678, "max_epoch": 8, "stop_reason": "Weight gradients converged", "num_hidden_layers": 3, "total_hidden_units": 7, "unit_combination": [2, 3, 2], "learning_rate": 0.2}