{"0": [[8.826451924932044, 59.338916486949685, 19.253087808545466, 30.61988068472584], [-6.59647271273228, -45.89786735985213, -23.761035855046888, -26.998026008578496]], "1": [[5.7348793646064395, 4.051979998573268], [19.891689546175897, 16.105021904215008], [-14.040632981686834, -9.193867232930877]], "2": [[23.768226581253778, 27.46137417739848, -28.76740213645813], [-2.612167158804119, -2.909786752519991, 3.4658385863024526]], "3": [[-9.719720953590041, 1.9688267899840985]]}