{"0": [[-0.9724548258552039, -0.41591153223213445, -0.9496681924243976, -0.9285812215738468], [1.0179573767305894, 0.43099492648911736, 0.9714146497948499, 0.9497707137343465], [0.3386871725646707, 0.13640174442677672, 0.307649407973812, 0.3070413298944395], [-0.9870086869373399, -0.41597273068052676, -0.962302379753529, -0.9325057443283835], [0.047924445216075175, 0.006509093201162574, 0.03595678922476625, 0.04697644209754045]], "1": [[1.1142380689524902, -1.1503262917198807, -0.36013367012846725, 1.1359556496552337, -0.028785828517018327], [1.3712925171388506, -1.4237548110979459, -0.4414417707836632, 1.3798325353057788, -0.074518746259948]], "2": [[-3.5516766337886954, -3.5340040138458995], [-7.190793836490276, -7.11506996818065], [-2.156724269228697, -2.616615092266387], [4.903190131357741, 4.885658755631373], [-6.479477107097041, -6.416242239205247]], "3": [[-9.598491403601766, -1.8078665808571106, -36.12285598960561, 6.9165912535043255, -3.91598145475918]]}