{"0": [[-0.8668350618273889, -1.3189099367859958, -1.075045084175291, -1.1165674856033332], [-0.8407672464935901, -1.2636213034236203, -1.027192211489884, -1.0493975557415918]], "1": [[2.5672635129537644, 2.3993043441397175]], "2": [[-4.085836814002192]], "3": [[-7.1302338690715485]]}