{"0": [[4.981394652949723, 11.778266609103246, 4.829127943748514, 5.946607983335769], [4.287040740271997, 12.480664711460854, 5.442446330185566, 6.6657566653058], [-1.9900677973855094, -0.2853546769762739, -0.45568107792869605, 0.06834200778907763], [-1.6878758977423178, -0.5935292785748819, -0.5025715844481842, -0.09318866768690223]], "1": [[-0.212037723465511, -0.20030671834114722, 0.25254022802120796, 0.24981709789295894], [-2.0738087961095695, -1.912840746846415, -0.14970466647329062, 0.013340547113697683], [-1.670680680011732, -1.4765547478394996, 0.33507281318025, 0.4455707581278423], [6.058340850782366, 6.241229916163097, -1.4319224935378458, -1.8077117322552825], [-1.8853849738931312, -1.6783642079272099, 0.0016528700247192315, 0.13561450053272683]], "2": [[-0.3842577029748306, -0.7203051384982347, -0.5908429178554949, -0.23719294737521635, -0.6148622299469009], [-0.6149704384678344, -0.9350257567284842, -0.6522084489693769, 4.327548017707876, -0.6251505263505203]], "3": [[0.1577412632585045, -7.479732749645321]]}