{"0": [[-1.3446221320257543, -3.1294039909907503, -1.412923149198471, -1.373182490708064], [0.35857152576350376, 1.6638219582915286, 0.6596045091080348, 0.8450653677668298], [0.21082981905947418, 0.7632767290447364, 0.3123492534249506, 0.3231951483358167]], "1": [[2.831034672344577, 5.9618082585311605, 1.503827518800117]], "2": [[-1.6844310261719754e-07], [1.2802447644119924e-08], [9.904981268663786], [-7.906915177479576e-09], [-2.2822625138639238e-08]], "3": [[-1.6844310405384713e-07, 1.2802447644737016e-08, -6.586876828525873, -7.906915177637297e-09, -2.2822625142199585e-08]]}