{"0": [[-0.5524668617879746, -1.0918056596246914, -0.5682408613556558, -0.5681333555596267], [0.808735517963597, 1.6254235373396873, 0.8365637021939881, 0.830468117712551], [-0.5323817858671482, -1.0364992624706564, -0.4992283321571691, -0.5227710769677788], [0.3926593796309464, 0.7648981736461168, 0.38980974482777153, 0.40477392380445054], [0.45330092792672416, 0.8676216160953504, 0.42476904163599816, 0.4481806429947214]], "1": [[0.10744454481660967, -0.21896406256146592, 0.10154453623145884, -0.0756996823999072, -0.07629467844810935], [-1.020608516317583, 2.072379893531458, -0.952102638008092, 0.6894288690184323, 0.7797205743750298], [-0.039341779024745824, 0.10429093037534255, -0.04712606326845262, 0.03374725020141243, 0.03713779621920813], [1.2413764018587372, -2.56966122429583, 1.1796920766865115, -0.8381868195217314, -0.9600150771562507]], "2": [[0.2838249059306346, -3.0513311896020356, -0.12370437915203333, 4.475844028023343]]}