{"Train": 1.4629415412801985, "Val": 1.461152250524829, "Test": 1.4617261497428975, "max_epoch": 3, "stop_reason": "Weight gradients converged", "num_hidden_layers": 2, "total_hidden_units": 6, "unit_combination": [1, 5], "learning_rate": 0.5}