{"0": [[2.4803713467177184, 1.8350615119946467, 1.5609946644075114, 1.3179550308315042]], "1": [[2.366671476491844], [-0.923793173186095], [-4.89026269907962], [-7.12780065535409], [-0.06983046358024152]], "2": [[4.782176102039476, -1.1652252695008007, -4.501716357778568, -4.734657131872491, -0.017692625755252066]]}