{"0": [[-2.9752762029058433, -6.2512630774721085, -2.8905652704460048, -2.9115336028338206]], "1": [[6.980434514422929]]}