{"Train": 0.14931097341417116, "Val": 0.14720005399067257, "Test": 0.1484090893668382, "max_epoch": 3, "stop_reason": "Weight gradients converged", "num_hidden_layers": 3, "total_hidden_units": 9, "unit_combination": [5, 2, 2], "learning_rate": 0.9}