{"0": [[1.0551026383292665, 1.09847242040667, 0.9429199808979365, 0.954410361482271], [-1.3702820100181035, -1.3896725019867826, -1.231530863020945, -1.1998612881586497], [0.9604890046881766, 0.9935533058452535, 0.846975463979002, 0.843606670676703], [0.06556719157430206, 0.046047046676154606, 0.032614715785382074, 0.04344306466323092], [1.6814297220769292, 1.752987398643437, 1.4971972416251131, 1.5075684426242817]], "1": [[0.6499182902571502, -0.8384897475027822, 0.571808965251782, 0.012276764135504456, 1.1288348366224714], [2.004124047673205, -2.6626493181794864, 1.796271858985612, 0.10052371822669154, 3.451393648703699]], "2": [[0.5979985302219776, 2.0472133466483036], [-1.5460399209999829, -5.250222019597985]], "3": [[-2.1152577765690905, 5.636826389618509]]}