{"0": [[-0.565868422806304, -0.28597316037744197, -0.5973340597684236, -0.5745436612993089], [-0.9383109226419052, -0.47225097803502647, -0.9991756592545284, -0.9517230176642871], [0.6322545681579632, 0.325171095476, 0.6587812163096847, 0.6507314097027097], [0.44504351772617223, 0.2325622126053306, 0.48917774576131734, 0.4834580222583791]], "1": [[-0.5656861764755703, -0.9746793115718891, 0.6451089550727619, 0.45299899273097477], [0.8933891915113746, 1.5277618946913227, -0.9969137999213631, -0.7332248436738439]], "2": [[-1.2681864815479236, 1.9731833706311757], [-2.0536491163596815, 2.5911355959408198]], "3": [[16.573096594715555, -31.541120193013203]]}