{"Train": 0.14931111203985992, "Val": 0.14720019243949145, "Test": 0.1484092277644426, "max_epoch": 3, "stop_reason": "Weight gradients converged", "num_hidden_layers": 3, "total_hidden_units": 10, "unit_combination": [5, 2, 3], "learning_rate": 0.9}