{"0": [[0.5068249084680255, 0.5713013638335772, 0.48119075424207575, 0.4641351301846503], [1.6495008670000753, 2.014427078202963, 1.6529421848852408, 1.6123707808555165], [-1.1148919319450294, -1.3016266688456453, -1.0630152768663834, -1.0554206179662002], [-0.9619802825160385, -1.142184118605167, -0.9276297619041857, -0.9222319043674242], [0.653883480767938, 0.8062506760110032, 0.6355151553625207, 0.6462272625048421]], "1": [[-0.8752025266502835, -3.7004671421852744, 2.0620779970923855, 1.7505571487491904, -1.1947083632552375], [0.551531677590244, 2.3378348263910707, -1.3013600377194379, -1.1245987115807528, 0.7521701533430813]], "2": [[0.6565340409635381, -0.36997800186763047], [4.73062974861936, -2.6676069280639103], [3.0583405676471864, -1.7253454496805427]], "3": [[0.7540189672572678, 5.926448754152148, 3.6255777872886923]]}