{"Train": 0.1681368093795953, "Val": 0.1700178187305761, "Test": 0.17275772633900172, "max_epoch": 6, "stop_reason": "Weight gradients converged", "num_hidden_layers": 2, "total_hidden_units": 8, "unit_combination": [5, 3], "learning_rate": 0.2}