{"0": [[0.49380611015078635, 2.6187565724698967, 0.7235590674757075, 2.305477011730723], [5.754874921106717, -2.353127878727306, 3.4501361662836847, -1.4750158881936464], [5.4087028121575305, 9.104033793148382, 1.82023628111359, 5.624434142849139], [-5.5250507058297575, 2.2249042952333786, -2.934294005052123, 1.8762490543011885], [1.6074542609737703, 22.198640252134414, 0.6596553545928279, 12.70687360308587]], "1": [[0.11313379191790743, -0.208129212003279, -0.4233983547276493, 0.17071020582112942, -0.9082691657335793], [0.18103147171893674, -0.29831871442481467, -0.3338396786515961, 0.2589372112350136, -0.48089592682021964], [1.2665559929797277, 0.7778332677935018, 4.113727666624734, -0.7882312003408976, 7.469140557925298]], "2": [[0.5198363990654716, 0.35508130746716954, -9.897245597195752]]}