{"0": [[-1.9917365971703256, -1.5946244642951695, -2.012966582641118, -1.9757649848642107], [1.5916558954628968, 1.271750145226667, 1.5739397975720455, 1.565088164644985]], "1": [[-2.6162608834966674, 1.9311724142973536], [0.8686730852110498, -0.6381069903043488], [1.31581970275108, -0.9722570538569474], [-0.9274093979570428, 0.6752558766074768], [3.0063701499476827, -2.238568131300764]], "2": [[0.9154834834770162, -0.2880366944266272, -0.4556317506783831, 0.318503806986239, -1.0670317243126304], [-3.230445532933139, 1.03928999970399, 1.5832476025170792, -1.1042335201685913, 3.7667470728387826]], "3": [[-1.4116579016431376, 5.487894206433027]]}