{"Train": 0.11354961273610174, "Val": 0.11344643638677962, "Test": 0.1133522746671021, "max_epoch": 3, "stop_reason": "Weight gradients converged", "num_hidden_layers": 3, "total_hidden_units": 10, "unit_combination": [3, 5, 2], "learning_rate": 0.9}