{"0": [[0.28377368325456603, 0.2169094383978557, 0.23376721356496916, 0.23998427602983993], [0.2519171532522765, 0.18955080626971083, 0.17921887471572198, 0.18928789224243275], [-0.8890511705365233, -0.7304145950805482, -0.7821345503939466, -0.8033398988091104]], "1": [[-0.07872780680588173, -0.06508508258092688, 0.2991490829122083], [0.2819947523385494, 0.23207337186562074, -1.001430202874662], [0.054166537456797295, 0.052958528696211954, -0.18417876736226788], [0.10923454538752278, 0.08576947457017135, -0.3689472700824045], [0.4057423403185991, 0.33944795195856325, -1.5862100887028792]], "2": [[0.2243129860710013, -0.8074539714104739, -0.12906636721413198, -0.25998757036507847, -1.436702231994646], [-0.2219245699250106, 0.8737814816882649, 0.15400074246999076, 0.3043807612601383, 1.5856201313510887]], "3": [[3.933702261812594, -4.55172043449103]]}