{"0": [[-1.3671235197393914, -1.1303277736681132, -1.4692835866518459, -1.4461132276902624], [-1.4557091763050474, -1.2252845377532586, -1.6155832007378168, -1.582474586292575]], "1": [[1.5777094825410103, 1.8088755089826856], [1.2008736425522173, 1.388114971753612], [-1.993622715873605, -2.2691489137325496], [1.4461819166516903, 1.6181242477231683]], "2": [[2.542668063125227, 1.8610174577373044, -3.366478391735596, 2.2621976365375405], [2.078330103436153, 2.0963647762543456, -2.0741351801422083, 2.0969824733262583]], "3": [[-8.524885156222114, -10.338297038318977]]}