{"0": [[-2.5507882783804026, -0.7316073076124223, -0.5297535376044739, -0.426992156072725]], "1": [[-0.025417246600805667], [0.0045099732685034135], [1.4351040624867213], [-0.07738272191815432]], "2": [[0.0662635190896269, -0.45795973595909056, 4.377223960306067, 0.4552421761029032], [-0.032632286239657346, 0.5046161996835982, -1.1119796017704362, -0.4338201629520755], [0.00264496275167559, -0.08749897126075788, -0.25791774279517204, 0.08784871494077742]], "3": [[9.691315797849395, -0.7526124809256906, -2.9578828267342314]]}