{"Train": 1.4109879253606623, "Val": 1.4113354559752829, "Test": 1.4089707623842316, "max_epoch": 25, "stop_reason": "Weight gradients converged", "num_hidden_layers": 3, "total_hidden_units": 3, "unit_combination": [1, 1, 1], "learning_rate": 0.2}