{"0": [[3.451296214417483, 3.0409433795156615, 0.9541679862252285, 1.2656109131504316]], "1": [[-5.8314956784212955]], "2": [[-38.16684955916791]], "3": [[1.9496904101352008]]}