{"Train": 0.16813641314521144, "Val": 0.1700174225865312, "Test": 0.17275732419980672, "max_epoch": 3, "stop_reason": "Weight gradients converged", "num_hidden_layers": 3, "total_hidden_units": 8, "unit_combination": [3, 2, 3], "learning_rate": 0.5}