{"0": [[-0.2688607129501254, -0.43958049704787366, -0.34840516691312184, -0.3546542793276194], [-0.45927858459640514, -0.7364827938749795, -0.61187401500593, -0.5849034001564765], [0.3885200903742117, 0.6044417612304682, 0.5119523596016298, 0.4931261371152454]], "1": [[0.733216094465225, 1.2457357573195857, -1.0322821366038875], [0.0671301397752902, 0.029241136296692012, -0.057277089334544895]], "2": [[-2.8446772197282137, 0.6466306132354427], [-0.14948997574603456, -0.011184198225408898], [-0.9194777009350147, 0.4855378280884359]], "3": [[-6.279621842621394, 0.15369060366800172, -1.481611230004799]]}