{"Train": 0.11354966699059399, "Val": 0.11344648796287667, "Test": 0.11335233233118072, "max_epoch": 5, "stop_reason": "Weight gradients converged", "num_hidden_layers": 3, "total_hidden_units": 11, "unit_combination": [4, 4, 3], "learning_rate": 0.2}