{"0": [[-0.1357747151372642, -0.28912988408684187, -0.44580415828637154, -0.3412310360385587], [2.3777360261652913, 1.2108688293208785, 1.9390106557127247, 1.9931923247428387], [-1.5463605227054338, -0.7668874710010269, -1.273013742465242, -1.3160873692155293], [2.2989352916754653, 1.2831538461362846, 0.703544043305089, 0.48193220619220417]], "1": [[-2.42954348484253, 0.22949096027049404, -0.37813455347410835, 4.689776928548584], [-0.2172719746310312, 0.5204543543762867, -0.4641993576128054, 0.2307692343161729], [0.4897777707100397, -1.0045310641875413, 0.8468093364785027, -0.11151455276351696], [0.34313365576543475, -0.7210645148843349, 0.5822081064062287, -0.13164151034189317]], "2": [[-0.15847531321843478, 0.5938757867827021, -0.0009429182475909981, -0.7553482802246868], [2.36370509843688, 0.6045885358750622, -0.5122454950094368, -0.5829064137140749], [0.27023944753846024, -0.9463335890336687, 0.5341415753971457, 1.186011520347562]], "3": [[-2.5698173115607648, -11.114960877505002, 3.012754285321357]]}