{"Train": 0.16813680046422594, "Val": 0.17001780979191547, "Test": 0.17275771732209796, "max_epoch": 6, "stop_reason": "Weight gradients converged", "num_hidden_layers": 3, "total_hidden_units": 8, "unit_combination": [3, 2, 3], "learning_rate": 0.2}