{"0": [[-1.8408166846233291, -1.340123254505569, -0.2841824788239917, -0.3227351358136933], [1.7893315305432251, 1.2498192272190092, 0.2707846688360921, 0.25375622966370925], [-1.7391104868964349, -1.3801487633424294, -0.2953694069974992, -0.5139603841810791]], "1": [[-0.4924050007179325, 0.46877711306240005, -0.5236721938635429], [-1.0050753110306052, 0.9160636475151441, -1.1567219963025122]], "2": [[0.4279721242924048, -2.5071438416506986], [-0.6517471883051567, 4.484330818081245], [-0.3608594886113131, 0.5555851808956459]], "3": [[2.9410930967572786, -6.444770741837751, 0.9488349990436082]]}