{"0": [[-9.277013138631624, -1.4019887685050232, -8.850838045869898, -9.456922833472758], [7.604809006646677, 1.1467457961447756, 7.300422590511012, 7.786051026168666], [-2.4105341164294085, -0.3772546894756374, -2.294155409369273, -2.460038544521141], [2.7779942981981156, 0.4132923380290497, 2.6357418067871063, 2.828267820101922]], "1": [[1.6443196168057852, -2.347725220550524, 1.3625693832404269, -1.608676714115491], [-5.900697037563764, 8.308370827776786, -4.705061198334555, 5.591869500358784]], "2": [[-1.7445325824885147, 2.5463043655291187], [-10.299982016540513, 9.005280909545366]], "3": [[-15.366988414047832, -4.821266666326114]]}