{"Train": 0.14931111318255794, "Val": 0.1472001935807336, "Test": 0.14840922890525854, "max_epoch": 12, "stop_reason": "Weight gradients converged", "num_hidden_layers": 3, "total_hidden_units": 11, "unit_combination": [4, 5, 2], "learning_rate": 0.5}