{"0": [[0.8383487854905075, 0.34468741029315497, 0.8972264092899023, 0.8685480876523789], [-0.018088892007252184, -0.012130774847251646, -0.029969826408832386, -0.03780020035051572], [-0.11422048840711867, -0.03414609343663911, -0.12217326684193644, -0.1079323704170124], [0.53267488662409, 0.24078220388714974, 0.5741613250338958, 0.5689187211022195]], "1": [[-1.0193745574121376, 0.027468670264307583, 0.12150918851959296, -0.5863088541999267], [-1.2598468908780618, 0.04781306894307324, 0.1604162557174563, -0.7599502687250288], [-0.09719226577072215, 0.00034185297637658355, -0.014068840394629367, 0.001625462089672695], [0.03074781330417485, -0.0011339594997141125, 0.02662650859461402, -0.036419851570656026], [0.5776261490869593, -0.007866657481076544, -0.058781660265919106, 0.3124713546432006]], "2": [[1.427294179967844, 1.7347277772809557, 0.41460574945478634, -0.22880220692323394, -0.981473576691546], [0.7163863598845095, 0.8241624237979005, 0.3504820223395589, -0.21537044027337834, -0.5837048789019106]], "3": [[12.762419613312344, 4.019693696212134]]}