{"Train": 0.14931111317985524, "Val": 0.1472001935780343, "Test": 0.14840922890256014, "max_epoch": 3, "stop_reason": "Weight gradients converged", "num_hidden_layers": 2, "total_hidden_units": 5, "unit_combination": [2, 3], "learning_rate": 0.5}