{"0": [[-6.469076675947799, -0.7113148590535271, -4.1664581983306705, -3.983371713310014], [11.865316879052841, 1.9216258409064604, 8.13192698178616, 7.772723728929851]], "1": [[-2.3106232052062188, 2.7002362132469866], [-0.4540715025567987, 0.3626884734212672], [-3.809291887403307, 4.0257134707679905]], "2": [[-5.293308775686056, -2.9801644506385223, -5.857591608860221]]}