{"0": [[5.768294314587983, 2.7883781935713663, 0.8983979115919737, 0.06890775781737944]], "1": [[-4.683200859166798]], "2": [[4.83493628288542e-40], [4.335848062588296e-43], [2.5613814841860238e-42], [-5.260347242976789]], "3": [[-4.834936282885461e-40, -4.3358480625884226e-43, -2.5613814841867977e-42, -6.661794643690723]]}