{"0": [[-2.5706967248050416, -5.16637061346599, -2.500108970962242, -2.5433303320612604], [-2.0024808346893734, -4.3269665510967, -2.02587722305474, -2.0233942373134224]], "1": [[6.126543934071087, 8.144329353891607]]}