{"Train": 0.16813620837109872, "Val": 0.1700172163930628, "Test": 0.17275711706039526, "max_epoch": 2, "stop_reason": "Weight gradients converged", "num_hidden_layers": 1, "total_hidden_units": 1, "unit_combination": [1], "learning_rate": 0.2}