{"0": [[-2.9753452818076447, -6.251265354512534, -2.890653042351547, -2.911621653061815]], "1": [[6.990482583109103]]}