{"0": [[-1.8710955342986715, -0.09155129459928969, -0.6800565707115103, -0.5143216056507461], [-3.227392502936295, -0.13461799014900705, -1.1569496773399952, -0.8782395478642134], [-2.763985175748777, -0.13468871508758742, -1.0163791720539892, -0.788359417216706], [3.004499961063861, 0.14262576068494914, 1.0735646794181188, 0.8268810621841625]], "1": [[0.03167343832980288, 0.16167138332980924, 0.14075052712494443, -0.12152371013500463], [0.10543185137084635, 0.3696071712594603, 0.32257468282124463, -0.29936089280175393], [-0.12027432162504408, -0.4656837907133729, -0.421697959669153, 0.3615211357221793], [0.07642579150372754, 0.26066420205275326, 0.23027470161988897, -0.2283730014976084], [0.13711384246908084, 0.5076908467839307, 0.438850297070939, -0.42262520150880317]], "2": [[0.7941173360010118, 1.3396792448991737, -1.97435284920713, 1.2155331500312738, 2.338574373683384], [0.047503772696815064, 0.060813349607448206, -0.08172121418121428, 0.07563282998352905, 0.10066680991466137], [0.9072543310264768, 1.5599889323435725, -2.3754900058682975, 1.411823644596209, 2.8498238404984106]], "3": [[-3.3695441031261644, -0.14445769247760762, -3.9689640713835224]]}