{"0": [[1.0836233690232053, 1.5174852251269488, 1.215701736067295, 1.176816992205641]], "1": [[2.9724500713211155], [1.5830805150190825], [-1.5836458093212376]], "2": [[1.3982581654142971, 0.6336742122779787, -0.6300384265791493], [-0.6510912245534015, -0.295940710965427, 0.27275140099934136], [-0.1293924514553336, -0.05080122266207864, 0.07490801106994395], [-3.1176524670375763, -1.3815250275799809, 1.4020408062326548], [1.25351328168215, 0.57570504884993, -0.5698744334449282]], "3": [[-1.6961946323757786, 0.7629116404454099, 0.15799127677802427, 4.538327565892693, -1.5168577322027994]]}