{"Train": 0.11354966693015879, "Val": 0.11344648790228476, "Test": 0.11335233227065103, "max_epoch": 9, "stop_reason": "Weight gradients converged", "num_hidden_layers": 3, "total_hidden_units": 14, "unit_combination": [5, 4, 5], "learning_rate": 0.9}