{"0": [[0.14769856132371187, -0.3275632226874953, 5.290845680673035, 3.555189114839568], [0.0030671459770860994, 0.19627251869694587, -2.3652228637876602, -1.57474256476801], [-0.24391911343788011, 0.17584859254296265, -2.392361816508836, -1.6802039976117111], [-0.19576097657381503, 0.22135005553751566, -2.855141701598197, -1.9760423955901159], [-0.010496632950478242, 0.20581790870393224, -2.5349767916068657, -1.6954138818188609]], "1": [[-4.029123386308045, 3.934610399086157, 3.901924670309214, 4.041525630367305, 3.9778446773050775], [-27.534783007161845, 26.74415276142087, 26.464330462228457, 27.33343262433026, 26.995307789915863], [-16.1776012525866, 15.77595371570066, 15.618247782727238, 16.15932238836789, 15.916399750259759], [30.978060696301327, -30.089451370700253, -29.768342586768252, -30.775307151012484, -30.39965821892777]], "2": [[-0.0004893161655816382, -0.02462602649475192, -0.2289022298733504, -0.0843430590748811], [3.992435975497014, 5.218313646639577, 8.325906869273423, -3.454550077928844], [-4.426462386411438, -5.852265132179118, -9.24289507740355, 3.898431889922491], [0.875299491402712, 0.8734362461019346, 0.8241994849426879, -0.9018668618012963], [0.6126519445007401, 0.7479917600976077, 1.2652079206444822, -0.4885029002720435]], "3": [[-2.580048247796433, 5.5478203878960315, -5.399588298807498, -2.449106384529658, 2.6234490189132043]]}