{"0": [[-0.0920781233015072, -0.03366567210824951, -0.08027885541394025, -0.08959372791821682], [1.1224165157713488, 0.3879261419896073, 1.1758782114568938, 1.0469895778275455]], "1": [[-0.15201595486011812, 1.813672979977901]], "2": [[4.340637326835101]], "3": [[9.247368536004073]]}