{"Train":{"0":0.606699552,"1":0.1135698101,"2":0.1135702062,"3":0.1135704284,"4":0.1135704285},"Val":{"0":0.6043641986,"1":0.1126233414,"2":0.1126237334,"3":0.112623954,"4":0.1126239541},"Test":{"0":0.6040650446,"1":0.114124625,"2":0.1141250945,"3":0.1141252639,"4":0.114125264},"max_epoch":{"0":49.0,"1":11.0,"2":8.0,"3":42.0,"4":3.0},"stop_reason":{"0":"Max epochs reached","1":"Weight gradients converged","2":"Weight gradients converged","3":"Weight gradients converged","4":"Weight gradients converged"},"num_hidden_layers":{"0":1.0,"1":1.0,"2":1.0,"3":1.0,"4":1.0},"total_hidden_units":{"0":1.0,"1":2.0,"2":3.0,"3":4.0,"4":5.0},"unit_combination":{"0":[1],"1":[2],"2":[3],"3":[4],"4":[5]},"learning_rate":{"0":0.2,"1":0.2,"2":0.2,"3":0.2,"4":0.2}}