{"Train": 1.4758658899304988, "Val": 1.476182360778786, "Test": 1.4737142763048172, "max_epoch": 3, "stop_reason": "Weight gradients converged", "num_hidden_layers": 3, "total_hidden_units": 9, "unit_combination": [3, 2, 4], "learning_rate": 0.5}