{"0": [[0.5895955054573859, 0.363141768253562, 0.49612778906633814, 0.4991642336761343], [-0.06486628927627583, -0.02374176743997106, -0.03485243946398954, -0.03947061754494801], [-1.2170408803038772, -0.8674309728941882, -1.1530960125435317, -1.13058296363717]], "1": [[0.7230147568531449, -0.06619052943090055, -1.787502060821129], [-0.7381669200005878, 0.06122149632993537, 1.9424606401090887]], "2": [[1.7486291550288289, -1.799248966497218], [1.4183389825764363, -1.6954537597544717], [-1.9028290916985529, 1.8934842584511056], [-1.9505527832130256, 1.9349196328231004]], "3": [[3.829893234762587, -0.3063009816677264, -4.650913553558918, -3.6117012998352065]]}