{"Train": 0.1681367223175193, "Val": 0.17001773147261237, "Test": 0.17275763842266, "max_epoch": 3, "stop_reason": "Weight gradients converged", "num_hidden_layers": 3, "total_hidden_units": 6, "unit_combination": [1, 3, 2], "learning_rate": 0.9}