{"0": [[-2.0446123303010766, -1.3382074172710912, -2.394698115232687, -2.483795291488714]], "1": [[-5.078830446207649], [1.9542642443412561], [1.4874889593571181]], "2": [[-0.8739284250566983, 0.2892458231462599, 0.20725413968969494], [5.850741659241129, -1.9649402758811758, -1.4881869074612188]], "3": [[0.9309979394477694, -7.1311515044532365]]}