{"Train": 0.14931066860148598, "Val": 0.14719974962384116, "Test": 0.14840878467616553, "max_epoch": 3, "stop_reason": "Weight gradients converged", "num_hidden_layers": 3, "total_hidden_units": 8, "unit_combination": [4, 3, 1], "learning_rate": 0.5}