{"0": [[-1.126928662270773, -0.05497065674876737, -0.5701364501678877, -0.6234531083885163], [-0.6057331534404623, -0.0245513826549362, -0.25881415068381747, -0.3183648044847676], [-0.16815056498288977, 0.0029065248727040056, -0.07117703883831358, -0.08211317286177043], [1.068555431371315, 0.06028407573617428, 0.49841551483867813, 0.5697400143845985]], "1": [[-1.1812607415874896, -0.553910467757438, -0.15216805941492673, 1.0426621969482743], [0.1566963715877035, 0.05918604128855977, 0.010564960902002759, -0.14917852660084469], [-0.9586122994307774, -0.4740656751261949, -0.12044351891012571, 0.8807993852750644]], "2": [[1.7140186950469982, -0.22348686613682153, 1.4035097886830767]], "3": [[-7.193893037530324]]}