{"0": [[1.192632290549092, 0.18771802080919286, 1.4932699083394334, 1.4153874986725206]], "1": [[-2.4440762667878473]], "2": [[-9.128333651005455], [2.8097340829562176]], "3": [[4.095151610609074, -3.1195060526355682]]}