{"Train": 0.11354966699058389, "Val": 0.11344648796286651, "Test": 0.11335233233117102, "max_epoch": 3, "stop_reason": "Weight gradients converged", "num_hidden_layers": 3, "total_hidden_units": 14, "unit_combination": [4, 5, 5], "learning_rate": 0.2}