{"0": [[-0.006244748484553727, -0.001136256369427512, 0.030995435131716507, 0.039803150761411964], [-0.19001533002609636, -0.09381053250710224, 3.4112030202771884, 3.89738296023953], [1.31495183913548, 0.3693218884278411, -4.795447324896039, -5.360475755487895], [-0.20159995394327154, -0.06597342074823055, 2.8275320531843957, 3.2327761939282107]], "1": [[0.0038862927967246944, 0.5499877295230178, -1.0470807006006075, 0.4262238219305115], [-0.009712189961012377, -0.6771320132989644, 1.3166164107543634, -0.5282620549998115], [-0.026825734096809363, -0.06826084299438594, -0.8241713618222036, -0.37961722686168714], [0.0015854333653957562, 0.5290900754141403, -0.9322390758876028, 0.40163259476468766], [-0.01849124590017319, -2.9624809073729943, 4.489332689884325, -2.4233837061151386]], "2": [[0.9637529984526332, -1.1469114727300715, -2.255082232801822, 0.7800857108067367, -0.9467493542384239], [1.0221835472800198, -1.2260161523917592, -2.640903562441337, 0.8168972332259427, -1.0292306984502277], [0.6697624301076709, -0.8569256033715827, -1.665148714201836, 0.5475054172410538, -0.5846723104355497], [0.7161371760558798, -0.9009146076229053, -1.2372191487045392, 0.5908099729072765, -0.7406419426846905], [0.22415418269658366, -0.30992659681357126, -3.510718095086065, 0.1820283765896675, 0.6051804168694102]], "3": [[-1.57794220613152, -1.4641182084897642, -2.1154965117812687, -2.0854863881723738, 10.268797155560703]]}