{"0": [[-1.2073248622924677, -1.2996931635212738, -1.0596241062550402, -1.113435520993498], [0.008201009811876363, 0.02357178155405881, 0.0014611916275285434, 0.019911265510206586], [-0.07640906368704978, -0.1167026208390371, -0.06321832423687751, -0.05347680632291486], [-0.09553893885732422, -0.11645940653699141, -0.0922208131789857, -0.07532596423710634]], "1": [[-1.4167533822370475, 0.024415452057224785, -0.09375569607858537, -0.08598611520847439], [2.095600840523387, -0.03752328559511866, 0.18516343651084674, 0.20610033670961686], [-1.622333608394527, 0.07986946406460635, -0.36200272376173115, -0.3982912745335817]], "2": [[-1.8366427802753702, 1.9603032346374796, 0.42455146887378914], [1.7446547903032559, -1.8565123305501998, -0.4206243620364335], [-21.56566396610833, 22.391357707834423, 3.0695595059064193], [-2.2029262652346304, 2.533456469028911, -0.35733414286254817]], "3": [[0.29118755072666946, -0.364439288674987, 10.704194500319176, 17.743122474249233]]}