{"0": [[-0.7606450291226688, -2.636186305594901, -0.5721906990126754, -0.6267901698523188]], "1": [[7.462844095691157], [6.458897460756758], [5.329319226690117], [7.638316522701285]], "2": [[18.332286356153546, 22.603836140321285, 46.363701585885906, 18.990220629699586]]}