{"0": [[-0.7519844144115618, -0.6653514945496074, -0.8218343783279474, -0.8056502586164267], [-0.3019120981954266, -0.2769044131694468, -0.3431997032833353, -0.3380614722910726], [1.1381371795579316, 0.9944310430455143, 1.227606047371779, 1.2054840563987756]], "1": [[1.4462041103131529, 0.5934314787230716, -2.314104619427928], [-0.23643655928687649, -0.0762833409012012, 0.41740742601085395], [-0.6269667410824435, -0.2567794773244284, 1.0191753386008586]], "2": [[2.826949403802493, -0.5173089168872018, -1.1942424409749033], [-0.722837295499478, 0.5055122683973617, 1.1210886824715263]], "3": [[11.751212799554597, -1.9821482047031207]]}