{"0": [[-1.1236635681106928, -2.0066002881699383, -1.4630278942351578, -1.4600591264606326], [-1.4971988732635022, -2.887016755371626, -1.79562812742153, -1.820019192890297], [-0.5316804267778192, 0.06365235272958306, -0.7617497867618628, -0.7031946019840343], [-1.0088926689453779, -1.9796745909906983, -1.185604662597461, -1.2075033367079018], [1.2500271039090372, 2.318430983208667, 1.581283033161742, 1.5373486547198232]], "1": [[-10.17978988709448, -8.92582708394925, 11.143921719876959, -5.302571919845025, 9.385350606375324]], "2": [[-3.3259468387785587e-26], [2.5999313971305152e-27], [-4.467115394710316]], "3": [[-3.325946838778026e-26, 2.5999313971306497e-27, 6.765839900207215]]}