{"Train": 0.1681368097554783, "Val": 0.17001781910716976, "Test": 0.17275772671837872, "max_epoch": 3, "stop_reason": "Weight gradients converged", "num_hidden_layers": 3, "total_hidden_units": 8, "unit_combination": [4, 3, 1], "learning_rate": 0.9}