{"0": [[0.3382853521945059, 0.4233690328021768, 0.38836142974764415, 0.3947571027527773], [-0.5763771108053974, -0.6905008873257273, -0.6757645474125762, -0.6822201340393486], [-0.2933570005843621, -0.3625563247838325, -0.3530463365513692, -0.34454880665235704], [0.25912689254068577, 0.318072556428342, 0.3248244124984144, 0.30657013801319005]], "1": [[-0.2529345641750955, 0.4634541296326569, 0.21506228398960336, -0.19193469990868212], [0.7022623417423404, -1.3272489850192608, -0.5963436986637909, 0.533949989213948], [-0.3399962024639586, 0.6511806394421721, 0.3154750103860896, -0.2714016881806438]], "2": [[0.5889117785020795, -2.0445628583084234, 0.8331576137834412]], "3": [[16.469840435970255]]}