{"0": [[-1.5082884874399825, -1.2355635944503855, -1.5070727658321488, -1.5249760524366585]], "1": [[2.4208264605422856], [0.2952330225149703], [-1.2921470475299475], [-1.8131673898187852], [-0.299171708122397]], "2": [[-2.4705207481413005, -0.2954532983668536, 1.2992602236244504, 1.831948407517906, 0.29983896773632956]], "3": [[-15.842492151282446]]}