{"0": [[0.9070498005604938, 0.1628047843672188, 0.7293164434360668, 1.104609399494116], [0.17641859124533202, 0.03995300080917034, 0.10672642416374509, 0.13934013668637799], [1.0651929583939006, 0.21658167575920825, 0.9645399332772648, 1.4407865072322759], [0.09675423725153875, 0.015398323339388498, 0.05225734372239616, 0.055911031759136344], [0.5358955048205741, 0.0882054359747612, 0.3263119421496281, 0.4907539478299282]], "1": [[-1.278618018024116, -0.131568380504943, -1.7769544001897635, -0.03718099836989478, -0.4949047464140519]], "2": [[-6.270726584668868], [8.93289420898018], [0.27852443366292107], [-2.319088557670286]], "3": [[0.6249149659421542, 5.0202612455697935, 0.27754905357894327, -2.9117958040699405]]}