{"0": [[0.2595436757836239, -0.4152706732639614, -1.2127333012516601, -1.2555961535307478], [-0.2507827797132688, 0.4216668245636818, 1.2600847457229931, 1.3554313127957929], [0.06204910355754577, 0.2612747588651464, 1.1316030750242667, 1.324434430028905]], "1": [[2.600303496295006, -2.595356972661484, -2.235478221254099]], "2": [[-5.308608816356288], [-5.3561034043908914e-33]], "3": [[-6.858026255205929, -2.750164384111187e-33]]}