{"0": [[-1.5971757602931114, -0.9704517946627589, -1.6210993000884175, -1.6095731941797236], [-1.5631802774250592, -0.9392597437669349, -1.5453030412905935, -1.5358217173111606]], "1": [[-2.1207320346092566, -2.013733033794831], [2.7736403624600756, 2.640563274846539]], "2": [[0.5272043702120741, -0.7757652716791954], [-3.094706047594342, 4.370986569328404]], "3": [[-0.8459770835586218, 6.045826962316599]]}