{"0": [[-9.568701738184986, -0.6498225099426052, -2.7886983716718237, -3.176649455145], [3.48694148851199, 0.3738473627875711, 1.0826419976097736, 0.9517583431109443], [6.6174842980288, 0.5080848179222692, 1.9214463119189205, 2.3219881778537554], [-6.874756635233465, -0.8428754418567169, -0.5851494625117954, -0.20409051773602566]], "1": [[-3.6496244039038674, 2.824885058250027, 2.366194105939822, -4.708059845554085]], "2": [[5.077183561097795e-40], [-2.66562366229107e-46], [5.518454784452056], [-1.319491536477773e-40], [3.8440967888245434e-48]], "3": [[5.077177681202286e-40, 2.665848377562759e-46, -6.919116399630454, -1.3195053771294854e-40, -2.828363707435698e-48]]}