{"0": [[0.20200636529822716, 0.2808092726545262, 0.23820364273657404, 0.21205384443771083], [-0.9848378376038263, -1.1172628481135352, -1.028558721968535, -1.003356129984685], [0.0488846686039855, 0.04265229717610237, 0.04609589099852083, 0.04312653242740137], [0.11283933136765828, 0.13664022716404944, 0.11531376915979984, 0.12517466466470611], [-0.5930346087505988, -0.6770875788685641, -0.6016390323567209, -0.5892784279087567]], "1": [[0.14166055500747593, -0.678836833329889, 0.02334727656083955, 0.06733962382531196, -0.3564442920470784], [0.23888068076578844, -1.058546152524654, 0.04638966353525649, 0.1348658804775797, -0.6033828885649745], [-0.09692841284642639, 0.4993662726441217, -0.0061044099691537415, -0.060440466070760035, 0.26434410469058917], [0.1735518646048224, -0.8199606683498608, 0.03537399819542836, 0.10183283570615462, -0.4601145460897051], [0.32026191223635386, -1.444285393922407, 0.06444082287054412, 0.15485498085844485, -0.8420572277139315]], "2": [[0.9468840707196503, 1.3603454708623632, -0.7571798295679889, 1.1049517622778127, 1.7956279522353902], [-1.402830727265147, -1.574247096170417, 1.2679441666132893, -1.486104014387293, -1.6096639193498183]], "3": [[-35.62571117524955, 20.554538622402056]]}