{"Train": 0.16813680427838323, "Val": 0.1700178136179602, "Test": 0.17275772118712787, "max_epoch": 3, "stop_reason": "Weight gradients converged", "num_hidden_layers": 3, "total_hidden_units": 10, "unit_combination": [1, 4, 5], "learning_rate": 0.9}