{"0": [[-1.5275757774058256, -2.214765359065713, -1.775507984276309, -1.7531445726079262]], "1": [[1.956590609894955], [2.677680421446509], [0.0045038221227646155], [-2.8155136180980653]], "2": [[-1.0184922642711154, -1.4036164648069462, -0.005434518159184743, 1.5047423379564828], [-1.1164233230727367, -1.5499459228482069, 0.00046230392984970386, 1.6226472619522463], [-1.0443731227621316, -1.4302894600935983, -0.003590915956906021, 1.4990182173110067], [-0.5793568814319319, -0.8185063085172744, -0.004860231832040574, 0.8609815048917968], [-0.4389342830494627, -0.5961030959456658, 0.010876434128913622, 0.6203498293768013]], "3": [[-2.3038156555997737, -2.5158815283292943, -2.329028903850001, -1.320964005745254, -0.9658130780235692]]}