{"0": [[-1.4136919649690416, -2.2540937899119817, -1.6896416605515014, -1.7012998199967286]], "1": [[2.9344413836004697], [-3.0523087618673714]], "2": [[-0.5954484237545378, 0.6007541737549799], [-2.245844207953354, 2.3426622709804197], [-1.5250300848145222, 1.5981585788550372], [1.1221752129394378, -1.1676464336285806]], "3": [[-0.8269934125670475, -3.229995840538715, -2.1771694856226316, 1.5875629602394261]]}