{"Train": 0.16813680835279354, "Val": 0.1700178177026929, "Test": 0.17275772529999084, "max_epoch": 3, "stop_reason": "Weight gradients converged", "num_hidden_layers": 3, "total_hidden_units": 6, "unit_combination": [1, 4, 1], "learning_rate": 0.5}