{"0": [[0.6092923462836694, 0.08237078902351323, 1.3647447147713734, 1.5392135557929698]], "1": [[-2.2850707840423197], [-2.5776096811955725e-05], [0.0011887690756935867], [-0.016602649046183204]], "2": [[2.2697989393246503, 0.00012504013946500135, -0.001447069268967467, 0.017190116784198777]], "3": [[10.258078363252649]]}