{"Train": 0.11354966699059665, "Val": 0.11344648796287926, "Test": 0.11335233233118341, "max_epoch": 3, "stop_reason": "Weight gradients converged", "num_hidden_layers": 3, "total_hidden_units": 9, "unit_combination": [5, 1, 3], "learning_rate": 0.9}