{"0": [[-0.10408141254422856, -0.11732445824745466, -0.12082627868750538, -0.10353783510491182], [-0.042894055905877394, -0.053522872540884524, -0.051804624078816267, -0.020440887591143157], [-0.2743020594412101, -0.34322665752746745, -0.3228276505207883, -0.2929562234206873], [0.5744084755753017, 0.7169908311569071, 0.7248426814790966, 0.6541727663127861], [0.33733088958152074, 0.4288719006304163, 0.4283664460202601, 0.38071702090050236]], "1": [[0.22101886167235077, 0.08403401712533456, 0.6281743373915619, -1.5534835003861367, -0.8199387299636688]], "2": [[1.8184643218751098], [0.0038352555142295132], [-3.787198752158272]], "3": [[0.5076946307055418, -5.150815504058953, -15.77900660434087]]}