{"0": [[12.083106603707101, 3.461137822766389, 13.323445325109814, 12.637687570133568]], "1": [[5.8947497462478164], [9.312522865570369]], "2": [[7.0407362407434055, 5.85780093137302]]}