{"0": [[-0.003646470530712431, -0.002947756363774312, -0.27860127951959424, -0.20783291538234802], [-0.8863243432533269, -0.6539838326626085, -0.607130420853252, -0.7730166624248642], [0.4802049033639195, 0.2176530041189924, -0.05389849715188699, 0.08495400175516665]], "1": [[1.6321413253968702, -4.421245168976053, 3.6487124888642786], [0.34909660139441034, -0.9196564819643663, 0.7234199761881699], [1.7108990878839396, -4.598947743431682, 3.7623397381095542], [0.4617392326040237, -2.320887565483556, 1.3600542115009464], [-1.794837344972604, 4.902127187147902, -4.009379044931997]], "2": [[-1.0933667720442197, -0.5040155984944722, -1.1126974244373689, 3.4520434689968815, 1.1287334758495544], [2.4694055754112134, -1.103221620504868, 2.324034046089826, -10.064626475854956, -3.4817532226179355], [-2.4013727395153768, -1.0616768359999973, -2.449723615810168, 7.1627219137023195, 2.505240999111881], [2.5317149410151796, -1.1256245777877782, 2.3591831484921006, -10.217447303538162, -3.531977385722535], [0.3906733504220806, -0.14828166532676618, 0.35184108465801894, -1.5496583923456286, -0.5459053484310541]], "3": [[-21.542102882942853, -20.625124489114203, -34.353840583464404, -20.333922104108147, -1.8898439047468494]]}