{"Train": 0.14931110992549187, "Val": 0.14720019032782158, "Test": 0.14840922565356315, "max_epoch": 3, "stop_reason": "Weight gradients converged", "num_hidden_layers": 3, "total_hidden_units": 5, "unit_combination": [1, 3, 1], "learning_rate": 0.5}