{"0": [[2.1957544734752714, 0.27304558526970424, 1.755255645850937, 1.7194818546467354]], "1": [[-0.21364206568018507], [-0.48800576952519226], [-5.972903618314912]], "2": [[-0.20344514114264106, -0.41765545307443236, -4.483239094870648]], "3": [[-9.611828373969749]]}