{"Train": 0.16813673304778953, "Val": 0.1700177422262009, "Test": 0.17275764925996553, "max_epoch": 3, "stop_reason": "Weight gradients converged", "num_hidden_layers": 3, "total_hidden_units": 5, "unit_combination": [1, 1, 3], "learning_rate": 0.9}