{"0": [[-1.4195853681158024, -1.8999766538359948, -1.7330176238778325, -1.724764593563705]], "1": [[4.7758897527578625]], "2": [[-0.040829961408666814], [1.559161791973457], [5.72056153981753]], "3": [[-0.040294880444124236, 1.5570223250671031, 6.581197108145733]]}