{"0": [[4.05568947131576, 0.9284511030007733, 0.8921294754703902, 0.7733346757746382], [0.05805549420627566, -0.07900247316250869, -1.7158487158126665, -1.3878919971852206]], "1": [[-2.5102572578218143, 0.12203902313478959], [2.449113192314179, -0.07788535538365869]], "2": [[0.6285049039625289, -3.116189178955106], [1.148752913177112, -1.1413349049737591]], "3": [[7.4885550062344395, 0.3550095624744768]]}