{"Train": 0.14931087765109857, "Val": 0.1471999583651104, "Test": 0.1484089937490655, "max_epoch": 12, "stop_reason": "Weight gradients converged", "num_hidden_layers": 3, "total_hidden_units": 9, "unit_combination": [3, 4, 2], "learning_rate": 0.2}