{"0": [[1.5508936041592007, 1.22095995865736, 1.399115569012283, 1.3296061819870284], [-1.6597124455475902, -1.336974598088548, -1.469249690139721, -1.409144515250142], [-1.0377172910418082, -0.3698860768581462, -1.396449409048016, -1.2713308967526398]], "1": [[-2.488644962675659, 2.7225800775005893, 2.681732575156739], [-3.2259214746589695, 3.5197987847511767, 3.691306819543351], [1.0832531497489757, -1.2110929042435437, 0.9246683542662356], [2.0032237900803733, -2.167358499035803, -2.0569198629881607]], "2": [[0.2612260749448724, 0.23661530122593658, -0.9302997331089229, -0.23662458888791432], [-4.488799786584313, -4.1362980817444, 26.73439519795358, 4.1832848811325425]], "3": [[1.1599763663229095, -6.411015503237527]]}