{"0": [[4.717513968385673, 0.523740284563688, 2.563931982012946, 2.4975139034578717], [6.366215199287524, 0.7009074365331233, 3.458867363130072, 3.3840449605931116], [-26.571735402505777, -2.9837486017890145, -14.435949062758313, -14.102026065456698], [-31.57141646936887, -3.5338350191082646, -17.142663425149777, -16.74980649915494], [-51.375675782329765, -5.7237994887881545, -27.95402883356238, -27.256086150796737]], "1": [[-4.1009071864906455, -4.250271247785373, 5.710961726205851, 11.361087360662498, -5.1421711450259755]], "2": [[0.8434183763649444], [-2.6632800479971888], [2.7548772719988692], [-5.622316413054284], [3.552702498314669]], "3": [[0.9174359547633057, -6.576443825201386, 6.8226124355883515, 2.948940138313228, 8.150916213533344]]}