{"Train": 0.11354964956029891, "Val": 0.11344647049204407, "Test": 0.11335231487049872, "max_epoch": 18, "stop_reason": "Weight gradients converged", "num_hidden_layers": 3, "total_hidden_units": 8, "unit_combination": [2, 3, 3], "learning_rate": 0.2}