{"0": [[-0.2314428132344951, -0.39593416601149944, 2.342705654493391, 1.6231144966898536], [0.9936873219337706, 0.8053773608540254, 1.7957834034096027, 1.7173186286349928]], "1": [[-0.2987718278219636, 3.069420819795796], [-2.1978121919986764, -0.8926529919291631], [2.2852461880801127, 0.9442949091038291]], "2": [[0.8121253169299475, -0.6656750307752922, 0.6500653080648695], [-0.6649303542484034, 0.39670349391291615, -0.3933991654663819], [-0.4083313064096903, -2.4410548514020514, 2.3681223208743503]], "3": [[-1.1568434991076633, 1.0621065558118465, -6.646464824154635]]}