{"0": [[-0.09296665178402648, 0.43291977710347834, 1.2267148718774141, 1.2056557651682702], [0.07564659860518029, 0.44423554702185025, 0.6787422651947466, 0.6871897662777733], [-0.16004531768721691, -0.5052338137617607, -0.6064028721707339, -0.592007149583623], [0.42376473433233103, -0.15132292320806798, -0.9984537778830298, -1.0068949353973613]], "1": [[2.1446106709664723, 2.1134460762616807, -2.0944374145934375, -2.076090565339541], [3.9921780817072428, 3.831302838165329, -3.8297879922499436, -3.7810123885942915], [3.905362263015399, 3.7618104117496762, -3.7527835198068162, -3.691166335898305], [-2.7462583632667923, -2.6726011196394763, 2.652066326795118, 2.62678331629238], [3.553990763920643, 3.031095662033164, -2.6076190284650984, -4.161112761832864]], "2": [[-0.5935659943603515, -1.1245513716578566, -1.1424094440502721, 0.7780732224201751, -1.8883318266635116], [0.8657226864407295, 1.6704560634372405, 1.635396177301238, -1.1240376251298285, 2.702825782459733], [0.8510742300971503, 1.617378173906042, 1.5910440054607875, -1.0899892798394344, 2.6207081132598944], [0.26940193610148216, 0.22266365806364274, 0.22101876406039284, -0.25599258631842997, 0.24343091704043993]], "3": [[2.7132590077971797, -3.2413363874073076, -3.183185523814866, 1.7545407891000977]]}