{"0": [[0.34888156766814343, 0.14992456232439955, 0.29723662540899165, 0.32614926373943465], [1.2817732752250568, 0.6886461785525991, 1.1587966847461435, 1.2759480105275158], [1.7173135388124354, 1.1528098526442858, 1.896219411088292, 2.045348403431479], [0.2714855708139936, 0.11282702559352947, 0.2227178592859373, 0.25131414370646565], [-1.4440932962433273, -0.8123905024467274, -1.3712543471927159, -1.5029180248050957]], "1": [[0.2431447483228656, 0.6544437020460487, 0.8556551293744771, 0.1753068157811037, -0.6971420544184175], [0.28335939796134996, 1.1038616212965302, 2.229588151490787, 0.20151403860495687, -1.351131441999787], [-0.21975751588241252, -0.8581933874180506, -1.63387827944117, -0.1831015186859839, 1.053417320995195], [0.1686337012914672, 0.5781595428280281, 0.9446937608922316, 0.12022201936339921, -0.6580976291741405]], "2": [[-1.8986612978006638, -2.6228340600745152, 2.658162001249764, -2.4955805721885067], [1.8662432967426383, 2.5670251494382215, -2.603422671348122, 2.443766691851755], [-1.022928978664591, -1.4590096513866078, 1.4357531791000482, -1.3435556946309535], [0.49648855250744856, 3.1928531538656792, -2.1628678199112747, 1.0290312431511768]], "3": [[-7.887145926325337, 6.15939901563167, -2.772943690762692, 7.975368157989085]]}