{"Train": 0.11354966683122918, "Val": 0.11344648780309874, "Test": 0.11335233217156662, "max_epoch": 10, "stop_reason": "Weight gradients converged", "num_hidden_layers": 3, "total_hidden_units": 7, "unit_combination": [4, 2, 1], "learning_rate": 0.5}