{"0": [[16.673063849789596, 0.7376625418318649, 9.428419449734019, 10.92188499882518], [0.8330366221880481, 0.04110491475859916, 0.3099133768391211, 0.4723868582766334], [-1.5435681949352718, -0.03970778355477459, -0.4586733280865658, -0.8163812109188127], [2.304240277659484, 0.07580026974275814, 0.8864152182832602, 1.297056011727679]], "1": [[3.471748775355688, 1.0682493844017138, -1.211753272617996, 1.3694895101947218], [2.463771769824265, 0.7928460956191378, -0.8278302160216471, 0.8998268061715596]], "2": [[5.066456432840924, 4.844281937273569]], "3": [[-11.064963042491577]]}