{"0": [[-0.35147782504485753, -0.09327400250947455, -0.369569744204706, -0.37579029152059057], [1.103251614339455, 0.3725025268917565, 1.2520051516455903, 1.2514351116071103], [-0.12152031564472905, -0.05330452880948934, -0.13331450588873267, -0.14283549078483818]], "1": [[-0.38747525052592624, 1.3768359260820267, -0.14187195861593593], [-0.2803792011285807, 1.0291027496235254, -0.09273234801243803], [-0.40573410711660507, 1.4470138263055907, -0.15644028207038413], [0.0073861864778397394, -0.02604495620910568, 0.011111051820558302], [-0.13458107036226735, 0.480806584364964, -0.05566092698396357]], "2": [[1.4458620848347197, 1.0726628981148678, 1.5212134680613896, -0.02817986803371555, 0.502557702080651]], "3": [[-13.764668433607701]]}