{"Train": 0.16813680975547457, "Val": 0.1700178191071658, "Test": 0.17275772671837422, "max_epoch": 3, "stop_reason": "Weight gradients converged", "num_hidden_layers": 3, "total_hidden_units": 12, "unit_combination": [5, 2, 5], "learning_rate": 0.5}