{"0": [[0.3187792817708222, 0.4603402569208021, 0.3021811372726148, 0.30251241656262445], [-0.00517248762011951, -0.014120276855942852, -0.006490579864115617, -0.0013847737298162443], [-0.6891108546713786, -0.8725209511488174, -0.6442732558099773, -0.6312019236159901], [-0.5067428852613068, -0.6413916459648231, -0.48321362837791804, -0.4456302785498154], [0.26393893011327707, 0.36918665744066226, 0.2275863164401988, 0.19450003006097985]], "1": [[0.32583407793471736, -0.01368046433038751, -0.7641225792910767, -0.5183003026720434, 0.2606920273211724], [0.5721864457391943, -0.008959951102195975, -1.100776373824837, -0.8126152422757501, 0.4414428742514778]], "2": [[-1.0231560080681281, -1.0453179570511733], [-2.2068724911586446, -2.3907396434702672], [-4.006876206885065, -4.10642929697693], [-0.6396590640775223, -0.5348345906399493], [2.4616064070654153, 2.601786162545332]], "3": [[-1.4597280632857403, 26.841853280565505, -6.588072523882745, 9.659863909926026, 10.023452234515256]]}