{"Train": 1.475865890127931, "Val": 1.4761823609761267, "Test": 1.473714276501849, "max_epoch": 3, "stop_reason": "Weight gradients converged", "num_hidden_layers": 3, "total_hidden_units": 8, "unit_combination": [4, 1, 3], "learning_rate": 0.9}