{"0": [[0.15400541225452619, 0.052589941343179555, 0.15238133657125363, 0.15096217254466343], [1.5256581475228934, 0.8318208785112478, 1.742431018701494, 1.7426489483772376], [0.2841420035292868, 0.14026863987196633, 0.31572614923081, 0.31440516625720255], [1.070965904704684, 0.5798853319484282, 1.22593875297876, 1.1968104326749904]], "1": [[0.25707129816359026, 3.32845675624786, 0.5468133431865264, 2.197722155643273]], "2": [[-3.936452189583554], [7.4277234227013675], [3.8460206295170862]], "3": [[-14.837126616858473, 13.307132977505672, 3.080270953190431]]}