{"0": [[-0.2559239000134129, 0.6357441234067218, 0.27561701880727785, 0.28878700193613566], [0.06031454962578937, 0.45838961101054765, 0.2138390359362731, 0.301614403359335], [0.6483349419118576, -3.2502583132440273, -1.8746874037191246, -1.7577557037914266], [-0.0256364352719802, -2.310660397764913, -2.191867827454893, -2.3779293530806833], [1.1866796791838763, 0.5218394398238194, -0.9788636791359209, 1.7933875486608726]], "1": [[-0.03866125816473849, -0.1695687803040136, 0.6538125250633573, 1.15440792185253, -0.9876684674687579], [0.10452510567218917, 0.2295372986545756, -1.2344904640049745, -1.9732175627944408, 1.1741747987641804]], "2": [[-3.2818257268292377, 3.4594734598328194], [1.1575657280541543, -1.16062787494285], [-1.1871270262415212, 1.0101164510772316], [-1.158833066332815, 1.2679579850361735], [1.0824479146848383, -1.211285964074768]], "3": [[-0.03490189695931862, -2.3618738295950084, 1.6048904667951578, 3.21216739390145, -2.7839554466067415]]}