{"0": [[6.238937861238646, 1.3849840482154978, 6.3197298072244905, 6.307350831815373], [5.022812497927695, 0.08647507546124937, 1.9837538538330457, 3.0307504044139106]], "1": [[-13.486688690788876, 24.254163106330893]], "2": [[-1.092714010135834], [-0.08905047650098323], [-5.168865947570362]], "3": [[-1.4639962465341136, -0.08917598900150799, 18.503636522199947]]}