{"0": [[-0.3420656812854077, -0.04088293109433253, -0.2680077993458338, -0.27631952373458146], [-1.129242349653011, -0.16768966777526986, -0.9896968307064609, -1.0099567618071], [-0.9677979271382335, -0.15218360706028622, -0.8491000573132, -0.8364937399474729], [0.24863712417520376, 0.008556125303208088, 0.1996670854179988, 0.21087601885766313]], "1": [[-0.5217309387145997, -2.173861973262537, -1.7284673360876108, 0.38391059923589094]], "2": [[2.721730629699519], [2.245011364182062]], "3": [[-6.514304794571685, -5.967169804926873]]}