{"0": [[-0.616905733586911, -1.0346858322238655, -0.5237360475057277, -0.5543891032961082], [-1.0687731280626416, -1.8122696878646947, -0.9274065191632966, -0.9746045610399715], [-1.2396350290334266, -2.118546777059706, -1.0920974298277457, -1.1615123027528815]], "1": [[-0.9082867671645495, -1.8073732459823664, -2.6295664628298], [-0.26086286755193444, -0.537116370135711, -0.7768948927809188], [0.5979898675307952, 1.1997905538065687, 1.7514203499575467], [0.701716267471486, 1.4003985305040385, 2.0744865922738867], [0.6352088985028008, 1.2635936946253445, 1.8459053722812215]], "2": [[-3.8060011089285304, -0.9809503026509363, 2.3114790588470737, 2.7697483496355852, 2.475048542689561]]}