{"Train": 0.28824560405975896, "Val": 0.28729936916890003, "Test": 0.2875392409631488, "max_epoch": 2, "stop_reason": "Weight gradients converged", "num_hidden_layers": 3, "total_hidden_units": 6, "unit_combination": [1, 1, 4], "learning_rate": 0.2}