{"0": [[0.0044066206280347145, -0.013603661501899506, 0.006781876508496648, -0.008995404421052833]], "1": [[0.0007614545431186283]], "2": [[0.012032105227515247], [0.012802377451728854], [0.0035541155994636506], [0.029763310082460415]], "3": [[0.015087205081866145, -0.006500270079658045, 0.00205955226013906, -0.0018651058167574596]]}