{"Train": 1.4629415412794864, "Val": 1.461152250524311, "Test": 1.4617261497422884, "max_epoch": 6, "stop_reason": "Weight gradients converged", "num_hidden_layers": 2, "total_hidden_units": 8, "unit_combination": [5, 3], "learning_rate": 0.9}