{"0": [[0.019655808258020407, 0.479653286802843, -0.005038305196884122, 0.0991985313462545], [0.21839543480430507, 0.9100645892739109, 0.07385270628144788, 0.12969663889448121], [0.7997799122518805, 1.8364890589313108, 0.4319763089322298, 0.13123525786512794], [0.18028877157107145, 0.8832556136568056, 0.02753129721260979, 0.06432551551857509], [-0.5406422364014067, -1.4038807814158547, -0.3336096296940695, -0.30863316996370255]], "1": [[-0.598732013116047, -1.1281349184499212, -2.1524288762981847, -1.1713697920750754, 1.497790054617862], [0.09898829905556637, 0.3124136935211771, 0.9438353634656615, 0.2425437066945434, -0.7911790427685647], [-1.3680264270619735, -2.1569579801182654, -2.7027126880551657, -2.1041296019951576, 2.6067383637312926]], "2": [[30.38583074646981, 27.994701377789667, -26.531782118729737]]}