{"Train": 1.475865888863998, "Val": 1.4761823597127914, "Test": 1.4737142752405037, "max_epoch": 3, "stop_reason": "Weight gradients converged", "num_hidden_layers": 3, "total_hidden_units": 9, "unit_combination": [3, 1, 5], "learning_rate": 0.9}