{"0": [[-3.1784801150313116, 0.5449279550718873, -3.633453839880919, -3.8121991270760116], [-0.17247300697936183, 0.023821423628861745, -0.1924108273042331, -0.2117606377253382], [-2.3902889590274192, 0.3846638648195069, -2.7597529373826584, -2.8867120266622637]], "1": [[5.172779661617903, 0.24564974375349075, 3.699040701702219]], "2": [[28.623958472439814], [-0.08442663197589521], [-6.505806949475356], [0.8092034036819786], [-2.0091545909958173]], "3": [[-1.256688101138012, 0.08452899873332882, 7.084866102548552, -0.810256306201971, 2.02331038171758]]}