{"Train": 1.4245372536792522, "Val": 1.423350370535765, "Test": 1.424830723650711, "max_epoch": 21, "stop_reason": "Weight gradients converged", "num_hidden_layers": 2, "total_hidden_units": 6, "unit_combination": [2, 4], "learning_rate": 0.2}