{"0": [[0.2914325345897265, -0.9247639730096169, 2.907229043700463, 2.668264261935581], [-2.430974820849417, -1.549243706104272, -0.8105501558901929, -0.6985401795310971]], "1": [[-2.1467897362229333, 2.3722797954990003], [-1.6341321652736138, 1.998666753225621], [-1.5236609470236675, 1.90050212219568], [1.3027091286847952, -1.8997336107294693]], "2": [[1.4112866342260795, -5.4185445308146925, -4.321382218657421, 4.294763883977598]]}