{"Train": 0.1681368034707743, "Val": 0.17001781281456954, "Test": 0.17275772035829373, "max_epoch": 3, "stop_reason": "Weight gradients converged", "num_hidden_layers": 3, "total_hidden_units": 7, "unit_combination": [2, 2, 3], "learning_rate": 0.9}