{"0": [[0.8273568112853265, 1.0905274972158585, 0.9362243460175163, 0.9513924325604568], [-0.14761895771438216, -0.17499554509477674, -0.15616596572971317, -0.15566318175233926]], "1": [[-1.3798010965302372, 0.20944291161083112], [-1.568658275023382, 0.23529675507258102]], "2": [[-0.005499076471496118, 0.006807769428941225], [1.503381694509662, 1.7177914512055106], [0.02945691114667107, -0.035857065445605754]], "3": [[-0.0007457748008422708, 9.332728082052995, 0.004335524592648247]]}