{"0": [[-13.64452569144478, -2.166300296923289, -12.419061278852928, -12.475549614497098], [-1.9822401466845756, -3.7805103800092175, -1.6266526892169129, -1.5936570014263804], [2.2807191350103357, 3.8702642991330145, 2.4309848871678383, 2.376506845338058]], "1": [[-4.733346254321666, 10.349884154448464, -17.483283561032735]]}