{"Train": 0.149311113182329, "Val": 0.14720019358050496, "Test": 0.14840922890503003, "max_epoch": 3, "stop_reason": "Weight gradients converged", "num_hidden_layers": 3, "total_hidden_units": 4, "unit_combination": [2, 1, 1], "learning_rate": 0.5}