{"0": [[2.023925346981142, -0.008275662150519891, 7.4531918253591085, 7.125551082967093], [-3.499076214130225, 0.03698650224699393, -13.078625391250293, -12.377481543131978]], "1": [[-5.5455025422251465, 44.620830418405376]], "2": [[23.69342787048857]], "3": [[14.38420244602674]]}