{"Train": 1.4758658901256745, "Val": 1.4761823609738711, "Test": 1.4737142764995967, "max_epoch": 4, "stop_reason": "Weight gradients converged", "num_hidden_layers": 3, "total_hidden_units": 7, "unit_combination": [4, 2, 1], "learning_rate": 0.9}