{"0": [[-0.8257691971623493, -0.6911053639162626, -0.7619371276499743, -0.8003164743713705], [1.8442636674748394, 1.613564889024344, 1.7830884304221257, 1.8311755706453328], [-0.4183345464540621, -0.36355590229510865, -0.38855584861570414, -0.3981192165445077], [1.3949471426014948, 1.2389658130844547, 1.3191146797993432, 1.3712319500685999]], "1": [[-0.3311343267835856, 0.8360485756697231, -0.16780857688505366, 0.5996055463681894], [1.5391104015750565, -3.980559797493373, 0.7718580788661356, -2.7768068881345638]], "2": [[1.0977777867178007, -5.610151896163021]], "3": [[14.006810411720798]]}