{"0": [[0.03782804549355315, 0.028934088671166428, 0.02506389825019764, 0.020289180135564296], [-1.1571071262968962, -0.8198110326222463, -1.1373233651582422, -1.136281711225099], [0.5467617459301458, 0.4047168697070265, 0.5402400092844205, 0.5654772969059083], [-1.3747596923216945, -1.000033187984071, -1.371874411287574, -1.3773225754833922]], "1": [[0.023802476058092027, -1.106131459803837, 0.5245191470843674, -1.3958424548099426], [-0.0019017280755919935, -0.10954101241398738, -0.019204937324248255, -0.17634198514893468], [-0.017755810898649204, 0.7710203042951098, -0.3316915583161111, 0.9471831053393575], [0.01493366870308968, -0.5257060164307349, 0.21598993762467336, -0.6689483632990059], [0.052448651560292506, -1.700969801459979, 0.8070730150391813, -2.0931399820186587]], "2": [[-2.0188459272135204, -1.2008486312627205, 1.9084082964956302, -1.7546771964557084, -2.112299336340828], [0.031017444180417374, -0.060212717261609976, 0.0631608035689941, -0.06935551358989507, 0.11734997120309047], [-0.4001040024023862, -0.007110112434155306, 0.2132686023468999, -0.10639367478177059, -0.7664202029702595], [-1.7352733108417138, -0.45365666972779894, 1.2216916647310623, -0.9366474376052862, -2.669971034162659], [-0.13875992697964518, -0.10277879855837879, 0.13974365208522269, -0.1428726191381621, -0.13834253071442087]], "3": [[-4.807890666698715, -0.012730645277682192, 9.573936470885602, 11.905745719353982, -0.30078157382171533]]}