{"0": [[-1.4210825979866224, -0.45153147119162673, -1.397566231064441, -1.4058607812934665]], "1": [[3.0631563906928947]], "2": [[-2.1060290919418394], [0.6796763354845904], [-2.2695408389731218], [-2.1230492016924]], "3": [[4.395051199927794, -0.7836705797370763, -7.4290941035667375, -7.223039846952077]]}