{"0": [[-0.2459126292130502, -0.17411910603233957, -0.3574465333629077, -0.3764230714889033], [0.20337465386608086, 0.159281628191567, 0.28484250259470456, 0.32087367717531007], [0.3905626909628869, 0.2574867695438485, 0.5370719231322434, 0.6032931188210119], [-0.35819391210946083, -0.23538813316062696, -0.4864783299813747, -0.5524504382165142]], "1": [[0.007078618658887333, -0.01590471648703828, 0.005365479219668721, 0.01832064676235077], [0.5734985598692167, -0.4745536158411863, -0.9031232101210057, 0.8169025074722324], [-0.03633926206455582, 0.0340688847390119, 0.05137270552526887, -0.04322537548093928], [0.19448074114106428, -0.1544748527568065, -0.32589021918334166, 0.3017036802652082], [-0.13034595117731737, 0.12045370872234008, 0.22226678573846925, -0.19521512882305994]], "2": [[-0.007007866549173777, -5.186152847101574, -0.2831037569490914, -2.8109546741363487, 2.205726743250263], [0.0011867897503432749, 2.5092956708576666, 0.17899293829220353, 1.5637965943444827, -1.229096282186419]], "3": [[-15.972439641216518, -8.669450555778587]]}