{"Train": 1.2890244577012895, "Val": 1.287325615466632, "Test": 1.2878636780482995, "max_epoch": 9, "stop_reason": "Weight gradients converged", "num_hidden_layers": 3, "total_hidden_units": 8, "unit_combination": [4, 1, 3], "learning_rate": 0.2}