{"0": [[4.174124199056305, 0.17358929022650918, 2.4793534351126696, 2.3987486203084414], [-6.50429794554138, -1.4078880865322747, -0.5911613386180519, -3.1965526910804902], [10.106129416811939, 2.6132301832418854, 1.8004538917422197, 6.156469068475558], [-7.679262775720883, -1.3336506382650852, 0.9241713134595625, -0.004301973206096377]], "1": [[2.5445267225426758, -8.412494360415206, 12.733659529040807, -11.608069228910473]], "2": [[19.761703711560116], [8.049114955154401e-22], [6.624369485139434e-24]], "3": [[1.4351319377868061, 8.049114955154401e-22, 6.624369485139434e-24]]}