{"0": [[-5.8095010323434435, -0.23683852920585557, -4.370426898121216, -4.12286428494636], [3.0296255593425783, -0.026248231316631083, 2.7880598972077113, 2.55476170778677], [-10.129992269838228, 0.13392162082798023, -6.964390352840191, -6.521773943681022]], "1": [[0.4413729105304863, 0.7025665175598257, 0.014344423911383323], [-0.6421484030903654, -1.0042693910200535, -0.03446084711854735], [7.521053462275571, 14.44100269412863, -0.20984833158734428], [-3.6552507837877086, 2.4784985649452422, -3.426870407403286]], "2": [[-0.21884272415880693, 0.2727099007180561, -6.15801939636112, -0.8475724364727485]], "3": [[5.384968193526246]]}