{"Train": 0.11354946071830332, "Val": 0.11344628123345973, "Test": 0.11335212567379514, "max_epoch": 3, "stop_reason": "Weight gradients converged", "num_hidden_layers": 3, "total_hidden_units": 9, "unit_combination": [3, 1, 5], "learning_rate": 0.5}