{"0": [[0.8790196762189768, 0.6045177049647287, 0.9949372501883671, 0.8706268727742068], [-0.5093398583402197, -0.3271908939134209, -0.5920649820179009, -0.5272387708114853], [1.133514026637492, 0.8082020331869553, 1.327953101683622, 1.167751414608209]], "1": [[1.8353810688390868, -1.0193884506463764, 2.6489782265283726]], "2": [[-1.9494529577485542], [0.4049096484539344], [-2.641723045560302], [0.7461055982796398], [-2.1950891741440817]], "3": [[1.9909443517466268, -0.4041081069037977, 2.7671598139906393, -0.7468870933820814, 2.259480916765778]]}