{"0": [[2.003557114127368, -3.881288945030835, -4.811735230675409, -3.9537894561764726], [4.84517940484564, 0.8157069429626531, -0.127701761985481, -0.06767244408372726]], "1": [[1.6847226723340536, -2.149935783643472]], "2": [[6.725906463154374]]}