{"Train": 0.1493111131821394, "Val": 0.1472001935803156, "Test": 0.1484092289048407, "max_epoch": 3, "stop_reason": "Weight gradients converged", "num_hidden_layers": 3, "total_hidden_units": 8, "unit_combination": [1, 3, 4], "learning_rate": 0.2}