{"0": [[13.596279185542292, 8.053401279560946, 42.51824718445718, 50.893264933222646]], "1": [[-28.584948702447132], [-23.18678700746814], [21.213284260279377]], "2": [[-0.6588819917487977, 1.9463641619355838, -2.1537391262394276], [-0.3809808473600095, 1.056564024021735, -1.1542090126767102], [6.639785676266955, 2.8944761850803373, -2.3359462306366177], [-0.054848454610476334, 0.05417224401019996, -0.0597072148406641]], "3": [[3.1826850502261763, 4.073766754746044, 7.032121936364635, 0.1420318323571683]]}