{"Train": 1.4758658875855541, "Val": 1.4761823584341602, "Test": 1.4737142739611226, "max_epoch": 30, "stop_reason": "Weight gradients converged", "num_hidden_layers": 1, "total_hidden_units": 2, "unit_combination": [2], "learning_rate": 0.5}