{"0": [[1.5451426330252427, 3.3964044137518843, 1.4747822530661934, 1.4819769732119974], [-5.097492007099066, 2.302760946283623, -15.094194869658995, -14.10855310827853]], "1": [[2.8613975812870067, -7.679602784891199]]}