{"0": [[-1.3265025860026756, -0.5063222783641553, 3.3451535464116837, 3.949435373701128], [-5.248835229260104, 0.02951919478694814, -5.5418033288419615, -4.788722470295984]], "1": [[1.6062297867023962, -1.620381368573917], [-2.6635022862986593, 9.120909682439404]], "2": [[0.31604359987601227, -5.260078178435392]], "3": [[-5.9210540046674796]]}