{"Train": 0.16813663196540887, "Val": 0.17001764091523885, "Test": 0.172757547189106, "max_epoch": 3, "stop_reason": "Weight gradients converged", "num_hidden_layers": 3, "total_hidden_units": 8, "unit_combination": [5, 1, 2], "learning_rate": 0.5}