{"0": [[2.2417182232585726, 0.11578088838993535, 2.1610073122661824, 2.047122263526996], [-0.043614940082247346, -0.03628787823649073, -0.07219917228013491, -0.034712024187453436], [0.11403106125927868, 0.13350160558536456, 0.22057373223545862, 0.2517017169052009], [0.27988750540366397, 0.0831026677210155, 0.3127817205460004, 0.33205537186328443], [1.2755875717776999, -0.00738756322459633, 1.1845401033331335, 1.1148876389331315]], "1": [[-4.038292996342732, 0.20557312199371938, -1.1971129228438535, -0.7232057924205082, -0.7702686562169859]], "2": [[-2.908173810974894], [6.103890483152748]], "3": [[8.03261428618238, 15.572490702931617]]}