{"0": [[0.004145725364497336, 0.0013864917546296772, 0.0030586172851141315, 0.005506643986921083], [-0.6663919341507575, -1.188423848828029, -0.7702567695724072, -0.780673114376971], [0.6536474425834419, 1.2115518727924288, 0.7852254346395324, 0.7802976151516736]], "1": [[0.004979902455727733, -1.875498735476489, 1.909046835765862]], "2": [[6.231767103956144], [11.936783253021597], [-2.8850059627532514]], "3": [[4.924036176494142, -20.769832113290576, 7.8157535633512705]]}