{"0": [[0.8899348414868907, 1.116631896934271, 0.9612910663381329, 0.9724579221581272], [-0.15116909742360052, -0.13260852519105673, -0.16450363314056898, -0.143413722173867], [-0.7521358645548357, -0.8913290832706113, -0.8171629640912131, -0.8225814991874212], [0.570119934681878, 0.6158370264335431, 0.6106555353959372, 0.5969296167646306]], "1": [[1.7352457260083598, -0.21833072304897744, -1.378661935174799, 0.9326981818389003], [1.0816975097389376, -0.17029910940314674, -0.901883987569654, 0.6690713030648008], [-0.009461044573342552, 0.0010577666522000755, 0.002977409194884017, -0.01935329379226178], [-1.0844717693099968, 0.1549322036530682, 0.9128565664250154, -0.6715535406890014]], "2": [[-2.039047446663283, -0.7607968349222451, -0.017600288000392914, 0.7506936062615939], [3.19604640345063, 3.347188878352299, -0.013641885438921813, -3.326269282791052], [0.28804775718340947, 0.02079838375521148, 0.007049733168798675, -0.007391932374525179]], "3": [[20.830473220088393, -19.742423517218974, -18.068150605336555]]}