{"0": [[1.5425545728893895, 1.4845676629506086, 1.52493028253214, 1.530552416112858], [0.7881323002974774, 0.7397295336098569, 0.7599861782450295, 0.7618587523001957]], "1": [[-0.7028778853279732, -0.3220935141483321], [3.4398168839906216, 1.5328473725274487], [-0.05160469281012315, -0.021221930678502136]], "2": [[-0.0626599850232096, 0.36735031797777895, -0.01056818462682466], [0.22749192843323138, -1.2169283955225216, 0.027226170013889387], [-0.5453779931591307, 2.7888139195337147, -0.033936553316564644], [-0.4152430377908562, 2.1162656158342323, -0.03546133568774867], [0.2684726534159769, -1.3389791858998672, 0.01173632908464198]], "3": [[-0.371509566828332, 1.2196257903884504, -2.836627004783219, -2.1398139000361276, 1.3480460807935786]]}