{"Train": 1.462941490644704, "Val": 1.4611521999139794, "Test": 1.4617260991214425, "max_epoch": 3, "stop_reason": "Weight gradients converged", "num_hidden_layers": 3, "total_hidden_units": 9, "unit_combination": [5, 2, 2], "learning_rate": 0.5}