{"0": [[-0.11196587727417104, -0.2237287880062695, -1.68573160811593, -1.432116961715163], [0.18797614824685852, 0.0018325041477337425, 0.28420145789177825, 0.2375316884083885], [0.11316975549853327, 0.16040464926166972, 0.9358065738861818, 0.8487424000169396], [-1.1036122220034656, -0.7294284362789643, -10.700115361668452, -8.896833611414586], [-0.10796505930072427, 0.5331509158355328, 5.499698800902703, 4.632195328986501]], "1": [[-2.5770277765018195, 0.5925402162171156, 1.4268279986289882, -0.6113189202900782, 2.0100017359557336], [0.1480933498488569, -0.0006504860203849545, -0.002272812685295211, 0.11479018137730759, -0.20767687137696114]], "2": [[1.2219753902985504, -1.0497867692173228], [-1.1180436579540074, 0.9860034006267963]], "3": [[4.857091352629135, -4.903916488280029]]}