{"0": [[-14.43746528691571, -9.397715449265984, -12.46768792700048, -12.174460027432907], [5.225961581941458, 7.764817405015189, 3.6338154366887836, 3.853972107548953], [-2.072481107035693, -7.6534077672064855, -5.477765244606805, -5.207396057233682]], "1": [[1.4955187424410565, 0.27803553662391445, 4.041403326759123], [-10.065808066923305, -1.7164804451537974, -11.906936690289278], [-1.3120447503286148, -0.20604497263694743, -3.3384778380750557]], "2": [[0.041662935399630924, 0.34377991384986123, -0.044109755317448256], [0.014010303101680732, -0.3995477798252558, -0.004117671403428937], [1.7171413094898857, -2.0667619327983955, -1.42502588029955], [0.0655426156346235, 0.313237890468747, -0.07650942641888096], [0.1382470919829063, 0.22723504815187248, -0.1580844805051093]], "3": [[-1.6130897799773312, 1.5123190507253048, 8.885447980567893, -1.6608214287687337, -1.7794039714103256]]}