{"0": [[-3.300976872727429, -0.32037726454653515, 3.2185561018800946, -0.697951660912596], [-3.4437447580647693, -0.20124856755799259, 0.16298436700407137, -2.888488306755058], [-1.1437351919964482, -0.03547211671291501, -0.42001466780876395, -1.2517147557150683], [-3.2822090953455523, -0.31038277805155134, 2.8340797697979068, -0.9573570826308603], [-3.261601627246582, -0.17514474647443978, -0.03499539377089647, -2.8440570253541173]], "1": [[-0.693497994004048, 1.987338415232025, 1.354172237967175, -0.46685722853450135, 2.3223189108950386]], "2": [[-8.88241732146558]]}