{"Train": 0.14928065018053296, "Val": 0.14619831906120306, "Test": 0.14950242801095232, "max_epoch": 46, "stop_reason": "Weight gradients converged", "num_hidden_layers": 1, "total_hidden_units": 3, "unit_combination": [3], "learning_rate": 0.2}