{"0": [[-5.991460937382765, -4.471016367325247, 0.3710519265160119, -0.8752071184705816], [-1.240196998379575, -15.592548288987615, -2.4890017734358754, -3.1519814078297825], [4.599968553342087, 10.095031879190765, -1.6148344276699378, -3.6934767775307265]], "1": [[2.314497931752112, 6.620380182628803, -0.3891966864377129]]}