{"0": [[1.2405640098211899, 1.3245206748522191, -1.0168292379471306, -0.7485046958938855], [-2.2717241233178407, -2.4829220257622806, -2.0885073273186303, -2.0708054984752478], [0.6081298534069497, 0.7886665697057594, -0.2938685034719739, -0.0862817077624949]], "1": [[1.3925362126344656, 8.117728740168701, 1.2696792776937875]]}