{"0": [[-3.027800513319257, -1.190259926365385, -0.179942184067475, -0.6479314773880854], [1.5745249050622507, 1.3881288003957326, 0.5533394426545625, 0.663776704016422], [-2.7722782327232, -1.576488523420314, -0.4798509316343825, -0.7774857021909675], [0.29397403439883624, 0.49717591669330463, 0.22663485376597348, 0.23562972988130151], [-1.6750456216571634, -1.4891179915277128, -0.5836798814649912, -0.7185311580042864]], "1": [[-0.20379115287911329, 1.4234509679634695, -0.994057217818825, 0.022693797280943968, -1.491634599438708]], "2": [[2.57986170127619], [-0.0018316602446529606], [-0.13522309967239465], [4.4722437991178047e-07], [4.126716121109581]], "3": [[-6.156243481585599, 0.005629301600668192, -0.1535346775391824, 4.4722935108092107e-07, -2.4703364160257397]]}