{"Train": 0.16813647633490764, "Val": 0.17001748493158944, "Test": 0.17275739001377538, "max_epoch": 3, "stop_reason": "Weight gradients converged", "num_hidden_layers": 2, "total_hidden_units": 5, "unit_combination": [4, 1], "learning_rate": 0.9}