{"0": [[-0.8597326975544225, -1.7866076308624144, -0.879125933853068, -0.8938519964034969], [-1.1474764930421628, -2.432151858739618, -1.191486946203975, -1.191238362125108], [0.397704122623756, 0.8085712079110644, 0.41284775145836, 0.4153345737491883], [0.16632444407365718, 0.3401850770211418, 0.16090968714139917, 0.16167479017621966]], "1": [[2.4409035953974865, 3.433968105326564, -1.089485869456988, -0.41123537367926605]], "2": [[7.273267669908141]]}