{"0": [[-1.4428820791712198, -1.1238646768325158, -1.7089712469475768, -1.6883381500175814]], "1": [[-2.8534512103289313], [-1.5593952848513832], [-1.149683868095877], [-0.9907403121117798]], "2": [[2.9292167854606297, 1.6024015528423583, 1.2342370795246325, 1.0918189307870925], [-0.372085080688903, -0.7787866060110333, -0.7911609099773796, -0.7725669845736239]], "3": [[-19.92869388698532, -0.8494137580007806]]}