{"0": [[0.6024888485045996, 0.6775545428381765, 1.524560114622902, 1.2975609497978138], [0.6931678973964543, 0.7167064844764774, 1.6335415571079792, 1.3744895255373435], [1.6592693936701357, 0.9399891063765748, 2.561999989387861, 2.380374939241462], [-0.06632673871967162, 0.31136453799517966, 0.5758337728621553, 0.381161363649134]], "1": [[-0.6914078781161572, -0.7285508304772701, -1.2148676663428986, -0.22559914994539587], [-0.43259734444373366, -0.40775651484008096, -0.9116742283032665, -0.04947969333656062], [0.0031732276724127737, 0.08713436400705922, -0.37453585680235085, 0.15789564679918028]], "2": [[1.5662702615961759, 1.1722220827300251, 0.5204599186672266], [4.430095813681006, 4.321619149520213, 3.4402969689301117], [1.0954424428829137, 0.7557615092904546, 0.2409151981771373], [0.30908944791545245, 0.3302062791157621, 0.27876074588342314]], "3": [[16.560135175359715, -12.253335089271458, 16.011489763449514, 0.3332994940093299]]}