{"0": [[0.5927772900228785, -0.4385861775575315, -2.3200417645469225, -1.2735121546312238], [-0.15370747743307475, 0.10247279537219912, 0.8081572646603784, 0.43473681862222735], [0.36186811629439763, -0.9699883743856842, -3.2124407042572023, -3.4067755708914977], [0.54259615669874, -0.4219967126757759, -2.301749599131783, -1.3001564606630964], [0.1432705966704544, 0.26053338810664145, 2.0890537344754936, 1.1259672107011058]], "1": [[0.0029757687428008913, -0.09461681770593156, 2.5685596573059035, -0.007037950207507942, -1.150092634933845]], "2": [[6.724084239196284]]}