{"0": [[-0.5853834676221391, -0.580053977941292, -0.7289105273707023, -0.7305630633388167], [-0.6816515526269519, -0.6764460982299492, -0.826773106480002, -0.8483399053798016]], "1": [[0.8069879198426386, 0.9494166606216801], [-0.7183878776278705, -0.8768342668793512], [0.1770235946433176, 0.2055107545432987], [0.9590524138498543, 1.1479438364562826]], "2": [[-1.1083381261141634, 0.990292419309512, -0.20971168618187017, -1.2986606988059444], [1.39080157260191, -1.24208320486353, 0.2458918304939915, 1.7877088885318773], [1.1161449722150174, -1.026817946215636, 0.22687666726310587, 1.2668312518326847]], "3": [[4.925743120625644, 2.2368146276377288, -5.176813984764006]]}