{"0": [[0.7489987621295181, 0.26439174683193806, 0.6554619293626717, 0.6483948091348407], [-0.40217887738885816, -0.14379377300542237, -0.3482650522813568, -0.34596412853542086], [1.0147766572950705, 0.3736262497577521, 0.8865043272952163, 0.8777003183161448]], "1": [[0.25646927211999254, -0.11712284619714151, 0.3293393985010625], [0.369565006081977, -0.20657048724604127, 0.5142887045561333], [0.1012014089066043, -0.0629304994631964, 0.14860983265554045], [-1.182969429077752, 0.6234684346839054, -1.651750108482323]], "2": [[0.4681495703815298, 0.6801240976447493, 0.16234194889454054, -1.0866913173921815], [-1.2879141068832993, -1.9179795182246924, -0.42311721895943655, 3.4633353054784215], [-0.05455313124439391, -0.11205058937821219, -0.022335397998230207, -0.025642585037663267], [0.35130607276218795, 0.5202198239225079, 0.11243461567836344, -2.019454009530025]], "3": [[1.472888117640926, -9.173419339340716, 0.02842490738267472, -20.191844459384544]]}