{"Train": 0.16813680974298345, "Val": 0.17001781909464642, "Test": 0.17275772670576334, "max_epoch": 3, "stop_reason": "Weight gradients converged", "num_hidden_layers": 3, "total_hidden_units": 10, "unit_combination": [4, 4, 2], "learning_rate": 0.9}