{"0": [[0.5746498112236743, 0.5670047994671472, 0.5317240547545256, 0.5348925384322535], [-1.2447569954229951, -1.2114275988556196, -1.2037962827373212, -1.2114019703997077], [0.7693223385015721, 0.7698483848384814, 0.7584063224257883, 0.7488420369116786], [-1.0507700894498027, -1.0650070477017843, -1.0249748481419498, -1.0324374889154049]], "1": [[-1.1081158149488395, 2.4858597732377494, -1.5123187222362804, 2.0878798631577693], [-0.254816027731023, 0.24180981947667562, -0.2785920236971302, 0.2628269940994482], [0.24251391695627317, -0.6233318118974821, 0.3542995793946075, -0.5283625310541685], [0.011041227573201945, 0.1573319275181689, -0.01876312250568369, 0.09182887953433894]], "2": [[1.8863336430859587, -1.129709505883046, -1.3997819499831734, 1.2941670592887875], [3.8815601764969863, -0.3372214256582605, -1.1230203145530513, 0.725226111738473]], "3": [[-6.813642643332174, 19.119735390628115]]}