{"0": [[-0.30890189094248044, 0.38871473918474775, 1.2540237863730523, 1.593544556676352], [0.21059568609766224, -0.32469273973533375, -1.2418886827143003, -1.123408392081791], [0.24436663062950476, -0.3483179237412606, -1.3390516861900617, -1.5851712958302033], [-0.029150515512054657, 0.053858346610905126, 0.514707470006998, 0.42801282346879815]], "1": [[-6.6861792831672515, 6.462677444881595, 6.651085610954797, -4.130963014838804]], "2": [[-9.91265652150731], [-2.783433948384355e-12], [-1.3663452921617806e-21], [8.565412324087428e-18]], "3": [[-5.914960356133764, -2.7834339483843537e-12, -1.3663452921618186e-21, 8.565412324087428e-18]]}