{"Train": 0.149311113113117, "Val": 0.14720019350252955, "Test": 0.148409228771299, "max_epoch": 3, "stop_reason": "Weight gradients converged", "num_hidden_layers": 1, "total_hidden_units": 2, "unit_combination": [2], "learning_rate": 0.9}