{"0": [[1.6350930698542694, 3.0775472548408627, 1.5312871687401868, 1.4836914509805716], [1.496707318744703, 2.742707731489854, 1.3473322587035965, 1.3375549796020472]], "1": [[-10.048048795480959, -3.8539775208889377]]}