{"0": [[-49.77398632778193, -1.7678604010761307, -35.00632223546672, -33.4637872471649], [-48.19840448651769, -1.9066627594448413, -33.96055307797736, -32.432159297371044], [1.720023448732974, 0.028429559510867487, 1.2322475718466877, 1.1511338078783704], [-36.10202589349771, -0.7952541484521358, -25.496635203245525, -24.59134046411162], [-20.049443637751505, -0.3721889871402645, -14.233966225966611, -13.824108755735192]], "1": [[-2.050181597160499, -3.02536552539309, -0.4068676481735838, 5.35096374938143, 3.545824755165754], [-32.39259639782757, -40.66631449160826, -2.6812413669586643, 33.144040730585786, 24.190799727208567], [0.38273219147630666, -0.32434868387436744, -0.35732354202285616, 5.1271842665567, 3.189359575134777]], "2": [[3.269358180642278, -20.777364936465325, 0.291432067659942]]}