{"0": [[-1.1754643678689727, 0.22513260641340027, -1.0402081754861519, -1.124364290203547], [1.4223117726726873, -0.5679952027720777, 0.9594862339520114, 1.175897841494858]], "1": [[-1.4562899607961275, 3.808552233921885], [0.26549422853156646, -0.6706112764763881], [-0.4821810724907616, 1.1214288858496562]], "2": [[-29.64958846938291, 0.8141209072530878, -14.905542395539639]], "3": [[-8.455948280995774]]}