{"0": [[-3.4186841041412683, -1.2501570696221473, 0.13650869913171265, -0.9924793912394948], [1.3508280501055303, 0.0012520359114195502, -0.3548584491210526, 0.1647635569828558], [-3.747974324846496, -1.124829820656595, 0.21575542269196316, -0.9799806156536329], [-3.092532963925903, -1.7757449006996988, -0.2404428723252802, -1.1534703160677784]], "1": [[-1.0667021414483542, 0.06677679841298081, -1.057676602704709, -1.4174209124279893]], "2": [[-5.274876657574452]], "3": [[6.8621806068582485]]}