{"Train": 0.16813680973435308, "Val": 0.17001781908599678, "Test": 0.17275772669704678, "max_epoch": 3, "stop_reason": "Weight gradients converged", "num_hidden_layers": 3, "total_hidden_units": 6, "unit_combination": [2, 1, 3], "learning_rate": 0.5}