{"0": [[0.3480981515732195, -0.4330528482468479, -0.7744298870524843, -0.5741624644613265], [0.3917421222905837, 0.4817934756123206, 1.977799280620043, 1.6400602544423255]], "1": [[22.004091346101212, -24.193252601339257]], "2": [[0.5023146836931472], [-1.0220766264517387], [-3.3893896326739252]], "3": [[-6.36693874481823, -6.404976725139873, -10.146808428931447]]}