{"Train": 0.1681367665394718, "Val": 0.1700177760985636, "Test": 0.17275768211351228, "max_epoch": 3, "stop_reason": "Weight gradients converged", "num_hidden_layers": 3, "total_hidden_units": 10, "unit_combination": [5, 3, 2], "learning_rate": 0.5}