{"0": [[-0.03159363057692791, -0.0073904742261265335, -0.0156553176230076, -0.025604451806503843], [0.5107713759529732, 0.28644943231297615, 0.6123037017179587, 0.6028844428435313], [-0.1732721351419372, -0.09596830545450466, -0.17925811610506362, -0.20823979000742554], [-0.38599064421566914, -0.1926708170043403, -0.44912300538543415, -0.4578759794399527], [0.4731285064443618, 0.23992139838246168, 0.539461804386995, 0.5783046344964242]], "1": [[-0.026943524628552575, 0.6288832856145099, -0.19269734858021328, -0.45043464298563785, 0.5750134926171548], [-0.030861754280576557, 0.8556596430519847, -0.26780124670291705, -0.6259672644919442, 0.7764912541269562], [0.007631863791132761, -0.32255822864080175, 0.08398573983521376, 0.2094552636965664, -0.2739818175414703]], "2": [[-0.9435335283424159, -1.2969840510919632, 0.4776460779874155], [-0.18734622919291663, -0.4196529720449551, 0.03416140531870514]], "3": [[7.412847528870623, 2.2704193480506505]]}