{"Train": 0.11354966692758267, "Val": 0.11344648791253811, "Test": 0.11335233224624715, "max_epoch": 4, "stop_reason": "Weight gradients converged", "num_hidden_layers": 3, "total_hidden_units": 10, "unit_combination": [3, 4, 3], "learning_rate": 0.9}