{"0": [[-0.9821444108505404, -1.0339767399404074, -0.9565047940255017, -0.9662059712550856], [0.30508600968001015, 0.3225306159042034, 0.26822147846199934, 0.27006627726796273], [0.42784192193181264, 0.4631164912443071, 0.3995581438037176, 0.4170899805217568]], "1": [[1.054385246304549, -0.2995200149686031, -0.41655773081922254], [1.4962236031443847, -0.4412458173936102, -0.6458324758739088], [-0.055809672006101825, -0.00982837417147392, -0.012058354259849476], [0.7541766646318622, -0.18897133773055474, -0.2921680180679489]], "2": [[-1.2078956687415632, -1.5592292256142166, 0.1690718465781524, -0.9876324588273396], [-0.2699119993067017, -0.4607690664512223, 0.009576783520978203, -0.17358997788928776], [1.6161993741599332, 1.5707680259049288, -0.40348098138772936, 1.5643796991768113]], "3": [[-12.840672668212457, -10.510745638037049, -7.37396856520072]]}