{"Train": 1.4245366490817968, "Val": 1.4233497657826453, "Test": 1.4248301187429016, "max_epoch": 3, "stop_reason": "Weight gradients converged", "num_hidden_layers": 3, "total_hidden_units": 11, "unit_combination": [4, 2, 5], "learning_rate": 0.5}