{"0": [[-0.4340038779684103, -0.0064320512426197, -0.3157608277287162, -0.27171551469806543], [0.8836504052912113, 0.014448868475100315, 0.5979012163514498, 0.6073771696623926], [0.4936801839701382, 0.0006600158814446332, 0.3404838461085492, 0.3321206377973995], [-1.173731141126779, -0.012547602233687533, -0.8028650779149907, -0.7818054530435735]], "1": [[0.4601009322968324, -0.9347319612259312, -0.5296317503469817, 1.2408208976891075], [0.48161320930969226, -1.0429798149884681, -0.5457669419413554, 1.4946223541160966]], "2": [[1.3328380982646675, 1.1927669971766084], [-1.9511216830143867, -1.9619719963542162], [3.03592780733441, 3.3665971267449066], [0.4193345399933936, 0.6417727735687134], [-3.835837624579088, -4.477476802573637]], "3": [[-3.6783386084627554, -0.07641053351618216, -0.23899175214330834, -0.04455963378947987, 3.9290797286163732]]}