{"0": [[0.11668680469033194, -0.01623913946827288, -4.51748401649022, -2.89775264149663], [-0.3758172644329239, 0.07145376224335474, 6.557390341617096, 4.325704577592455], [-0.5401019467131738, -0.02461131167968693, 5.636616028347146, 3.530733596381071], [-0.0019676144132417706, 0.020405725162156697, 1.031934105534891, 0.6831193103035963]], "1": [[0.7267935906364605, -2.4792619022992586, -0.5241249371997859, -0.2712690127383688], [-1.476696950391508, 3.7186231793867934, 1.5690337300989632, 0.47556723943396106]], "2": [[1.4455887847655737, -1.5244674985107998], [-0.9368332511659584, 0.9536539202688384], [-4.817019513330941, 4.99974906203668], [1.3672540899495698, -1.9313083676407095], [-5.577144093841184, 6.225502284842634]], "3": [[-4.036817133698994, 1.780069129288128, 5.246089741067168, 8.519584461514402, 6.641754770923391]]}