{"Train": 0.11354964367852698, "Val": 0.11344646459056693, "Test": 0.11335230898258945, "max_epoch": 3, "stop_reason": "Weight gradients converged", "num_hidden_layers": 3, "total_hidden_units": 10, "unit_combination": [3, 5, 2], "learning_rate": 0.5}