{"0": [[0.0025095339546506766, -0.005050579433855524, -0.05945947113985306, -0.022033388670613108], [-0.44542375430386366, 0.08079406226402586, 0.3419521979062253, -0.05992633722949317], [-0.631230408510751, -0.046006757802208954, -4.5899588886876215, -1.6384149614237096]], "1": [[0.021482307166544718, -0.12297688213354428, 0.5729063678158532], [-0.03410084225889982, 0.18709928636155737, -0.8064910212096625], [-0.13750627261054596, 1.126796818563402, -2.9863986314567903], [0.09879686807857459, -0.7722623090895254, 2.1029301184789824], [0.15565567086907356, -1.2077855569755727, 3.1967943085497925]], "2": [[-0.6904016921055814, 1.0123743053067884, 5.5897924863384425, -2.3565976543124507, -4.599822308510912], [-0.5535175160580326, 0.7740965584058224, 1.4041864179250063, -1.3877781467454628, -1.4126003065868908]], "3": [[-2.756438279700536, -5.816392850265714]]}