{"0": [[2.707220388839956, 1.5867966201042818, 1.91602302917657, 2.0734158555559326], [-26.56494947470718, -15.193119054341787, -24.547095582593155, -25.568786382465902]], "1": [[-146.01180124161212, 6.81690906771821]], "2": [[-2.7157260414862443], [-2.9422721510052927], [-4.151864049639508], [2.7918040342371726], [5.958318268046446]], "3": [[-3.0763399056155434, -3.4061037184349483, -5.75081707913508, 7.44845727758671, 4.090180273764237]]}