{"0": [[-1.1913222714344711, -0.38402504843338403, -1.308702867368371, -1.3164500623365805], [0.856528448161444, 0.2535207677398486, 0.9067280996475009, 0.921052435139543]], "1": [[-1.8692745985954993, 1.2211126995631572], [-1.718306227475055, 1.1070657674963158]], "2": [[0.736383472837325, 0.6398627564813046], [-1.0108173402799097, -0.90397199636961], [-1.1785393649298752, -1.0693675610425735], [0.22503631870448, 0.19864205894269674], [1.0991360211506596, 0.9883975832759079]], "3": [[-2.5682766819793224, 2.855745213613037, 3.0434894084633464, -0.2990405312735496, -2.9511396798198617]]}