{"Train": 0.11354966698757109, "Val": 0.11344648795985192, "Test": 0.11335233232814725, "max_epoch": 11, "stop_reason": "Weight gradients converged", "num_hidden_layers": 3, "total_hidden_units": 6, "unit_combination": [2, 1, 3], "learning_rate": 0.9}