{"0": [[1.046126247291333, 0.4131450021150186, 1.2164606722762485, 1.244406379706583], [-0.8292861959869637, -0.3436564318011986, -0.9911055543112904, -0.9789277301674395]], "1": [[-2.476503645732552, 1.8253834056234983]], "2": [[1.9432275228273845], [-2.503374464872191], [-0.4031635522989447]], "3": [[5.535963886563332, -6.023638483161424, -4.6940002169828245]]}