{"Train": 0.1135492934193252, "Val": 0.11344611325442917, "Test": 0.11335195825548007, "max_epoch": 4, "stop_reason": "Weight gradients converged", "num_hidden_layers": 3, "total_hidden_units": 11, "unit_combination": [4, 4, 3], "learning_rate": 0.5}