{"0": [[-1.8410318646367219, -0.04980823205441726, -0.9793205082951276, -1.1344827618623132], [0.05775935430894701, 0.0023168602061610522, 0.036898358788358045, 0.02558408432967702], [4.870794759341508, 0.1400607800994143, 2.8182353450539344, 3.166077061469844], [4.630797337413043, 0.11001425126643305, 2.6733500607661815, 2.9999204724468496]], "1": [[0.8441412615911054, -0.03680131121356051, -0.5160296482743266, -0.5492983315523836], [-0.4928505994834373, 0.025091340922496184, 0.29526805721728794, 0.3327574432579716], [0.26155113721414447, -0.009472141873376527, -0.29356223198706705, -0.27895918353465776], [-2.1043258011921573, 0.09289361060385462, 1.5280016474569007, 1.6190107019486706]], "2": [[-0.7917398210994192, 0.5464029883837852, -0.42799171001381403, 1.2311792622396398], [-0.7488333424618845, 0.48586949867555596, -0.34154124417848336, 0.032587396392067605], [-1.0043666900869608, 0.924521699119578, -0.7417982351996941, 0.7683437318950036]], "3": [[-3.781127604584335, 1.5512188035755667, -4.822035318800605]]}