{"Train": 0.11354966699060107, "Val": 0.11344648796288367, "Test": 0.11335233233118788, "max_epoch": 19, "stop_reason": "Weight gradients converged", "num_hidden_layers": 3, "total_hidden_units": 6, "unit_combination": [4, 1, 1], "learning_rate": 0.9}