{"0": [[-0.9773052572187698, -0.6805860571023047, -1.0212868594918416, -0.8872517458571169], [-0.12266172357838571, -0.0786244727790864, -0.11607550515012577, -0.1274306168573599], [1.3248058489337575, 0.8995095757845109, 1.4018185132553522, 1.1957856998423175], [-0.13573835763822423, -0.09049051994267278, -0.1064661938285557, -0.1041920560294534]], "1": [[1.87426848326989, 0.22378159976783582, -2.660416012568517, 0.22536340721476752]], "2": [[3.1302506892216324]], "3": [[17.062605354532163]]}