{"0": [[-0.6833432348877184, -0.41365772943669654, -0.7335167435622729, -0.7196906525334724], [0.7656997053277871, 0.4506822599875186, 0.8327863293379976, 0.8193940507796836], [0.9932790279190541, 0.5867845653948784, 1.0333677038938491, 1.0605742328740921]], "1": [[-1.35040906375473, 1.540538799025998, 2.0264054038455903]], "2": [[-0.11693507198571933], [2.0480926592005417], [-0.5499465725357634], [-1.0126635573974623], [0.8241348071159097]], "3": [[0.11948187631228173, -3.962558493390901, 0.8254515896268116, 2.520319883036361, -1.9937617078133476]]}