{"0": [[1.6758016386296195, 1.9034646017599697, 1.7020152966330362, 1.9428738787520292]], "1": [[-1.7494248501442926], [5.241998780090624], [5.9447105597164756], [-5.2576168534678684]], "2": [[14.970732442001998, -11.966521900274774, -29.53641960811005, 11.938762585767076]]}