{"0": [[0.4128386466044148, 1.016223211779067, 0.9203774394831443, 0.9653452850403861]], "1": [[1.7116433652322054], [0.7905894792374553]], "2": [[3.5738172320481496, 1.3517946197508346], [2.7153187025538372, 1.146139609178373]], "3": [[-11.396599621470225, 0.6962964324478305]]}