{"0": [[0.4171502836110785, 0.1474243394297127, 0.7292981964564113, 0.741804003222872], [-0.38659995630762967, -0.1337126189858513, -0.7003742066164558, -0.7068389714699247]], "1": [[-1.1531622742708725, 1.0924275305408497], [-0.02569099889213055, 0.014644630852413713], [-0.037999899351038875, 0.043280478475522]], "2": [[2.677196653304853, 0.0545994820565404, -0.7101517524263932]], "3": [[10.969037560379872]]}