{"Train": 0.16813680975548054, "Val": 0.170017819107172, "Test": 0.17275772671838102, "max_epoch": 3, "stop_reason": "Weight gradients converged", "num_hidden_layers": 2, "total_hidden_units": 7, "unit_combination": [2, 5], "learning_rate": 0.5}