{"0": [[3.452061786777204, -0.09492638706196216, 2.2360805052303188, 2.119818960355651], [-14.392130030776778, -0.778846072800222, -9.145218468569357, -8.969102549328069]], "1": [[2.6836904427442607, -2.2785708574119496], [2.346593229412459, -2.114876689283048], [2.5621652663600774, -2.776047461459573], [-2.730519918142943, 2.941717136204489], [3.811521172092113, -3.46062975377352]], "2": [[4.977307729522446, -3.3446564188914167, -5.60260307684881, 6.2049230524894226, -6.540004685582757]]}