{"Train": 0.11354966695897893, "Val": 0.11344648793137342, "Test": 0.11335233229943663, "max_epoch": 9, "stop_reason": "Weight gradients converged", "num_hidden_layers": 3, "total_hidden_units": 11, "unit_combination": [1, 5, 5], "learning_rate": 0.2}