{"0": [[5.441526052836574, 0.8956827161254903, 0.9927597686351834, 0.7969448389419131]], "1": [[-0.40193068620696454], [31.960212975574883], [1.4801902450192428], [1.66367627619319], [0.1189871438552153]], "2": [[-0.6345921224094767, 0.7729192160298618, 0.7472501986759448, 0.7541861027014921, -0.0997127298762431], [-0.36337920103123816, 0.33118313683903344, 0.39039495213034214, 0.39813910676954883, -0.06867946693227067], [0.760611427633169, -1.1771412103025434, -0.9988518193973737, -1.019729000340084, 0.02559214931392631], [-1.4259671422399318, 2.329525085356977, 2.278266273648245, 2.475527581987706, -0.13360012727297207], [-0.3882241730620521, 0.3738620707424126, 0.4235905314236164, 0.44536713248436166, -0.0731371694946424]], "3": [[-1.5209145236552373, -1.0760193457898792, -0.7289975478082197, -9.293541871914606, -1.0925182685228156]]}