{"0": [[1.1376703359509444, 1.0139158619817006, 0.9776944293865315, 0.9654371843028372], [0.3696957658024564, 0.2668136953453587, 0.2626057468241876, 0.24726853367377588], [-1.1204213189596954, -0.9811649868947996, -0.949451526881244, -0.9213794365795043]], "1": [[-1.2860757186929548, -0.28748858927202864, 1.2097907239312427], [2.1137280018116757, 0.480014692369073, -2.0074841872864915], [0.048905868481508984, 0.023163436597961613, -0.03309632287636541]], "2": [[1.5644064512325986, -3.2106615754268586, -0.055524715071127904], [-0.37272415054840996, 0.8534422775201259, 0.01117567988699059], [0.2808353493094253, -0.6457396535783531, 0.01186581842078369], [0.9927029707325762, -2.097325014288395, -0.032363025704222025], [0.8361725063106009, -1.779200789244767, -0.011586114184142352]], "3": [[6.4270001990173835, -1.169017100450203, 0.8141091462948449, 3.8848707184970377, 3.178796454754558]]}