{"0": [[-3.1923588232261695, -2.8058943635494002, 0.14312944651906157, -0.31961348466297024]], "1": [[-1.9627068875133238], [-29.641765570218432], [-1.9033165185848266], [3.41095987598988], [-3.8106330362240635]], "2": [[-0.5445985134865607, 0.13733634752914298, -0.5279153708460356, 0.984147503437763, -1.1378792991455773], [0.7752237824948176, -0.16463881036522965, 0.756550816648318, -1.4143440771899474, 1.5645186905088742], [0.5838147883652269, -0.1356299389267115, 0.5618904586541087, -1.0413286255370244, 1.183451883362683], [0.8919189094655235, -0.197251632740389, 0.8617510422587145, -1.5932888038642827, 1.800336712432338], [-1.896878538860466, 1.070112306763469, -1.8384767933316128, 3.396585373483222, -3.8274591744194404]], "3": [[5.427185997839745, -5.531007096627279, -5.441377321507837, -5.587524423786117, 6.828769526274]]}