{"Train": 1.4245372534820937, "Val": 1.4233503703385395, "Test": 1.4248307234534865, "max_epoch": 10, "stop_reason": "Weight gradients converged", "num_hidden_layers": 3, "total_hidden_units": 8, "unit_combination": [5, 1, 2], "learning_rate": 0.9}