{"0": [[-0.5984079582970422, -0.686004134913211, -0.6601949321351636, -0.6298301326860626], [1.3664879618136963, 1.591137856989867, 1.5018158655232126, 1.4756271029967487], [1.0083677147549748, 1.204493501151868, 1.104354069336013, 1.0856676312858609], [0.7878638431048821, 0.9163783121205964, 0.866019300480999, 0.8256715406787317], [-0.6740015375543231, -0.7630622328962396, -0.7220315928748279, -0.7093960949689686]], "1": [[1.308159992899812, -3.29455885044405, -2.313519336967171, -1.7493770110111662, 1.4618141582238822]], "2": [[2.322505983537244], [4.783763503034007]], "3": [[-7.122326643420262, -4.691344601326859]]}