{"Train": 0.11354966666261243, "Val": 0.11344648763443577, "Test": 0.11335233200230466, "max_epoch": 3, "stop_reason": "Weight gradients converged", "num_hidden_layers": 2, "total_hidden_units": 6, "unit_combination": [4, 2], "learning_rate": 0.5}