{"0": [[-0.79400481988202, -1.0406063241336743, -1.3525830919537378, -1.3839704129230015], [0.007184005433564066, -4.494420229663863e-05, -0.0025161348681604187, -0.0006246598672152669], [1.4245916088453658, 1.7099554905365246, 2.7952669201916702, 2.8476224939213246], [0.004699910115334471, 0.01758703649095973, 0.010655961134815579, 0.011065440539824126]], "1": [[1.6075174076205077, 0.003526511136610642, -2.0469537736499306, -0.015130587446302541], [0.7813098188755153, -0.005165144624436759, -0.5769181870308916, -0.02243749757325664]], "2": [[10.887750855958593, -0.1885620919331883]]}