{"Train": 0.16813680849348955, "Val": 0.1700178178423688, "Test": 0.1727577254439044, "max_epoch": 3, "stop_reason": "Weight gradients converged", "num_hidden_layers": 2, "total_hidden_units": 6, "unit_combination": [4, 2], "learning_rate": 0.9}