{"0": [[0.5209680734930161, 1.0555406729751144, 0.5118666894614811, 0.5431461706841746], [1.4149438654403477, 2.8825913396817713, 1.4344636262949046, 1.4187010532406348], [1.5498456411237618, 3.1294603609303064, 1.5402514372209657, 1.5175994216083604], [-1.4042281278770035, -2.8269311400516353, -1.3892156009659957, -1.3943692035072097]], "1": [[-0.38955859936520887, -1.2454458413359575, -1.350703095413787, 1.1849344565575772], [-1.3341152393269242, -4.044180814820027, -4.413163769657652, 3.8210609061308367]], "2": [[2.224759631481603, 7.838596641564254]]}