{"Train": 0.14931111318255536, "Val": 0.14720019358073105, "Test": 0.148409228905256, "max_epoch": 9, "stop_reason": "Weight gradients converged", "num_hidden_layers": 3, "total_hidden_units": 7, "unit_combination": [3, 3, 1], "learning_rate": 0.9}