{"0": [[-1.9472244441896542, -2.130494185301981, -2.2874379076418885, -2.221800076749228], [-0.9240694762813766, -0.9597047364448117, -1.0031046497024885, -1.0115503162343014], [0.5547200835896926, 0.585875477071094, 0.626083585987534, 0.606065684685733]], "1": [[-2.829747992521036, -1.0864348324885975, 0.6644779151122598], [2.669715185693016, 1.0339906099455254, -0.6392406132030328], [-3.273894944895554, -1.2751910437887024, 0.7664038356619676]], "2": [[-3.187743353528286, 3.0048537907216457, -3.734551588668823]], "3": [[16.21115335347509]]}