{"Train": 0.11354962998668075, "Val": 0.1134464511740121, "Test": 0.11335229505767037, "max_epoch": 3, "stop_reason": "Weight gradients converged", "num_hidden_layers": 2, "total_hidden_units": 7, "unit_combination": [4, 3], "learning_rate": 0.2}