{"0": [[-0.21261000701938482, -0.04039785261172523, 1.2522968667148193, 1.1128542748455201], [-0.89309599605386, -0.31251144644294615, 1.0041398723389534, 0.9036656644746353], [2.211020077211204, 0.769943193095623, 0.4090650421463616, 0.329248417275663], [-2.3496552757805156, -0.9108562819245501, -0.6798076646523789, -0.5111139018049401]], "1": [[-0.4621063363729186, 0.38214435865527907, -1.928548063553279, 2.133997794965163], [-1.7331851949092523, -1.707433439582084, -0.1409360042020031, 0.3412048971470762], [-1.474640113082717, -0.6424015825137676, -2.2938570413082333, 2.6911252851247385]], "2": [[0.842611238407191, 0.36434783372068025, 7.166155751732226]]}