{"0": [[-0.5743401284922588, -0.40805098681489427, -0.5350962129029538, -0.5228989055167633], [-1.0245926128313592, -0.747718233718497, -1.0030019535221182, -0.9663523828191054], [-1.4518095448338413, -1.090009759538102, -1.4447627919977857, -1.4194635883258413], [-0.472895957682767, -0.34754272613443055, -0.43739515010576613, -0.421461486143671]], "1": [[-1.0416911909436735, -1.956879366069131, -2.9723545383212957, -0.8549424302036736]], "2": [[-2.495806623243057], [2.758883005923323]], "3": [[6.897692272796409, -7.103238465794649]]}