{"0": [[-2.6899717998055483, -4.98664047421255, -2.518386992284695, -2.543260430755957], [0.2732501461871357, 0.8940064748674723, -0.01962839204781111, -5.2801554937591035], [-5.934480220338589, -10.981069669047516, -5.573979851998357, -5.6503696840112205], [-2.8169319477660144, -5.245332720226659, -2.656295631476218, -2.6602418987092786]], "1": [[0.009119055385765063, 0.1041213182686038, 0.032302414226247377, -0.0022128530032453197], [0.7915973267268801, 13.603175066084372, 4.79789454582714, 0.8114226633318251], [0.04687935351446777, -39.61840187296586, -10.785595372769983, 0.013990018001803658]], "2": [[0.02140004224226096, 3.635802367923525, -0.22236898829596943]], "3": [[6.140724802314083]]}