{"0": [[0.20311669976037727, 0.5704329185458124, -8.489542392050048, -27.057438895676714], [2.124319641696993, -3.554391522382094, 1.8004426542140965, 5.8830424297414385]], "1": [[14.063431486873839, -4.975404173338774]], "2": [[-2.1821258390308278e-07], [4.034972561170776e-08], [-9.20099391654136e-08], [2.35060676874226e-07], [17.192270488664036]], "3": [[2.1821258389696003e-07, -4.034972561166828e-08, 9.200993916495521e-08, -2.3506067686657003e-07, -1.088431846876887]]}