{"0": [[0.07418462257381375, 0.0795318866970776, 0.04839185203010279, 0.024935458033788414], [0.005129792214583779, -0.07282939309321197, -0.10455075469499463, -0.11864336851042694], [1.5695547845022413, 2.696906246189939, 2.867454462897847, 3.0542937851865597], [1.4128192082676032, 2.510633234279652, 2.6540995827654914, 2.81436705821339]], "1": [[0.06759522416625496, 0.045005396830939404, 0.9504840410602088, 0.8526193986409869], [0.1652160428731605, 0.07312403120006919, 1.7757167634853965, 1.5696055472121802], [0.07381265525759262, 0.0326895087038738, 0.97451606704076, 0.8633310789720804], [-0.026026165822316778, -0.03103978954905833, -0.566946611583594, -0.516478126275949]], "2": [[-0.28367327794583674, -0.27158299290961396, -0.28450832740821114, 0.20713043030058964], [0.3409922919906111, 0.35680851695315546, 0.3437576156426236, -0.2742317687348337], [-1.8933751276763389, -2.5346296182938466, -1.9039381607555097, 1.6398764607208731], [-0.795226660066232, -0.8312439271126367, -0.7851714953669839, 0.7000276769961196]], "3": [[-0.11840154986920737, 0.7863282458454928, 6.559849928840014, 3.1773535839801017]]}