{"0": [[-0.4177257214957399, -1.1528689556831062, -0.26862538639569744, -0.24582758397708349], [0.24297538059336696, 0.9435357828513431, 0.1233626517747205, 0.10664722612953656], [-0.7409999706684325, -1.566228151481144, -0.5388314443853822, -0.5327269875665674]], "1": [[-0.9261306208675392, 0.8897523169656609, -0.9615451808495576], [1.734329712474771, -1.4599355739324857, 2.318170848111607]], "2": [[17.66048278438202, 26.948240424641714]]}