{"0": [[0.9566053100276393, 0.8427605966252563, 0.867251932084135, 0.8783722874232531], [-0.8894346548334158, -0.7620271931251228, -0.8002265169215947, -0.817502877722941], [1.1986667659805554, 1.0246088642370101, 1.0945137410956238, 1.063304519284547], [-0.9388525564804764, -0.8120586171743072, -0.8529547055003335, -0.8508840459920757], [1.036708057253922, 0.8900340688265306, 0.9312381090816526, 0.9263198666815375]], "1": [[1.16629980344659, -1.0832477537261864, 1.4979526708129791, -1.1461514594486506, 1.2757617381980924], [-0.1734112505881121, 0.16598899707386863, -0.20859769128906727, 0.16714569811714838, -0.18790580029466053], [-1.402435155292303, 1.2800116955826562, -1.7790796719807462, 1.3673018835057835, -1.5077243584555962]], "2": [[-2.355274133551566, 0.16857378243284918, 2.8369896438661715], [1.5377936762854114, -0.09945820588407851, -1.8659419012069671], [4.1360657547105735, -1.637309957926704, -4.092171399285341]], "3": [[25.39080413226455, -24.145797235260687, 5.9353272907162715]]}