{"Train": 0.11354926490231426, "Val": 0.1134460848414357, "Test": 0.11335192960472225, "max_epoch": 3, "stop_reason": "Weight gradients converged", "num_hidden_layers": 2, "total_hidden_units": 3, "unit_combination": [2, 1], "learning_rate": 0.9}