{"0": [[0.6285878099343933, 1.1055218472588655, 0.5737712977578903, 0.5775958368428691], [1.7668072673755406, 3.2687243457796726, 1.7102960595259977, 1.7511293816177655]], "1": [[-1.5160729456962347, -6.2763410231473635]], "2": [[7.148422464710616]]}