{"0": [[0.4312164407874289, 0.3125899070330607, 0.42293986319987825, 0.42703876960479836], [-0.44139278976579316, -0.3043204136640524, -0.46105377972685485, -0.44871327617269574], [-0.3038763814770505, -0.21979135890316204, -0.3115142974639428, -0.29322093590117726], [-0.8088671122346264, -0.5882403726696547, -0.8380033846013365, -0.8143464366554067], [-0.14732427920901436, -0.11557156329677543, -0.12634495988468697, -0.1466828526736262]], "1": [[-0.012509076783241795, -0.008134312540348208, -0.004613921544427434, 0.015554946843301849, -0.005860435198486877], [0.8095591495615239, -0.84894840480668, -0.5712663872834016, -1.6076451686333857, -0.26655721293054835]], "2": [[0.003464267124698386, -2.1836344932989094], [-0.013644593926694128, 0.16001527268249238], [0.007432599796151309, -0.5476008046858901], [0.0030144364838732966, 0.006792700241987137]], "3": [[17.525857088464306, 0.07595519992941639, 10.465381986011943, -0.0031058054967282186]]}