{"0": [[0.4341302870725622, 0.6303303042920508, 0.4535557215068581, 0.4471126524454152], [1.0458227065999632, 1.4494007860473548, 1.0933127497393793, 1.0802916162105123]], "1": [[0.20948810524968423, 0.5400706463547725], [0.05420638711866673, 0.09123358665841316], [0.8617593571728085, 2.318855588746848], [-0.4768635211356723, -1.3235938894303312], [0.1513806903863536, 0.4429672189334633]], "2": [[0.5770363447859652, 0.1066923448065039, 2.546242470641706, -1.3992625652280295, 0.4637856848091513]], "3": [[10.692345555728734]]}