{"Train": 0.14931070574284006, "Val": 0.14719978655072544, "Test": 0.1484088200157751, "max_epoch": 3, "stop_reason": "Weight gradients converged", "num_hidden_layers": 3, "total_hidden_units": 8, "unit_combination": [4, 3, 1], "learning_rate": 0.9}