{"0": [[0.3174708037593144, 0.1841091870349609, 0.27513580245065006, 0.2981593455259072], [-0.18801982125134678, -0.10407397679450986, -0.16164893434097977, -0.15945340475484865], [-0.5365485898170858, -0.3096022764307337, -0.49142897012628545, -0.47382491922868575], [0.6480370689138223, 0.39193938406246376, 0.6042882502334365, 0.5757360373770094]], "1": [[0.1079143554498515, -0.04700603693718571, -0.1703358488306977, 0.2300227394379191], [0.5408781331881417, -0.3033433865978159, -0.9742536397698291, 1.2488419481117252], [0.14680385298972803, -0.09050930453390019, -0.2630013930501803, 0.3216989526238208]], "2": [[0.3072766892663229, 2.1276835009826214, 0.4475205947754065]], "3": [[-7.367768013087828]]}