{"0": [[-2.4070111814451316, -1.1388358249574886, -0.2683352305426494, -0.6327996455942848], [-2.9476751794701093, -1.4801450373840839, -0.10984444827597506, -0.38376829174625976], [1.6340747887037994, 0.8326214531149226, 0.1945462032683792, 0.4476298960513426], [-1.6147159271685807, -0.8612347626787573, -0.19858872468838362, -0.41655679484459074]], "1": [[0.8788036310464216, 1.0801909270012775, -0.6710662418824027, 0.5365983540461756], [-0.6216180660559282, -1.2863127371622425, 0.40119977160511466, -0.38570503020450725]], "2": [[1.683303311908905, -2.1074358097169976], [-0.27727443380079464, 0.27563149539669884], [0.6135461323764679, -0.5954839217033988], [0.1371591266386776, -0.13573856702041184]], "3": [[7.668355503622233, 0.38478157868313584, 1.549304743865895, -2.0532081142377896]]}