{"Train": 0.1681366526227776, "Val": 0.17001766170846164, "Test": 0.17275756793538888, "max_epoch": 3, "stop_reason": "Weight gradients converged", "num_hidden_layers": 3, "total_hidden_units": 13, "unit_combination": [3, 5, 5], "learning_rate": 0.5}