{"0": [[0.7770957803142787, 1.2097282789297563, 0.8919442804592935, 0.8640666013553296], [-0.6517712800048087, -0.9716353234065863, -0.6942624064452569, -0.7079662732600217], [0.7284689282011735, 1.1097441728721715, 0.8022042815899877, 0.8121223127210913]], "1": [[-0.3910770983034089, 0.2995888035446892, -0.3534823621842022], [-0.026232654240650945, 0.018485528946534432, -0.028237331373418512], [-0.3282824133654046, 0.24912048733603753, -0.2922900178216149], [0.919751375039465, -0.6897804158329377, 0.8249870776528285], [-1.9579252655158024, 1.4823748229357596, -1.7422508500785918]], "2": [[-0.3074879062108088, -0.019021902558216425, -0.25242397480262385, 0.7305220977038005, -1.8529996487946425], [0.029209505936491964, 0.010483529238274213, 0.014216081571944397, -0.0753986165910913, 0.19194474745941667], [-0.22087121501472562, -0.0071529253895429796, -0.18276919268220138, 0.5135240170584329, -1.3115444718103408], [-0.14697268024618998, -0.0006409814706306277, -0.13623319238503642, 0.3625756004641564, -0.8932250801395003], [-0.45367277714903675, -0.04337066857700979, -0.37391900676550743, 1.0907199022096792, -2.7388735994210056]], "3": [[-2.079635533277153, 0.20810041996460096, -1.439910945058568, -0.9796376718575462, -3.256900933425869]]}