{"Train": 0.11354889157559574, "Val": 0.11344571055517562, "Test": 0.11335155562948361, "max_epoch": 4, "stop_reason": "Weight gradients converged", "num_hidden_layers": 3, "total_hidden_units": 10, "unit_combination": [2, 4, 4], "learning_rate": 0.2}