{"0": [[0.47587193427349, 0.8189766732056647, 1.5388947615404647, 1.3909993531959972], [0.5729515622526854, 1.3508528868405945, 1.7004876070461574, 1.6277486219364852]], "1": [[-4.751797614181523, -5.44072178239663], [-0.36274045419870443, -0.5568094025822722], [-0.5326623182197375, -0.9439049724867057], [-0.5520212014247281, -0.9410202433413817]], "2": [[-0.22015686337548235, -0.2300149390011137, -0.1871004075365708, -0.20364481057832776], [0.7085767110911068, 0.47032420360993, 0.711293567050583, 0.7201696010258116], [0.533749050052847, 0.34166099189199045, 0.5183035250275212, 0.5224429582510923], [1.717605042239589, 1.3250571889067373, 1.934904434240618, 1.9381885921914632]], "3": [[1.7303772449743926, 2.194362502893802, 2.0066837341685053, 3.8685118476905758]]}