{"Train": 0.14931082004080395, "Val": 0.14719990081281664, "Test": 0.14840893624691456, "max_epoch": 9, "stop_reason": "Weight gradients converged", "num_hidden_layers": 3, "total_hidden_units": 12, "unit_combination": [5, 3, 4], "learning_rate": 0.2}