{"0": [[1.1016200818502802, -4.593044626032418, -7.2967374768014635, -8.660479686185996], [-1.259438062309457, 3.955153109364323, 6.801842540019865, 8.192013369260236], [1.01549528035743, -3.54628505662649, -5.904530032580295, -7.088809429195797], [1.2538283700056259, -3.9683746332308285, -6.804659474886351, -8.199586184177273], [0.7462887293102569, -3.057683617551342, -4.77318752811006, -5.6839004690561605]], "1": [[-0.2868504202616169, -1.4720368720450985, 0.9921187827182177, 1.4268785087499702, 0.39298568226021086], [-0.26077604172681185, -1.4575041023196282, 0.9728377166794784, 1.4284023933136454, 0.37862500161093016], [0.09150632148911976, 1.3868460951003103, -0.8782022156301273, -1.3685061979702675, -0.3548775331011828]], "2": [[5.553506121148146, 5.510874866380497, -5.314460275831795], [0.28514981719084465, 0.28024990856328597, -0.2347603289070116], [1.248155397229347, 1.2414607727247198, -1.187430946308431], [0.05666058570001139, 0.08372712094790602, -0.16805142998224828]], "3": [[5.623011598453965, 0.10528776507550092, 1.6183188110074846, 0.17141151083718725]]}