{"Train": 0.14931020884065524, "Val": 0.14719929039180807, "Test": 0.14840832605487284, "max_epoch": 13, "stop_reason": "Weight gradients converged", "num_hidden_layers": 2, "total_hidden_units": 5, "unit_combination": [4, 1], "learning_rate": 0.2}