{"0": [[-1.7437359370080254, -0.15258587714528993, -0.6857738513531624, -0.6757013341532165], [3.852474235488284, 0.7000798399264663, 2.2094830987944305, 1.8304268229178264], [3.9015461185895193, 0.7109872832446871, 2.238482264985641, 1.8864330076663058], [-4.059686847784647, -0.8236258444022125, -2.4825144359785263, -2.0818958099758773]], "1": [[-2.216833288518552, 3.372116424586656, 3.3871134563266168, -3.6443734331819075]], "2": [[-6.797079026411861]]}