{"Train": 0.16813680975446377, "Val": 0.17001781910615296, "Test": 0.1727577267173543, "max_epoch": 5, "stop_reason": "Weight gradients converged", "num_hidden_layers": 3, "total_hidden_units": 11, "unit_combination": [4, 3, 4], "learning_rate": 0.2}