{"0": [[2.2575680435586016, 0.30318493502750954, 1.7018665670126119, 1.7025122232109393], [-7.138107516082972, -0.9675912546261373, -5.1633180347435905, -5.250626030920759], [1.1483427341354255, 0.14952399362648933, 0.862854049086665, 0.8658380676455918], [5.529896992032912, 0.7654779700831101, 4.0286667169533255, 4.091705086673599]], "1": [[2.2050099251725306, -1.3163525393533066, 1.5489146257648125, 2.168319357155798], [2.4606655314945054, -1.4706687091267476, 1.7711092073961976, 2.4174029410472286], [-0.5415242981287737, 0.4825978693043109, -0.45786063257508297, -0.5452529809505793]], "2": [[-0.8781561223006157, -0.8893353547898143, 0.07254381542724578], [1.2910524524469549, 1.2474095083674082, -1.4914101850535], [0.3350034458892657, 2.453106032130149, -0.31696592309686755], [1.0788909636224142, 1.1076863588060157, -1.003625017050864]], "3": [[1.324065764453186, -4.431658161160222, -4.949618161533224, -3.0169687014006183]]}