{"Train": 0.1681367287820771, "Val": 0.17001773804955037, "Test": 0.1727576447401514, "max_epoch": 3, "stop_reason": "Weight gradients converged", "num_hidden_layers": 3, "total_hidden_units": 12, "unit_combination": [5, 2, 5], "learning_rate": 0.9}