{"0": [[0.1812176577008777, 0.17863440246285875, 0.22126675082027766, 0.23467156965050115], [-0.31084755144279136, -0.3415327969333711, -0.3785024149511865, -0.377900896846383], [0.3907993421622185, 0.390919082035167, 0.42308939762982517, 0.4538322127101732], [0.6157229074905403, 0.6343690861287448, 0.7336106502945484, 0.7458581553992677], [0.23500736509036446, 0.2440789698972027, 0.2586776899980976, 0.2969561163007319]], "1": [[0.2886052906986034, -0.48292622720418554, 0.5754518130713419, 0.9703652598018021, 0.34960063418497705], [0.2945577924981638, -0.5242485337254471, 0.6145866552573741, 1.0588163760821583, 0.38653644215060384]], "2": [[-0.0022424974096459517, 0.002949557983333148], [0.0006424986553083151, -0.0008277065873474685], [-0.0006372319137999239, 0.0008024172237213018], [-0.003467789504940851, 0.004583309101059132], [1.4524366533104716, 1.5828199237500404]], "3": [[0.0003633801698550638, -0.00011353701374262246, 0.00012264452558291054, 0.000549915016851732, -8.048384088993876]]}