{"Train": 0.16813678057615367, "Val": 0.17001778986190658, "Test": 0.17275769725359197, "max_epoch": 7, "stop_reason": "Weight gradients converged", "num_hidden_layers": 3, "total_hidden_units": 8, "unit_combination": [1, 3, 4], "learning_rate": 0.2}