{"0": [[-9.124623642555314, 1.065967652662912, -5.603497792472634, -6.960698417773852]], "1": [[2.541976717187849], [0.06333436295137226], [0.16230959812538986]], "2": [[0.24732834613850052, -0.012662759067512748, -0.0744365159863867], [-2.871331598049215, -0.009538089008887286, -0.26283312609282855], [-3.1255773288047375, -0.03871272294866696, -0.06345531456929629], [-1.1869579240088413, 0.046212557859484284, -0.16072382958119327]], "3": [[4.657982368502349, -2.472499873204425, -8.892726190198456, 4.664803988839571]]}