{"Train": 0.14931111318255838, "Val": 0.14720019358073402, "Test": 0.148409228905259, "max_epoch": 3, "stop_reason": "Weight gradients converged", "num_hidden_layers": 3, "total_hidden_units": 8, "unit_combination": [2, 2, 4], "learning_rate": 0.9}