{"0": [[1.1933135032877087, 0.9532749585610379, 1.173900652732386, 1.171589039968605], [0.8265443041767113, 0.6582811397349643, 0.8204685559542099, 0.8182114692313832]], "1": [[-0.775486067544491, -0.49886136396069763], [-2.3084274282646593, -1.5349796854420152]], "2": [[-0.26294110926916314, -1.0462437073169193], [0.6440771305608244, 0.3099644980276034], [0.7745140868694755, 2.079134199065977], [0.10380536179052045, 0.8292815010824525]], "3": [[-6.971014712623949, -3.5873327485451485, 8.341659790027146, 6.653400977515979]]}