{"0": [[-0.2856841729869083, -0.06813211918366312, -0.2579019882930271, -0.2622386047699369], [0.5784049779324997, 0.1171262358928827, 0.5153642839536733, 0.5107031917449402], [-0.23583323359426758, -0.0344822184928892, -0.1907848986016848, -0.20721863291577988], [-0.939065379402389, -0.19643864186566323, -0.8814676958742277, -0.8646379681330818], [1.0515340437608944, 0.23552035437586688, 0.98263098586739, 0.9798266762502319]], "1": [[0.4213744502751055, -0.8402512361110145, 0.3433128462053152, 1.4388039675100899, -1.6503206764052698], [-0.10151170859730392, 0.14949011187038783, -0.08928782847465211, -0.12823347325873816, 0.14608866657199884], [-0.2680437234852388, 0.5080932947716992, -0.19418064657456274, -0.8791541261338853, 1.0115937121985685]], "2": [[-2.649197748265185, -0.17829516233044035, 1.6245717862408158], [0.9243781359362385, 0.291267052427126, -0.7368062907695216]], "3": [[-18.49016953815981, -3.748328342333514]]}