{"0": [[-0.8787997504337459, 2.54920180450811, 1.2490636163813371, 1.3306809608857435], [-0.7490070725930775, -1.4205329033128162, -1.0328450659444308, -0.9772191342535873], [0.3761904632007117, -3.058188976109415, -1.6287086739277727, -1.6806147138054424], [-0.07132307522638204, -0.4376911431726697, -0.24830099771890507, -0.23123709031616485], [2.8382914193016235, 0.6965948683260106, 0.6176919378304409, 0.37149340698735756]], "1": [[-0.2892249656295224, 0.4477225805597386, 0.2823332467806835, 0.20595043901617782, -0.10215968765817285], [-0.02682058257258628, -0.060164086114160326, -0.0480639156586209, -0.0009118155410392504, 0.10595034113619384], [-0.3537463732878142, -2.7069272531335944, -0.3544818955928077, -0.5229624034737662, 2.703223309104066]], "2": [[-3.767161877456811, -0.2100874773767497, 4.983101894452184], [0.34986607115649965, 0.0432662052458331, -0.4158025768496143]], "3": [[-6.918314303895685, 1.7954925723049253]]}