{"0": [[-1.136789394248049, -0.8284013347231309, -1.2930542123451305, -1.1400705789785672], [0.6050918237505885, 0.47260819321684994, 0.6825887857403886, 0.5765908252377233]], "1": [[-0.10975180148367158, 0.4697424114000204], [-2.20281989482198, 1.219694585996297]], "2": [[1.81842294002863, -2.9487170311215496], [0.9874550449992925, -1.2883920167380467], [0.1949160276450077, -0.3091774262850986]], "3": [[29.753208477134194, -9.098399292356454, -9.230432990606737]]}