{"0": [[-2.2615748471555883, -3.7996903124023524, -2.674948468909214, -2.6207039034016457], [1.7343099653023715, 3.0765177040961156, 2.4373068492223267, 2.438931564588748], [2.2870097932692257, 3.396532953045776, 0.5946368562850556, 0.6843739490789883]], "1": [[0.5148822463670721, -0.5753363649503092, 1.2491908977268888], [0.08121581799484455, -0.11118359373941736, 0.3247952695643891], [-10.731046508285766, 11.358485855050644, -12.074965317260334], [-1.1499937711451285, 1.2673226065497396, -1.5197247788466504], [-1.030095577202376, 1.1187575888150105, -1.5391200538233083]], "2": [[0.4383157898693603, 0.09541860402728701, -0.11217999495898368, -1.0075420195150955, -0.8359096070822482], [-0.018546225036656237, 0.011429262383640304, -0.03855878684024477, 0.05980467984563666, 0.04414089037364815], [-0.2338292448744067, -0.05500752291638951, -0.1807852117251973, 0.6308960562179997, 0.4960344721503421], [2.584298367803925, 0.5749053965223038, -0.8275961796463492, -5.527149020222025, -4.69690344244123], [0.21670744172505457, 0.038291408815724876, -0.10105509936023382, -0.4564803532728884, -0.3891577803589243]], "3": [[3.1456264682422197, 2.099036400227793, -2.9376015357857317, 5.776039792269192, -0.40918796313050537]]}