{"Train": 0.11354966687938865, "Val": 0.1134464878559995, "Test": 0.1133523322100426, "max_epoch": 3, "stop_reason": "Weight gradients converged", "num_hidden_layers": 3, "total_hidden_units": 9, "unit_combination": [3, 1, 5], "learning_rate": 0.9}