{"0": [[-0.24985384823813916, -0.015947520672820653, -0.1646217722437851, -0.1711833500672383], [-0.3502827050758699, -0.023675489171623314, -0.2600388086764545, -0.2666402335504535], [-1.3017467057686145, -0.08936116142330562, -0.9535553774841383, -1.060050033653329]], "1": [[0.340169077520534, 0.5143856140764397, 2.100796947273912]], "2": [[3.232074258266262], [-3.2252799322388284], [1.928354181883318], [0.25988705776014775], [-0.3771765303456154]], "3": [[-1.341352671560527, 1.3313654055820194, 14.497112718593813, 0.22971107288531686, -0.30192790535511066]]}