{"0": [[-16.401845877185238, -1.315921092631435, -8.112620154330557, -11.61389487621377], [16.788951605421797, 1.3680492941576832, 8.292247299555196, 11.865557714084252]], "1": [[-0.24898874966097537, 0.21495471546191267], [3.7223388936138644, -4.341833758524117], [0.0879148585648301, -0.06374325312747851]], "2": [[0.33854025279612077, 10.859126382217056, -0.11522155133169369]], "3": [[-2.826857121593853]]}