{"0": [[1.59632436235631, 0.07271552137765865, 1.5821187626661548, 1.6123041911338487]], "1": [[-3.1553345170548135]], "2": [[-1.2263985955471153], [-1.7903756490623934], [0.9292750757402168], [0.175819441075815]], "3": [[-10.489789335481307, -11.001805168167701, 10.231394176190111, -0.08694735245214417]]}