{"0": [[0.03189607183135225, -0.3428507718492694, -1.0749718361945346, -1.161037707925968], [0.18591557441303283, 0.3187820398521797, 1.1131514201742814, 1.0839806886854355], [-0.22241107969508997, 0.43305079074516467, 0.9823932619937406, 1.1521582741252505], [0.21952896281483272, -0.4301806931472549, -0.9787082363114382, -1.199893458613883]], "1": [[-0.02361041209221069, -0.0012586506075028495, 0.028628659843323884, -0.016180327882376572], [-0.008854664977140487, -0.009135690619546026, 0.028443600707638298, -0.04139449842780258], [-0.02743357627647953, 0.028117426499140254, -0.005241414178182066, 0.007690492291183987], [0.03463805647299133, -0.06932500221628266, -0.02696336203196509, 0.021197871131817588], [-1.3981808518835663, 1.1586138392383087, 1.6042110330573296, -1.602639657542109]], "2": [[0.06006370286558437, 0.06870925579939857, 0.045927158759530864, -0.1085005598788351, 4.979345738293019], [-0.06137936895006633, -0.05345025075665767, -0.052180880052889324, 0.07284835247964917, -1.4446950857007443], [0.0837851846100127, 0.07761636643892893, 0.14167571931595266, -0.297413751475132, -0.7669978938979388]], "3": [[-7.58208321502828, 1.0488605993306441, 1.7595828854021354]]}