{"Train": 0.11354960204161801, "Val": 0.11344642284699757, "Test": 0.11335226727904472, "max_epoch": 5, "stop_reason": "Weight gradients converged", "num_hidden_layers": 3, "total_hidden_units": 9, "unit_combination": [2, 5, 2], "learning_rate": 0.5}