{"0": [[-6.769554356782592, -0.35008394321663544, -3.2654419066302722, -4.052790003298822], [1.9515536805075935, 0.09719658414441638, 1.0984452554108857, 1.2913705034630323]], "1": [[-0.06840363264907083, 0.002212961527284532], [-3.422792076938938, -0.29554370479169484], [1.4640778948772026, 0.03829213128382931], [-0.4226895722907335, 0.055830696583641135], [0.7899326234589008, -0.06700836785408044]], "2": [[0.04838596724013795, 1.203005248860603, -0.9369804555000646, 0.32636271233014585, -0.6047159849221149], [0.052120053572944976, 2.8036315632624027, -1.4355298359112603, 0.3668306486718148, -0.6679615563646539]], "3": [[-0.8108451517505434, -7.259200839782267]]}