{"0": [[-0.6869618417697667, -1.008998075783547, -0.9335241283852193, -0.8212242744620007], [-1.4545492852795459, -2.243197026639032, -2.0706567773736606, -1.8196422576567708], [0.8456265236969124, 1.270716442259604, 1.1381191581716787, 1.0156478256559323], [-0.5709978581283945, -0.8336276242806934, -0.7887486662842985, -0.6787069743914702]], "1": [[-0.6894607610988439, -1.8656537662515165, 0.8854251255014054, -0.5725652486355496], [-1.0616345290425218, -2.903574256364589, 1.3374733280109445, -0.8695343490715614], [-1.1407586798199691, -3.0787818451958984, 1.423433877778338, -0.925195996979811], [0.5439502208408179, 1.4927628658799308, -0.6764595422679379, 0.46659825380218395]], "2": [[2.31964801373286, 3.7503492406003165, 4.044177352180581, -1.815116342139575]], "3": [[-7.1912948705949375]]}