{"0": [[4.3346689427908505, 0.5960037642149844, 2.3298536906787897, 2.8455953085064243]], "1": [[-2.912815010803003], [3.1367548330795114], [1.8995079125108814], [2.5175680217475636]], "2": [[4.745390948465591, 5.255996204965773, 2.4359616702091356, 5.185254119172526]], "3": [[-6.686341558607752]]}