{"Train": 0.11354846324907779, "Val": 0.11344528110173406, "Test": 0.1133511267060664, "max_epoch": 45, "stop_reason": "Weight gradients converged", "num_hidden_layers": 3, "total_hidden_units": 6, "unit_combination": [4, 1, 1], "learning_rate": 0.2}