{"0": [[-0.6744070561699697, -0.12091074266889237, -0.6507219412522386, -0.8532852269910489], [-2.7872685843985976, -0.6772702571612225, -0.6060230896647094, -4.25050737109963], [-2.620752149966959, -0.6234829375145304, -0.8704090749749308, -3.9778661231818755], [3.3671322756107154, 0.78011211107998, 0.28181249119470086, 4.930745725297084]], "1": [[-1.1466574013268769, -9.27445228965763, -8.387211733673684, 11.069454503842271]], "2": [[10.018459395679791]], "3": [[-6.600110327030018]]}