{"0": [[-4.89726553016913, -0.12055633813513045, -3.930045340453323, -3.723954866870203], [-1.7855809964008362, -0.040560250875446104, -1.5616706053733072, -1.468293377962018], [1.0556127839627454, 0.016572296113964945, 0.9860246101849576, 0.923776735321935], [-1.364011564126273, -0.03562289921169029, -1.2298993670815117, -1.1545956310282348], [0.11908513033113657, -0.007784300231909055, 0.23470668869163078, 0.18229566368715494]], "1": [[2.8440624800294954, 1.3583648951372647, -0.886737503983984, 1.1183611497251515, -0.6369330726793176], [-9.199070357526274, -4.3767585152270705, 2.8774404211777425, -3.600347543126139, 2.078081040437961], [-7.5823227874923855, -3.5380634485456515, 2.2768905316658103, -2.889023109097193, 1.6563225639537258]], "2": [[-3.2759162526700134, 6.976021776052068, -23.0076968185626]], "3": [[7.40159225381309]]}