{"Train": 0.11354966699059944, "Val": 0.11344648796288204, "Test": 0.11335233233118627, "max_epoch": 3, "stop_reason": "Weight gradients converged", "num_hidden_layers": 3, "total_hidden_units": 10, "unit_combination": [3, 2, 5], "learning_rate": 0.5}