{"0": [[-0.9583225862318958, -0.5625751718290711, -0.8260605592390989, -0.8008831430139761], [-0.027174023470500002, -0.0037322241722006185, -0.0012637241928314825, -0.02578690949662473], [-0.923550406441741, -0.5444245158443374, -0.7847271020384667, -0.75898249078978]], "1": [[0.8501835350440768, 0.01827162102716449, 0.8001320413727148], [-1.841121543088001, -0.02058879989362852, -1.725804431571896]], "2": [[3.2559345439770087, -4.1757920046240224], [3.2170997469545672, -4.211017285814761], [0.15237837540268748, -0.7088099094582176], [0.12202082947373447, -0.5665373785687177], [-1.2679229821737519, 5.115061927393743]], "3": [[1.4107365530923675, 2.767807098426482, -0.8060780098396731, -1.8569185278548017, -14.004205912944903]]}