{"0": [[-1.8388750653646058, -4.13477436803261, -2.0390408224823453, -2.0487468447031]], "1": [[-7.031063624397458], [0.11213808681119639]], "2": [[-7.44047732882977, 0.12173542290221226]]}