{"Train": 0.16813680975548256, "Val": 0.17001781910717406, "Test": 0.17275772671838305, "max_epoch": 3, "stop_reason": "Weight gradients converged", "num_hidden_layers": 2, "total_hidden_units": 7, "unit_combination": [3, 4], "learning_rate": 0.5}