{"0": [[1.1547371499059418, 0.9573691822785707, 1.4551728865565616, 1.5132032631749681], [0.8193631108406888, 1.3490256735799326, 1.4646615191205141, 1.5865066815150501], [0.6910818537642036, 0.5536019661969842, 0.8327075906071352, 0.8658010570771768]], "1": [[2.315656546241112, 1.6111550122345784, 1.6916110921761096], [2.7330947599480484, 1.7609135620237517, 1.9864232500323027], [-1.5863505173114398, -1.0807022411342244, -1.1730604959353665], [2.0808471860212547, 1.4313445564450504, 1.5331233575513987]], "2": [[-4.474143258165207, -4.245892609823597, 4.925875238530981, -4.623244058851325]]}