{"0": [[-0.00717521119431325, -0.004670737196837806, -0.011276082622917079, 0.014972874872972282]], "1": [[0.004316351444364768], [0.0034037196766015443]], "2": [[-0.0032806019309865797, -0.016424962984326264], [0.001559283024875253, 0.010706811499496859]], "3": [[-0.0073338454280351545, -0.005695170981781151]]}