{"Train": 1.4629415412806888, "Val": 1.4611522505253243, "Test": 1.4617261497433855, "max_epoch": 3, "stop_reason": "Weight gradients converged", "num_hidden_layers": 2, "total_hidden_units": 8, "unit_combination": [3, 5], "learning_rate": 0.5}