{"0": [[-1.2281631210351638, -1.1559537316047743, -0.7321637086605003, -1.074950683627431], [-0.5675545787594442, -0.5435847152416118, -0.006382472559968813, -0.279925404262361], [0.44167470363319017, -0.08282780493389567, 0.7602870800950063, 0.588987717033585]], "1": [[-3.4328873754172182, -3.200937806211053, -2.4770102271652954], [-1.9423682820959978, -1.8666317427130519, -1.4107068600953545], [-2.5811328847319412, -2.1740514188823514, -1.686938494828613], [-3.7717123126172325, -3.3618611953919464, -2.5454348262988757], [3.6122336463253486, 3.19356990956983, 2.389590707426376]], "2": [[5.375986506617987, 12.375372021519977, -17.191509321592246, 10.682095355972866, -11.03768880699971]]}