{"Train": 0.16813680975548265, "Val": 0.17001781910717412, "Test": 0.1727577267183831, "max_epoch": 3, "stop_reason": "Weight gradients converged", "num_hidden_layers": 2, "total_hidden_units": 4, "unit_combination": [1, 3], "learning_rate": 0.5}