{"0": [[-1.0636691698668317, -1.2459718660384675, -1.6928072781898347, -2.0191318029710548]], "1": [[-0.9975676185978957], [-0.046731545498170934], [3.8198201077699365]], "2": [[-8.850703836720704, 7.984584516344267, 16.025872587430936]]}