{"Train": 0.11354919023249017, "Val": 0.11344600891778289, "Test": 0.11335185201811682, "max_epoch": 24, "stop_reason": "Weight gradients converged", "num_hidden_layers": 2, "total_hidden_units": 8, "unit_combination": [3, 5], "learning_rate": 0.2}