{"0": [[4.841302686387731, 1.027282517609288, -0.036517762830792555, 0.6643394367546015], [4.498356842552208, 1.8656424481246645, 1.1448639104282243, 1.1075588567749741], [0.4575944295512191, 0.015929075075365288, -0.23151157620821486, -0.09183336151797267]], "1": [[0.8210958198886839, 0.4343591185604044, 0.35210634261676227], [0.7907212758490507, 0.24483887209147984, 0.30721450073175305], [-0.756493961831938, -0.33193425726702913, -0.338335784793185], [0.36036324632883093, 4.935121446612735, -0.41341712618430965], [-0.3537879690088865, -0.33780655325012937, -0.14155809410405729]], "2": [[0.31525166780247105, 0.8862877616462094, -0.028623298777589453, -8.290074709274426, -0.5091700120900663]]}