{"Train": 0.14931110332523007, "Val": 0.14720018265063464, "Test": 0.14840921582546296, "max_epoch": 3, "stop_reason": "Weight gradients converged", "num_hidden_layers": 2, "total_hidden_units": 9, "unit_combination": [4, 5], "learning_rate": 0.5}