{"0": [[-0.9345813129124578, -0.9841065199878173, -0.7324429752920733, -0.8309694628700887], [0.6899379130518432, 0.3028187153588629, 0.22963145497526027, 0.25672193107119323], [0.895138305054814, 0.6100449930123166, 0.44232695273904626, 0.5442822484895855], [0.013462249221793189, 0.0007214570061662421, 0.016444762580504486, 0.018684049940900133]], "1": [[1.1047082956774628, -0.39949389004831853, -0.7256980953405489, -0.0082927873412121], [-0.31131234072714925, 0.13864593454107624, 0.18812290157094835, -0.007331985506330675], [1.3282097574543978, -0.4810992375771643, -0.861263397065376, -0.034516618919918945], [0.3788443749329441, -0.1274753652687705, -0.20719316834519652, 0.007719256029290162], [-0.0001148767973338985, -0.012117432419303343, 0.014835980663698447, -0.006593056628243591]], "2": [[4.366591919857076, -1.128579675030117, 4.8154811257320045, 1.7537039478269492, 0.01282218371045038]]}