{"0": [[1.7092225592532766, 0.8894763143178608, 1.4171877709131884, 1.4469467979024841]], "1": [[0.5236357791647663], [0.8575001835348001], [2.6195668758700945], [-1.3663469368201635]], "2": [[0.035176568639205485, -0.010989430888541485, -0.6304044544497287, 0.1316722220863108], [-0.3877316143018935, -0.58409433619598, -1.6346911982842878, 0.8575314561084769], [-0.41050867703978644, -0.6446371895363977, -1.79906430187991, 0.9896836318183634]], "3": [[22.012797448569373, 23.069386772848, 23.307687978260002]]}