{"0": [[0.06027821647370844, 0.20058441183079387, 0.641022901565378, 0.6570016156275336], [0.21154358388003766, 0.5114567331016161, 1.685038106736374, 1.6916104628746509], [-0.4558305938645264, -1.0240237974363606, -2.9705870973189654, -2.9756480675006753], [-0.39888249294964523, -0.8722713803677125, 0.08542369892889205, 0.07132860332122867], [-0.4776168913057314, -1.054363179820706, -2.6674308736914867, -2.6933181874613163]], "1": [[0.43697887562879373, 0.451807094861997, 1.269535298266701, 6.672120658386605, 2.1524021741557102], [-0.48668187903936216, -0.8218032438434726, 0.16782959903056943, -3.283053148577748, -0.3605857544888696], [-0.009878383896431206, -0.026157130308472682, -0.09271967480437071, -0.40059963024678136, -0.14085127876510828], [0.3865849867563876, 0.417879495740135, 1.252322425773008, 6.5418852541733905, 2.1301328535380355]], "2": [[-3.266457302787531, 2.1797527559621406, 0.18016144585007984, -3.217338724284045], [-0.46840031299259677, 4.572621899114756, 0.044408778010108105, -0.3668034541902285], [-3.0209778150925346, 0.3792799442614849, 0.15031027724314733, -3.0261271731311106], [-2.7704329747017753, -0.17240510359228803, 0.1348283286518455, -2.7940646946138825]], "3": [[-5.236551971384395, 17.645639843100728, -11.816766016107024, -11.863424359463991]]}