{"Train": 0.11354964137292342, "Val": 0.11344646230296777, "Test": 0.11335230665906869, "max_epoch": 5, "stop_reason": "Weight gradients converged", "num_hidden_layers": 3, "total_hidden_units": 12, "unit_combination": [3, 5, 4], "learning_rate": 0.2}