{"0": [[1.0122092664787359, 0.8218898153118304, 1.9188769111142117, 1.6218463961185146], [-0.3881296379327413, -2.7099422307494687, -1.2236522861391215, -1.2176675857104091], [-0.3388743651051506, -2.5148177457310408, -1.0864165912013721, -1.0766454588474625]], "1": [[0.09764104900799149, -0.831308526427477, -0.7911944966292715], [0.9859039053546045, 0.20372051477231967, 0.25221178979747105], [-2.7836438499621066, 0.6032024885148144, 0.4749879527904791], [-0.6850434288015439, 0.5556249919019797, 0.505537944586856], [0.04913289728237698, -0.6022015086986947, -0.5834096861701848]], "2": [[-1.1339945074629945, -0.3528905332928652, 1.6483922570747387, 0.9506661381928976, -0.7035398605402103], [-0.5594679971756921, -0.6529241177967242, 0.9720303909928912, 0.7245533629563691, -0.33329833368876116], [0.6310191317877125, 0.21501572778590533, -0.7509370672673542, -0.6647715403290032, 0.5233578325554351], [-1.6884290049186712, -3.573627586732205, 3.588934078083776, 2.9865059905370708, -0.8594748630732242]], "3": [[-1.3471774180829503, 3.1873504964282753, -2.510633549705806, 4.2387750453554345]]}