{"0": [[-0.006133842894424334, -0.008877209098551721, 0.0013505511773454842, -0.018979821446888888]], "1": [[0.00025179459047088216]], "2": [[0.001198393966898139]], "3": [[0.00021399333267718546]]}