{"Train": 0.16813059880073086, "Val": 0.17001159416561468, "Test": 0.1727514550033357, "max_epoch": 49, "stop_reason": "Max epochs reached", "num_hidden_layers": 3, "total_hidden_units": 5, "unit_combination": [2, 2, 1], "learning_rate": 0.2}