{"0": [[-1.7127019013195202, 9.46652466242851, 4.2820869226881175, 3.8026810499620023], [2.2202842782219907, -0.6570734647825605, 0.5553966801796595, 0.01051987204452613]], "1": [[2.062285279035456, 2.699742223481806], [1.502629860696115, -0.38605590123390815]], "2": [[4.117742259541884, 2.3728960717109504]], "3": [[-5.810771517340418]]}