{"Train": 0.1135483786795664, "Val": 0.11344519631306318, "Test": 0.11335104200420838, "max_epoch": 6, "stop_reason": "Weight gradients converged", "num_hidden_layers": 3, "total_hidden_units": 8, "unit_combination": [2, 5, 1], "learning_rate": 0.2}