{"0": [[10.783576943335497, 15.970617823685142, 7.918567021825648, 8.125203805475348], [-10.773096702367004, -15.830457556434697, -7.852346589691964, -8.069325427688472]], "1": [[-0.3046253571250794, 0.37969840931851373], [0.9911539798546459, -1.264852557751832], [-0.5675678366062497, 0.7227856989345544], [5.26739697808959, -6.506117175857385], [1.8526669122841013, -2.389716212509237]], "2": [[0.4444443467386254, -0.9952982401315739, 0.6642495454019971, -1.5215263991021277, -1.6771225516052555]], "3": [[6.566749838981242]]}