{"Train": 0.1135496669784582, "Val": 0.11344648795394478, "Test": 0.11335233231167549, "max_epoch": 3, "stop_reason": "Weight gradients converged", "num_hidden_layers": 1, "total_hidden_units": 5, "unit_combination": [5], "learning_rate": 0.5}