{"0": [[-1.3611445152420862, -4.396992881967987, -2.222256117659045, -2.2419892214841513], [-4.284343430106203, -7.932574456940174, -4.071921246778365, -4.054664310450165], [5.751353713110381, 14.218283772761705, 7.204449874207422, 7.302239961924573], [1.010857591890628, 1.9358622423752998, 0.977235482422738, 0.9779257587379192], [0.9406322051521073, 1.8384936794750997, 0.9419038326581648, 0.9494116241965013]], "1": [[0.44904323505730703, 1.868649292302696, -2.3617938966533316, -7.399245471196187, -7.643769720874338]]}