{"0": [[-3.6082046186912846, -0.19382897353013442, -1.7076611266094783, -1.8288648708090804], [3.5767923279728717, 0.19004387994032415, 1.6692386619944348, 1.7812091754397608]], "1": [[-4.012751697146826, 3.942276525446725]], "2": [[3.51409374091827], [1.9110161490631514]], "3": [[-10.193706507185475, 0.6212268495186762]]}