{"Train": 0.1681361415817484, "Val": 0.17001714942395374, "Test": 0.1727570520066116, "max_epoch": 4, "stop_reason": "Weight gradients converged", "num_hidden_layers": 3, "total_hidden_units": 9, "unit_combination": [3, 1, 5], "learning_rate": 0.2}