{"0": [[-0.24710730496610428, 0.6942687384214924, 1.8222408651439952, 1.9432832725061844], [-0.02750826084162095, -0.3866588611456308, -1.0858356389671875, -1.2267237835136653], [-0.3715941805464178, -1.448389720691787, -1.0880239894526513, -1.127962714564136]], "1": [[3.068871932548733, -2.9589744743090582, -2.257703880841483]], "2": [[-7.393400564742167e-29], [-3.812544470716385e-21], [2.0690872690179896e-25], [1.819636242068359e-23], [3.28773656745288]], "3": [[7.393401278389608e-29, 3.812544470756711e-21, -2.0690872813443046e-25, -1.8196362426478588e-23, -6.9448081094717855]]}