{"0": [[0.2267943924045291, 3.6665726089699566, 2.4144987712008956, 2.6332181996048307]], "1": [[-0.3487158543810731], [-0.2492384214603171], [0.06288874106557768], [2.267872575282374], [0.5793548773637747]], "2": [[0.04578540254987302, 0.03329797620515983, -0.006902824262786514, 2.968968420491843, -0.07384369857344618], [-0.32093271245304467, -0.23357575777630626, 0.04810003360725262, 3.389445700787814, 0.5167530108725632], [0.1589084406973403, 0.11052616893566479, -0.03422567516738317, -1.3022886556727695, -0.27842695201550083]], "3": [[-2.419632566628799, -6.322597237267892, 1.3859394460214671]]}