{"Train": 0.11354965697026287, "Val": 0.11344647836841222, "Test": 0.11335232158315112, "max_epoch": 3, "stop_reason": "Weight gradients converged", "num_hidden_layers": 3, "total_hidden_units": 10, "unit_combination": [5, 2, 3], "learning_rate": 0.9}