{"0": [[1.0348364560928458, 0.46639647891275776, 0.9039612893997989, 0.9002495374258457], [0.13565581158735857, 0.05890988801439113, 0.1407190101237772, 0.1289482299300572], [-0.014337945382647987, -0.00733261663245574, -0.023952050720949976, -0.015816526753698146], [-0.7723121631603062, -0.3249242466207845, -0.6645614032372207, -0.6622216574831413], [-0.3966295108681202, -0.1881230061171353, -0.3350642156523184, -0.3523125438678052]], "1": [[0.5777904142544288, 0.042132741807325104, -0.007206889254706237, -0.3692253531379277, -0.15515249468497258], [1.5866195332520023, 0.23248850865202078, -0.02760720156877361, -1.1606580992327462, -0.6164156096557805]], "2": [[9.990279541023908, 10.361814362207452], [1.0939279136984927, 1.9875565376541113], [0.17068585935482836, 0.11381607354385546]], "3": [[17.038321436461416, -26.02613095061355, -1.4797430289657065]]}