{"0": [[-0.8172233317664499, -0.09779625242331655, -0.61380486720923, -0.6295633256087041], [-0.07207220426103035, -0.00473982192462192, -0.06002632135142661, -0.04395677009255823], [-1.1366653871493217, -0.18516324363323117, -0.9424530551385126, -0.9378191544112847], [-0.440188855295659, -0.04859011456403983, -0.3481824235539157, -0.34149803934221434], [-0.26350908435766507, -0.03559612066930276, -0.20555502052861777, -0.21455634690766548]], "1": [[-1.2978725882922881, -0.10310232549652935, -2.209311586567435, -0.6540089133631777, -0.3870502365257161]], "2": [[2.0906701365284315], [-0.035430888921917605], [1.5484126468966992], [1.8511864357713128], [0.2706034114516466]], "3": [[-7.075769570698046, -0.017734469085553803, -6.339108350815262, -6.751413005028162, 0.19789995046570905]]}