{"0": [[6.903476123838077, 1.4065718408919172, 4.54908247067485, 4.6172266182971295], [5.702495723758697, 1.1216078749286877, 3.858415210594185, 3.9067354721831653], [6.519784264909225, 1.5636146348634716, 3.673329758523092, 3.714258670841491], [-6.257827093311971, -1.310635222277427, -3.0838324081806747, -3.1239913276992426]], "1": [[0.004416649727643438, -1.0268544660045427, 9.442166244513114, -5.647213244146193], [5.566966299541387, 1.7513081921340867, 31.35648439650119, -21.31682208074617]], "2": [[-10.87857492363194, -39.573648210528766]]}