{"0": [[1.0769426439463297, 0.5835737422448866, 1.0420546594037419, 1.0338965218122034], [0.14442390456823057, 0.06491631940781592, 0.15506387103847424, 0.13493126802616162], [1.3235665652975765, 0.7163467778883534, 1.2916296981209192, 1.2561489041217315], [1.852433747231091, 1.0325417602544023, 1.8315301385191283, 1.8049054391453423]], "1": [[-1.97427229038061, -0.2594575685819767, -2.4600015111134828, -3.722665004386528]], "2": [[-0.8357426528625139], [-3.883503859084317], [0.9550189230363144], [1.9989003626109103], [-2.6594895007700163]], "3": [[-0.8366914378034426, -3.9450326547673087, 0.9564817646797438, 2.006966641403752, -2.678711686512468]]}