{"0": [[-29.193815362707856, -31.720695927148537, -14.45509972791363, -12.91039467073221]], "1": [[-0.9080592096741089], [-1.3458251200674731], [-1.3831867800060655], [-1.2311753886433914]], "2": [[0.496768227735975, 1.0995764801133834, 1.269214174982409, 0.8310830411981953], [-0.5372575301939839, -0.7751606519317078, -0.7597912506958399, -0.7609638401965451], [-0.6008760929834346, -0.8346600958503769, -0.8391787560447439, -0.8603553165133103], [-0.4538980963116048, -0.678181732826991, -0.673126697214691, -0.6534525429551226], [-0.677194630257951, -1.263775339515097, -1.3492122121703654, -0.9795616379569834]], "3": [[-5.3510038066518195, 0.2012328333539727, -0.15510822404785818, 0.7643893909147206, 4.945556875237318]]}