{"0": [[19.58513809165702, 0.9389045472218355, 9.277329185293322, 10.187588486085277]], "1": [[-1.1779122195246912], [1.1915751776070402], [-1.1330325825524725], [1.195291178973389]], "2": [[0.36306448306809147, -0.5163840755968966, 0.29136413067717176, -0.42956215929839875], [-0.34694312098222063, 0.4350310661090583, -0.2967499076790255, 0.39116704957056103], [1.070391597723639, -1.0455023632922298, 1.0418384912420497, -1.068180728501218]], "3": [[3.6880539127983902, -1.819254428951419, 4.113811239552097]]}