{"0": [[-1.8806455005652718, -1.2597117320655296, -2.096271547538572, -2.0738430098824634]], "1": [[4.5596016374829995], [1.4406394558965145], [-0.4345151709038198]], "2": [[5.252762019159063, 1.455518466037738, -0.43620266004823466]], "3": [[8.916580766240084]]}