{"Train": 0.11354966698253881, "Val": 0.11344648795480053, "Test": 0.11335233232311302, "max_epoch": 11, "stop_reason": "Weight gradients converged", "num_hidden_layers": 3, "total_hidden_units": 11, "unit_combination": [5, 5, 1], "learning_rate": 0.9}