{"0": [[-1.1120565311894577, -1.1157890983712213, -1.3807443871947824, -1.3783235701229413], [1.2005337347079994, 1.2394931959400564, 1.4939829278616046, 1.5024452163333766], [0.8919850368356861, 0.8938334112748739, 1.087471838881063, 1.0971781852451474], [-0.596105233197998, -0.5957431421923421, -0.6970592463324636, -0.6987922549699779], [0.5011660717646724, 0.4988629223276707, 0.5994639678442154, 0.5912461338392899]], "1": [[-0.5540430479922864, 0.6112111519922786, 0.410784135787042, -0.28075742066388787, 0.21011282967121642], [-1.8226725820739718, 2.059755536816368, 1.3975866213600527, -0.8637615664490234, 0.7466244741824615], [-1.0784578456667562, 1.2009697311524499, 0.8162405091566526, -0.5154902006956326, 0.4295999260106499], [1.234339607549463, -1.369867702000179, -0.9325743700877257, 0.584877726455191, -0.4874960089446231], [1.1160934405926939, -1.2730192424527975, -0.8641761340976541, 0.5314652277091959, -0.44893067947499754]], "2": [[0.9886933098092937, 3.6778807497045825, 1.9885891753303964, -2.2934633783905585, -2.0940085668644355]], "3": [[-12.55692123611029]]}