{"Train": 0.14931111285206056, "Val": 0.14720019325065758, "Test": 0.14840922857530625, "max_epoch": 3, "stop_reason": "Weight gradients converged", "num_hidden_layers": 3, "total_hidden_units": 10, "unit_combination": [3, 5, 2], "learning_rate": 0.9}