{"0": [[1.8818839565077299, 1.8239506352532973, 1.832565445180697, 1.8009583130166096], [-1.9442333267400735, -1.8981301724306778, -1.9081863354621447, -1.8798029974228114], [-1.448998114321265, -1.3879736714456916, -1.3984009911322264, -1.38220901044197]], "1": [[0.8899416629453324, -0.949402819652819, -0.6391681682696564], [1.0596744217476035, -1.1081125652548658, -0.7638355788045612], [3.3861439506611024, -3.5724584490676556, -2.453382700920587], [1.6906981930332539, -1.7537922874158784, -1.2116911039510312], [0.9390692508644968, -1.0075127006564033, -0.6884454748675826]], "2": [[-1.0177272159266764, -1.199940196943179, -4.299266626832997, -1.9301017712795168, -1.0757037025242289], [-1.0399968697982955, -1.245111228296414, -4.429375621215915, -1.996651500776021, -1.113424232202803]], "3": [[5.2875505976836354, 5.466707637725754]]}