{"0": [[-0.18669635662597775, 1.2132230467003886, 1.5050290544141145, 1.9568484718524257], [1.2078468071858377, 1.6190538711982136, -2.542937540220289, -1.671214290691894], [0.2571407206105201, -2.282476112966151, -1.6343746428015076, -2.6976035888165275], [1.145825883375541, 1.5446176375893916, -2.328397143436457, -1.4860693459675698]], "1": [[1.9193399516445895, -1.1532113046269281, -2.535493186616182, -0.7006783488313074], [1.562401588190601, -0.23483425241441377, -1.779729658376191, -0.20639948825110302], [0.695691660013764, 0.10662435907150794, -0.7230914632695367, 0.12980210110161272]], "2": [[2.057057504822548, 0.8862298225622468, 0.3685786582527196], [1.3208510597636673, 1.306223762438507, 0.7193009481461041], [1.4887684954540683, 1.05850429567517, 0.96776019475769]], "3": [[5.924082806942717, 2.834955269173712, -0.8409473894522734]]}