{"0": [[-7.276717663679663, 0.13590511256716517, -6.930989347728439, -2.8080187596985584], [5.413873321031865, -0.05673792516245252, 5.963135521248106, 2.1836493063416076], [-15.600374107422038, -3.065736628327099, -1.5344116596272879, -2.5691264983581887], [0.6859033455015596, -0.019619000696513636, 0.7037604076778127, 0.5277182807859613]], "1": [[-0.06194570595312083, -0.47198986164573714, -8.928350609151384, 0.07309438694171319], [4.591884841632185, -4.429499378616754, 4.3692505526731, -1.8933129173597383], [5.533510814515205, -5.424086111073701, 6.2222139341306875, -2.4332274706969765]], "2": [[-19.175064228891426, 20.970878672276395, 15.74612808418352]], "3": [[7.825993297771473]]}