{"Train": 0.1681368097471888, "Val": 0.1700178190988612, "Test": 0.17275772671000467, "max_epoch": 3, "stop_reason": "Weight gradients converged", "num_hidden_layers": 3, "total_hidden_units": 10, "unit_combination": [3, 2, 5], "learning_rate": 0.5}