{"0": [[-0.3200488286637669, -0.1218730737663638, -0.2744336739546499, -0.2719129586819899], [-1.2919713247446583, -0.5806048766245969, -1.0749841295678442, -1.0507064081552195], [-0.7082315106057304, -0.294243356182583, -0.5761628721035625, -0.590176579440958]], "1": [[-0.4770696254280134, -2.157821445408362, -1.0805486167107217], [0.19450845571784825, 0.8276911144669178, 0.3994694891703999]], "2": [[0.4105603010836712, -0.2557880808421765], [1.8902430242853676, -0.7383227591501954], [-1.3862364354999603, 0.47489514103664376], [0.5891541043316088, -0.7980717576494288], [-0.18896518122345457, -0.05687119109772946]], "3": [[0.35402394236564705, -7.930147037525402, 7.342258160861436, 2.429460784995042, 0.5375619844978108]]}