{"0": [[0.8901372539904686, 1.7599218862028896, 0.8595089691461345, 0.8578351233938281], [-0.7500838081590386, -1.5305423712890602, -0.7684334381925054, -0.7495611389261382], [1.218580721133293, 2.533967469500755, 1.241088854879556, 1.260389511930498], [1.1531610645903125, 2.3587991113397497, 1.1658155447783165, 1.1681521700824742]], "1": [[-0.2763630767097698, 0.22973949925016723, -0.40689546523686326, -0.3634199073669218], [-0.9323295847282911, 0.7818785337480466, -1.361890608090945, -1.2541643144376453], [-0.8419619789102699, 0.7269195416937664, -1.243015694181316, -1.155114186445163], [-1.408081801357106, 1.1849616735424, -2.039051795166594, -1.9082294520319316], [1.4449771779409104, -1.2133959596789332, 2.1296090312798643, 1.9760116564821377]], "2": [[0.648011291878657, 2.2642940392382713, 2.0241605526327926, 3.396108644920707, -3.492653924531021]]}