{"0": [[-0.1341754880975773, -0.786671807417087, -0.48708104717016426, -0.7127602107888114], [5.644748037244672, 0.899648446917032, 0.6135503479283408, 0.30584542739986803], [0.12974851386334013, 0.7631366047703659, 0.39767242623428417, 0.6059358259913223], [-0.8785855178082246, -0.7813066337023818, -0.6789926228014992, -1.5544023458590719]], "1": [[0.30621414785066714, -1.3464297184552252, -0.2546067614308515, 0.3947258775909667], [-0.5763021979323052, 1.4819039131071923, 0.48577105336363574, -0.35971114549896405]], "2": [[-2.183824799341828, 2.4341109577505664]], "3": [[-6.766725213561225]]}