{"Train": 0.11354966521206537, "Val": 0.11344648617587388, "Test": 0.11335233055006864, "max_epoch": 3, "stop_reason": "Weight gradients converged", "num_hidden_layers": 2, "total_hidden_units": 9, "unit_combination": [4, 5], "learning_rate": 0.5}