{"0": [[4.719207879315599, 1.1615461918453929, 4.223323280644334, 4.677106137814798], [2.7109104779898807, 0.7241208327246105, 2.229761342103232, 2.474181080997768], [-3.4977006253563347, -0.908428761607534, -2.9998778482258577, -3.3370710008548286], [1.120182303147446, 0.28504149308845605, 0.8424013758658508, 0.955202348329819]], "1": [[1.8168168170433314, 0.7959004230383817, -1.1653539665802564, 0.2422240468027359], [-0.3888204667744758, -0.3884741118092909, 0.3960520320953908, -0.23239046471746158], [0.6286458622783387, 0.08218680905296302, -0.2810502293971777, -0.09243133734564578], [-1.7959953279367673, -0.8244412788968094, 1.1540976038844961, -0.2346653508705314], [-0.1818546466540012, -0.42680583999809957, 0.37221144953266966, -0.3265415135906568]], "2": [[-5.62931081055095, -0.8158583782601088, -3.696209688614974, 5.577232234004423, -3.868527565067816]]}