{"0": [[-1.9103051468472723, -2.1542989688973715, -2.16773488675423, -2.163968449499914], [-0.4718340695411438, -0.5053282116174583, -0.5082071236803302, -0.49415980735088244]], "1": [[4.576772342659166, 0.889386573918306], [2.3308138166915016, 0.4462441546011388]], "2": [[4.989195328771694, 2.4076584352073174]], "3": [[-20.8144181502088]]}