{"0": [[-0.11968189721573833, 0.6754882301746166, -0.1284778160750266, 0.07143337196503104], [-3.340994960218058, -0.8105771538242016, -0.9277347517205587, -0.635537137932949], [-1.6867695611397, -1.4609392072806233, -0.1437879351083845, -0.37479289763823986], [11.004360907519427, -1.7487294026523024, 4.372950447249705, 2.1645368947777914], [-1.6469714604037362, -2.6073599724624854, -1.0236750635699599, -0.8841959684876274]], "1": [[-0.5612765657260957, 0.6671416810175697, 0.5792176142109934, 0.5203117591385836, 0.7355851765202408], [-0.06834689037513351, 0.19492014345010866, -0.0397631955986786, -0.43654878616503373, 0.12117983876504193], [0.413547230851621, -0.6170027728465222, -0.44906361664051886, -0.10160897402280653, -0.5665289920247225], [0.3396258946973357, -0.47862908021598477, -0.41694255611503367, -0.24651069966587447, -0.4931907290432433], [0.15233961477984537, 1.1539988523379086, 1.7372134291878811, -4.318090730613932, 1.2620313751565648]], "2": [[-0.08161681574058371, 0.03395299860126603, -0.05965847551501595, -0.06172682248688738, -2.3870881299973052], [-1.9709409737685077, 0.6050762844374719, 1.9509609003998574, 1.7204551132447354, 0.3741695073003766], [0.2266282567142569, 0.2797306120480142, -0.2755475947579352, -0.07974761683008606, 0.2232440237970702], [-0.34302889600277897, 0.21334967017363757, 0.30865290613386925, 0.2910211985731468, -0.7469064664017585]], "3": [[-3.15989874992701, -12.25745800365778, -5.843322136321174, -5.9641932005292775]]}