{"Train": 0.1135704284025802, "Val": 0.11262395399070974, "Test": 0.11412526393623634, "max_epoch": 42, "stop_reason": "Weight gradients converged", "num_hidden_layers": 1, "total_hidden_units": 4, "unit_combination": [4], "learning_rate": 0.2}