{"Train": 0.11354409431273038, "Val": 0.11344108999831386, "Test": 0.11334672372978778, "max_epoch": 49, "stop_reason": "Max epochs reached", "num_hidden_layers": 1, "total_hidden_units": 4, "unit_combination": [4], "learning_rate": 0.2}