{"0": [[-3.503763157004333, -12.48364218212194, -4.331211382363993, -4.42736204435074], [1.1589071646400348, 0.4261024582939104, -3.841939239369865, -3.6275642351442574], [0.2805274813751414, 1.4716724920950595, 0.30545523686647824, 0.36415313015701345], [6.064300440276758, 4.882386072004594, 0.511530536622762, 0.03873552962256647]], "1": [[4.090712366580498, 3.589228240654842, -4.88053952659851, -6.813948157604136]]}