{"0": [[2.1502649221887764, 1.7399550452355723, 1.1976781002516999, 0.8631115303978747], [4.113035262244099, 1.712143522896373, 2.9990455233490616, 2.0049952701384695], [3.775568216356672, 2.6273226061319352, -0.21208961448097435, 0.093753913030862], [1.35960261449188, -0.16139692765060443, 1.40954873580717, 1.8573041133300043]], "1": [[0.7548562520058139, -8.416851770597027, -0.11443483831201552, 1.9568578077345242]]}