{"0": [[-1.2384002412495496, -1.273572176539579, -0.4321168501621813, -0.4219373065388701], [-1.8571346995540896, -2.0278196646890962, -0.5649493346898437, -0.4777132241825772], [2.2500820672140263, 1.0062419825199513, 0.3721398460474855, 0.2043544906170263]], "1": [[-0.9709240426005212, -1.327108708628241, 0.44329097629307246], [-0.9245403559419498, -0.9248111797725771, 0.9205004131245208]], "2": [[1.832666806769621, 0.8254530769062606], [4.1372548437034835, -2.587307955036495], [2.2925693431934615, 0.9408860185065098], [1.8454442384674397, 0.5364914977417448], [-1.1185672066753571, -1.0539028420725318]], "3": [[-1.6655017678584996, 0.023382644099279683, -2.617731266808858, -1.9556654532577809, 1.0461296533313003]]}