{"Train": 0.14931111282968781, "Val": 0.14720019322903496, "Test": 0.14840922855155383, "max_epoch": 4, "stop_reason": "Weight gradients converged", "num_hidden_layers": 3, "total_hidden_units": 9, "unit_combination": [5, 2, 2], "learning_rate": 0.2}