{"0": [[-1.5474626131357512, -1.052788452269575, -0.3136783296900432, -0.26600256540618156], [-1.215973880548151, -0.9092227553276367, -0.37850468956721867, -0.3600403952650298], [1.1770046082140107, 1.0081980553060916, 0.6029804158602223, 0.5417355489761979], [-2.0379572022124814, -1.3739791814190758, -0.35394727679182214, -0.33577388140155473], [-1.3254602452438202, -1.035262423219808, -0.5058867122570189, -0.45301098075969143]], "1": [[0.3621881557797371, 0.4526765852626318, -0.6689023239985931, 0.436808427654756, 0.5837466382590328], [-0.09990223503274695, -0.19380895383907412, 0.3583631222716425, -0.038772588519576524, -0.260908714492235]], "2": [[6.081382617363466, -5.4372805400241075], [-1.5432673030587267, 0.4666935326098705]], "3": [[6.446583520532841, -4.566478173857747]]}