{"0": [[-0.6141589006347857, -0.9252051006307316, -0.1559016814803001, -0.34696309780741624], [-0.3064452535667439, -0.08209168814442314, 0.5664758136930576, 0.4276130966150411]], "1": [[4.891821972606198, -4.572982038497424], [11.188720220341834, 1.6704679340969018], [11.252819528139122, 1.6907333616982478], [-5.510634534662962, 5.371786604583756], [-12.934844161717956, -1.970409576574075]], "2": [[-11.07781339636696, 14.718025724623306, 14.42382987661439, 10.030977338965178, -16.915994650868313]]}