{"0": [[3.1912360915575513, 5.9447157479868125, 0.6694353077333967, 1.139161284759295]], "1": [[-4.140175393822961e-46], [-33.71180719678592], [-5.998641886505399e-46]], "2": [[-4.140175393814473e-46, 6.749981691126017, -5.998637933568352e-46]]}