{"Train": 0.9954156495502169, "Val": 0.993830703525509, "Test": 0.9980156455967818, "max_epoch": 49, "stop_reason": "Max epochs reached", "num_hidden_layers": 1, "total_hidden_units": 1, "unit_combination": [1], "learning_rate": 0.2}