{"0": [[2.726778342968489, 6.240211273873877, -0.9263664433258509, -0.7306313131569011]], "1": [[1.103919034686406]]}