{"0": [[4.1284757541073684, 5.729879958015534, -0.45388878186519954, -1.2403050013185042]], "1": [[0.43693015847401684]]}