{"Train": 0.1681362097269735, "Val": 0.17001721772259176, "Test": 0.17275712081974184, "max_epoch": 8, "stop_reason": "Weight gradients converged", "num_hidden_layers": 3, "total_hidden_units": 5, "unit_combination": [1, 1, 3], "learning_rate": 0.2}