{"0": [[-3.5545180995376797, -2.896358861324579, -1.7945821280176053, -2.560365942531738]], "1": [[1.6518946289449672]], "2": [[5.090922269481851e-30], [-10.173027414337556], [-3.785578875510335e-27]], "3": [[5.0909776489093675e-30, -6.979253787266277, -3.785579297206439e-27]]}