{"Train": 0.14931040808289467, "Val": 0.1471994920057606, "Test": 0.14840851859195855, "max_epoch": 3, "stop_reason": "Weight gradients converged", "num_hidden_layers": 3, "total_hidden_units": 12, "unit_combination": [4, 5, 3], "learning_rate": 0.2}