{"0": [[-1.5664392519933403, -1.1194027118553562, -0.375886695550367, -0.2154861638219521], [1.5803960908033832, 1.168816610444594, 0.4327480419497413, 0.26609816003564385], [1.6054233520534094, 1.2233517293242797, 0.48140114780369087, 0.30122778472096684], [1.644591086283894, 1.2552164648352062, 0.49991431237074124, 0.29398230907145023]], "1": [[0.1532875400327238, -0.13785113799110002, -0.16244242729975844, -0.19348291027898618], [0.17174516415475735, -0.08824629853422793, -0.16957642276902835, -0.19976304614273926], [0.19733467161306426, -0.14802306407023755, -0.17534301089839172, -0.22544096355772456], [-0.3870510910884021, 0.5592442035562287, 0.5703217017004472, 0.5331652329173627], [0.15203591890039891, -0.10475827782422377, -0.1361923020142649, -0.143980918126928]], "2": [[0.1497236540430411, 0.12090295990437991, 0.2044607277133822, -0.36577304795454946, -0.07662326697794382], [-0.1819244474507854, -0.17086355123186303, -0.18992686204055015, 0.19915352014445756, -0.1036375386483224], [1.1973959859608576, 1.1383490617711132, 1.3254798013196305, -2.079280483437971, 0.386080258099179]], "3": [[1.1717154069128703, -0.9397932836427981, 5.992166111778391]]}