{"Train": 0.11354929880242348, "Val": 0.11344614161470899, "Test": 0.11335194342563962, "max_epoch": 3, "stop_reason": "Weight gradients converged", "num_hidden_layers": 2, "total_hidden_units": 7, "unit_combination": [4, 3], "learning_rate": 0.9}