{"0": [[0.8652160845910007, 1.6435100347173461, 0.7804977473817012, 0.7674724709047978], [-0.7629185094384516, -1.422188023510128, -0.6607451153915239, -0.6540835714210427], [-0.18419290511729378, -0.39115370125030174, -0.17825965099015498, -0.16141171120787812], [-0.39866538311410415, -0.8086978797828502, -0.365147536850184, -0.3458800044483843]], "1": [[0.8728715210394917, -0.8394417947041923, -0.3575509875870995, -0.643494475900141], [-1.3053784044021204, 1.1246782551191836, 0.2993688244236038, 0.6057545930487841], [1.7595308776737182, -1.5589268782126655, -0.43591462885872706, -0.8605158597956102]], "2": [[1.1194356199354227, 3.9858662754750886, -4.5145279567905785]]}