{"0": [[-0.504186463643851, -0.3429543338065089, -0.5203569464423767, -0.5161341179523357], [0.42199755819820595, 0.28002600907972436, 0.4319638961509573, 0.43227922951030767], [0.46417520629544895, 0.3205778699877848, 0.47696040332286255, 0.47989669100143306], [-0.7801595445067051, -0.5273212324308792, -0.8354661752005271, -0.8306814301212349]], "1": [[0.037224566684223734, -0.01812702931676365, -0.013151177874874192, 0.06440505598136924], [0.5007936702612519, -0.4278101207964264, -0.47319370983714476, 0.8406301083955473], [0.6073381655520204, -0.5029259427754851, -0.5552808189847259, 0.9678509863182554], [0.5100861211459528, -0.4170941464201321, -0.4701435707800263, 0.8146165326356112]], "2": [[-0.02812791848842508, 0.10054525707660737, 0.14052782333548666, 0.10852732762065012], [0.30761814166916696, 0.8703449624535308, 0.8685350746694344, 0.8779415820182964], [0.24595435106811858, 1.208611385808833, 1.3590724303106394, 1.1900932652147935], [-0.2225628223216208, -0.6497158670574086, -0.6464321805206157, -0.6581907763383946], [-0.43539858245882407, -1.2389945574322268, -1.2155968633903307, -1.2242668098515086]], "3": [[-0.6874323887174656, -0.06671211365219212, 8.55076220424521, -0.2566510418011607, 0.8527257580278892]]}