{"0": [[-3.1292096440827333, -1.3874784165420089, 0.36591323789277275, 0.20592636244644555], [1.7270178310140496, 1.8401538263096973, 1.2476750625141624, 1.25942250807845], [-1.7442096056682326, -2.913230691140655, -3.135533608847358, -3.7996815720315], [1.8098210808640307, 1.8908436137068645, 1.2834431610515105, 1.2750061835575752], [1.5838139375194231, 1.6879460866936637, 1.15811324983732, 1.1615377124423119]], "1": [[11.484810606076621, -3.845339195571631, 7.962222422808129, -4.230330000596076, -3.327857945268726]], "2": [[5.196053668006858], [5.061620044515313e-34], [-4.4445212423202805e-34]], "3": [[6.484005332674386, 5.06160183349845e-34, -4.4445050097026596e-34]]}