{"0": [[0.06362885076103562, -0.03862145795715652, 1.0315398114524996, 1.1187989740196624], [1.6661907493822556, 0.37955836585722863, -0.68065715284451, -1.8481267202189673], [-2.1345406061739585, -0.037580359518337755, 0.1552166266257871, 0.4941572818938232], [0.6961272337713327, 0.2828456430639801, -1.2625712970375265, -2.031641417591534], [0.8684044337550332, 0.29020455636339143, -1.2608195252984975, -2.077272333050456]], "1": [[-1.2294788493425535, 0.3562483176417111, 0.8271516656847181, 1.2146126827364259, 1.1315677231856194], [-0.6465783172873387, 0.6213180498040886, -0.4202887279301412, 0.9478608736658928, 0.9289392711460916], [-0.5806608836175702, -0.1901518054670778, 0.5299954766657755, 0.4497696078655398, 0.39108635905310013], [-0.519597682340264, 0.7823010246384423, -0.7356461590583475, 0.8732398670474023, 0.8802642991403938]], "2": [[1.987643206686074, 0.42814606949896616, 0.7970560492384117, 0.23271098616765248], [0.15610644775967167, -0.458097371202611, -0.5119807391609932, -0.29040836123596986], [-2.8091901062463136, 1.2310607085778607, 0.0070384802353484965, 1.2556923387805161], [1.9105684460359094, 0.45701174109671816, 0.8429925717145921, 0.24215846312506217]], "3": [[4.63232428890617, 0.57763796325879, 0.8557007023041919, 4.32800539169352]]}