{"0": [[-0.5584568244664788, -0.2781131497111851, -0.5150079348742602, -0.4904399079709298], [-1.1341491291066441, -0.6283132952443329, -1.079425458627471, -1.1005396749409186]], "1": [[-0.3386888349283047, -1.092052789117844], [1.158074736797223, 1.5178207954609257], [-0.48845377677909724, -1.3894893652336375]], "2": [[-1.6818075005706132, -0.930471924002999, -1.6804358547263996], [-0.20143925117511605, -0.4637270241553894, -0.19462779418885126], [-1.4480061500017047, 1.711346008148239, -1.5544810353447769], [-1.7063695085599222, -0.34939213550103937, -1.8524512425217965], [-0.9326506853480391, -0.5932976388360186, -0.9283893831182425]], "3": [[-4.350778615294887, -0.13095451889834694, 4.966361708161379, 9.69437825261145, -0.6662384138888146]]}