{"Train": 0.16813679041948182, "Val": 0.17001779980318218, "Test": 0.17275770711637603, "max_epoch": 4, "stop_reason": "Weight gradients converged", "num_hidden_layers": 3, "total_hidden_units": 12, "unit_combination": [5, 3, 4], "learning_rate": 0.2}