{"0": [[2.1971786190084246, 6.26983760471952, 3.0338974774416796, 2.9706542700516265], [-0.3556945489248909, 1.38051928066405, 0.9769318770922988, 0.9171374284245107], [-0.137562452337311, 1.7011129793652038, 1.1129994342756206, 1.0455883246789746], [2.973591300703489, 0.6246624873209183, -0.09941489981277794, 0.09756819032627377], [0.21417881359181226, 1.6413333695428411, 0.9618192464305092, 0.9248926287105134]], "1": [[-1.2081120764454298, -2.5522640244662873, -2.6309116185736845, 2.154590956904027, -2.057927328197354], [-3.7128396544917868, -8.924745134094957, -9.017428136789956, 7.845808924661371, -6.9785515583062105], [-0.683025677448254, -1.4561062087047814, -1.4831893255467794, 1.356410731721232, -1.165008196750667]], "2": [[17.805410696613144, 22.98175675194724, 18.474491621695424], [-0.5735905689778671, -0.6514583117168642, -0.569357441842698], [0.6124133027726324, 0.6920139122737773, 0.6022955437536739], [0.3765189627799974, 0.4455738326309353, 0.39988603342779755]], "3": [[3.9518251100377406, -1.7370474234314721, 1.724084212485841, 1.754078470698679]]}