{"Train": 1.4245372535134382, "Val": 1.4233503703698938, "Test": 1.4248307234848427, "max_epoch": 3, "stop_reason": "Weight gradients converged", "num_hidden_layers": 3, "total_hidden_units": 5, "unit_combination": [2, 1, 2], "learning_rate": 0.9}