{"0": [[1.241574720037243, 1.2182683851751828, 1.208513083789399, 1.1887524759362216], [-0.974403837992952, -0.9349687506935164, -0.9488390148885885, -0.9275159340368955]], "1": [[-2.6411421394408423, 1.9828925193401097]], "2": [[-3.0094388637320173], [2.4810317351330196]], "3": [[4.379783323795254, -7.494692199848033]]}