{"0": [[1.4437278576698023, 0.9796730475171549, 1.3865845241927073, 1.2200415909731424]], "1": [[-2.8170226379891825]], "2": [[2.3220804068850276]], "3": [[7.334257286962454]]}