{"Train": 0.11354966493797813, "Val": 0.11344648601549238, "Test": 0.11335233007978052, "max_epoch": 3, "stop_reason": "Weight gradients converged", "num_hidden_layers": 3, "total_hidden_units": 12, "unit_combination": [5, 4, 3], "learning_rate": 0.9}