{"0": [[0.3670618951871098, 0.09573835141430656, 0.33144547475355346, 0.36061586448534744], [0.8054454138891838, 0.19798478064675645, 0.7664788755453812, 0.8023211408139764], [-0.21580391063085488, -0.04771848675211137, -0.21898919591550214, -0.23110042567754038], [0.08950479972292855, 0.023541898559845603, 0.07890400484055957, 0.0777607744949243], [0.39053939263399085, 0.11642201864007415, 0.3784097971013675, 0.41037687987515176]], "1": [[-0.2255138801238178, -0.552423138011077, 0.14292468090574606, -0.06298400840854876, -0.29024912335301384], [-0.44615172375069995, -1.047316604205225, 0.27632246187184023, -0.103711961692466, -0.4844355642111522], [-0.13401804554162267, -0.32114768571447394, 0.07671287032635961, -0.03656818877689076, -0.16192530343038103], [-0.36733765730811074, -0.8447041639174839, 0.2274352017943622, -0.07235207946399762, -0.3934073440978138]], "2": [[0.5589039986582868, 0.9041037912869724, 0.31147448879035944, 0.8199229754739124], [0.5050543421095465, 0.8327447304067022, 0.2864229777156466, 0.7531969649329598], [0.6619520907155756, 1.413329363700242, 0.36638608678185974, 1.1100380542346504]], "3": [[-0.40969713794245705, -0.140018925275102, 10.529787078830662]]}