{"0": [[5.266468500675978, 0.6443307201550564, 2.3162679527896097, 2.2298175371339553], [0.8414479645718466, 0.11800728047202996, 0.25558193626013664, 0.13959565216139858], [-4.865209168153985, -0.5494325453336696, -2.463801067166894, -2.4502240818156196], [-4.88312142273486, -0.5842649300034447, -2.2598647586681353, -2.1440722370759637]], "1": [[-3.6615930751013117, -0.3190288820943752, 4.012398316335918, 3.481016005700846]], "2": [[-4.150385624246005], [-1.3549436339074986e-27], [3.8816346725549586e-28], [-2.5519133047959482e-27]], "3": [[-6.425830048844912, -1.3549436339074995e-27, 3.8816346725549586e-28, -2.551913304795949e-27]]}