{"0": [[0.8781044247178774, 1.7129422010704483, 0.7643870941707436, 0.7707787368516816], [-0.6198649673812885, -1.2536835020686026, -0.5310396021482886, -0.5234374103095931]], "1": [[1.4942570751564392, -0.9928918255957051], [1.801480843087712, -1.2370566008778352]], "2": [[-8.59744853499002, -8.871989252549374]]}