{"Train": 0.14930954444102468, "Val": 0.1471986268392263, "Test": 0.1484076627509219, "max_epoch": 8, "stop_reason": "Weight gradients converged", "num_hidden_layers": 3, "total_hidden_units": 9, "unit_combination": [1, 3, 5], "learning_rate": 0.2}