{"0": [[-4.956218547105345, -6.0385119054322995, -3.2508387325997727, -2.168405582998169]], "1": [[-4.928847371496375], [7.498986936810754e-30], [-3.293947652310532e-30]], "2": [[3.788771927294778e-30, -0.013960026612757127, 0.0317027772657706], [-4.170506506659365e-30, 0.03092810561620755, 0.0006731665325977616], [3.1412252616783793, 6.903088113287689e-30, -3.0197528343220983e-30], [-6.374032682884461e-30, 0.03800834825035675, -0.020139480291588945], [-4.7688249378679184e-30, 0.03301593946561154, -0.004600087786572901]], "3": [[-3.9099534459941006e-30, 4.303674077932951e-30, -6.546104177000814, 6.577693590647268e-30, 4.9211310290975e-30]]}