{"0": [[5.506147652357933, 7.535939484209878, 13.300893405228422, 19.110281450509017]], "1": [[-0.0007537477878699274], [-0.004478261931290719], [-0.005572007599728261], [0.000873759795807829], [-18.504196561185484]], "2": [[-0.06751329218509572, 0.12399973969589849, 0.013142450941862274, 0.011899912338817504, -5.885981880605176], [-0.029139100956205612, 0.058469557803680426, 0.0023626395193691104, 0.002419301559781118, 1.3144014710764078]], "3": [[-6.132348845965639, 0.7004897011234664]]}