{"Train": 0.11354885087176908, "Val": 0.11344566974432443, "Test": 0.11335151492872754, "max_epoch": 9, "stop_reason": "Weight gradients converged", "num_hidden_layers": 3, "total_hidden_units": 9, "unit_combination": [1, 5, 3], "learning_rate": 0.2}