{"0": [[-4.545167799720544, -1.1821665777976555, -0.5298466563699055, -0.45548186708810245]], "1": [[-0.004873490949798159], [-0.008376638236299796], [-10.332966713142447], [-2.070384936091783e-05], [-0.006310344750416329]], "2": [[-0.01083957846358949, -0.0006331957060894661, -8.342560436849638, 0.012183524674894555, -0.007760807696373519], [-0.008377191430434645, -0.011772494060396398, -1.6148196144528473, 0.0015995401282729985, -0.009946234589309816], [0.004658302540427314, 0.004080593577008047, -1.4325016761556757, -0.002426830338775702, 0.004684237485724265]], "3": [[5.927060700311856, 0.5598437556516463, 0.39249259051664165]]}