{"0": [[1.7333720711758007, 3.380948472389186, 1.7220428915119081, 1.7383768498427339], [1.2327399452772003, 2.3274699948348703, 1.1725379363281583, 1.1834474192315985]], "1": [[4.249582018169414, 2.1675995727224966], [-1.4097651379744554, -0.7554398414052127], [-3.702911319890439, -1.9132533797056779], [-3.1835806192120364, -1.622167201581863], [-1.9577981970464786, -1.0016462368737813]], "2": [[-5.143968774022354, 1.761730577514987, 4.509854770122569, 3.690800277378572, 2.193227350734876]]}