{"Train": 1.424537120818239, "Val": 1.4233502376372564, "Test": 1.4248305907412133, "max_epoch": 4, "stop_reason": "Weight gradients converged", "num_hidden_layers": 3, "total_hidden_units": 8, "unit_combination": [2, 3, 3], "learning_rate": 0.5}