{"0": [[3.0632366874583776, 0.8284858091892706, 6.001950144196937, 6.409509921795449], [-2.1954597200181705, -1.0325754447445752, -2.425814459851009, -2.329833880076572]], "1": [[43.79380437929232, -49.26435550178633], [1.4654854611805475, -1.5896237588052429], [1.529867524326101, -1.6321467322160674]], "2": [[-14.29359620556935, 0.8590545390661453, 0.5375937454364657], [0.4099372352094517, 11.161521618420359, 11.45237921028031], [-0.2903549333088167, -11.496605233671257, -11.807810462888511]], "3": [[-9.681751745549528, -0.5021826740396937, 0.6695395167800128]]}