{"Train": 0.11354966698909764, "Val": 0.11344648796144749, "Test": 0.1133523323296314, "max_epoch": 10, "stop_reason": "Weight gradients converged", "num_hidden_layers": 2, "total_hidden_units": 8, "unit_combination": [4, 4], "learning_rate": 0.2}