{"0": [[3.165369929898441, 1.2887867496474894, 1.8867512371515245, 1.6718440749557173], [0.924119470611558, 0.7749490530212341, -0.572221160549184, -0.44667272421320764], [-0.22576147001565114, -0.6723661954098493, 0.13127193834034503, 0.09221726024001768], [2.040998067182659, 0.8284999415688941, 0.5627459869779261, 0.5116069692967439]], "1": [[3.26328319198274, -0.7461945154632637, 0.31898826069166236, 1.4407888810530924], [-0.13886090137770177, 0.08880318812087204, -0.014706475977158375, -0.06103222719787903], [-0.20624621016375053, -0.04004377985569542, 0.028803550304876035, -0.11159937755847707], [-0.13252022591661142, 0.045720321760178845, -0.007846004376619654, -0.08321479529195239]], "2": [[-10.979228136313848, 3.7802315542185685, 3.724950197369233, 3.7975624037734326]]}