{"0": [[0.99899069455919, -0.5855776261754003, -4.546546178964023, -5.09759974387142], [2.420016300507919, -0.3131961754599465, -1.3994706670942103, -1.354596826148584], [0.5982540470776856, 0.1809673838092549, 0.12844943965055658, 0.21290842332510676], [-1.7585159510856685, 0.5166009673968682, 2.2876249100458304, 2.4356997312760216], [0.5571610763049368, -0.7665429194534822, -2.055442510628174, -2.774270698888091]], "1": [[-3.023868188623084, 0.5715180695199241, 0.677236115624716, 0.4167482313890421, -1.1081595052061959], [-0.03163503820858781, -0.09671279552910074, -0.013155348261833661, 0.0839670321091123, -0.05688207362953591], [0.246430969427562, 0.2901625618368804, 0.08338961064480402, -0.31548982544484827, 0.22883907717835164]], "2": [[5.3414347924263055, -0.13309049162885875, 0.4836357421954869]], "3": [[-6.812434536554026]]}