{"Train": 1.4245371247366723, "Val": 1.4233502415568973, "Test": 1.424830594661019, "max_epoch": 3, "stop_reason": "Weight gradients converged", "num_hidden_layers": 3, "total_hidden_units": 11, "unit_combination": [4, 5, 2], "learning_rate": 0.9}