{"0": [[0.0086842479925294, -0.018680017419683306, 0.007372460381161549, -0.00965202972800536], [-0.16857729470791566, -0.20569499635151722, -0.14070063146030298, -0.163045880216259], [1.6360770250988008, 1.8401406009358467, 1.408101404990464, 1.3729491013943496], [0.8938843053553969, 1.0134898037829634, 0.7725554571834405, 0.7457870381150226]], "1": [[-0.008024965185186814, -0.033992529066853565, 0.35402905977943505, 0.1884260771780478], [0.021260499203236815, -0.03704582567951659, 0.3865639563998503, 0.18588133503795198], [0.000103719579290814, -0.2453061858605085, 2.7814732656963685, 1.3348380925618488], [0.006129795512357422, -0.11583602637803123, 1.3970686522641944, 0.6746884581769256], [0.007821109255773308, 0.1933937380717974, -1.8875340550691677, -0.9219333247741903]], "2": [[-0.23812856910372623, -0.2681484645749561, -1.996854274118876, -0.9632111147755578, 1.3379346046579577], [0.3275010903765057, 0.3331415285958525, 2.4775266739696167, 1.2283562339543872, -1.667308026852922]], "3": [[-4.594057910495827, 3.932179718119981]]}