{"0": [[-1.986653107884284, -6.2674338508904945, -3.1630799318889466, -3.085100197340923], [-1.8731837285380297, -4.255108913131955, -3.00493945594994, -2.596677484479828], [3.851287222848706, 8.617055315025386, 3.849104382834804, 3.979029029300251], [2.876302415289483, 8.486874802530023, 4.177255212376475, 4.136535074951846], [3.8261188172902596, 8.25750639349909, 3.637251768589095, 3.7734270862186907]], "1": [[0.23273332857461737, -0.24314286355434456, -0.7851485892273794, -0.26020287721770485, -0.8043940131645319], [0.24357661769173045, -0.2683563011538281, -0.902312783994347, -0.2985432894589786, -0.9383196172293939], [10.87892119858505, 17.217910943192546, 6.710045416546028, -9.133841839148563, 7.510154582727468]], "2": [[-0.8629221175702301, -1.0704727767543498, -1.6376917088175111], [0.7459489699121791, 1.126576413033008, 3.038511260912161], [0.8468954024476901, 1.157555616767956, 1.4069671905825645]], "3": [[6.019960878764072, 0.868858387350332, -3.5706275337444446]]}