{"Train": 1.4629415392720093, "Val": 1.4611522485176514, "Test": 1.4617261477353185, "max_epoch": 3, "stop_reason": "Weight gradients converged", "num_hidden_layers": 2, "total_hidden_units": 3, "unit_combination": [2, 1], "learning_rate": 0.5}