{"0": [[1.39681338075608, 1.777117062552557, 2.634713328124303, 2.824175601443066], [0.03802227051139374, 0.4395428867854468, -0.03324932251607989, 0.04109055225996592]], "1": [[-5.424967080850647, -1.0130536552952811]], "2": [[-10.617610757461092]]}