{"0": [[-0.6686055522081599, -0.11409600248240374, -0.6443703429463882, -0.6402595050859947], [-0.25354092579811016, -0.04175090028121354, -0.240593883073362, -0.24921403226884972], [-0.9483441191106726, -0.17724386079873636, -0.9204017662530092, -0.929281601740889], [-0.8221468879002433, -0.14549321726193937, -0.7929708154695801, -0.8040768331553654]], "1": [[1.1697355942541732, 0.43157212549683555, 1.7519493281831116, 1.4789484577398297]], "2": [[4.138485467659189], [3.02625525200343], [-3.8145471054444067], [-1.752275041857473], [4.8896169995815875]], "3": [[-10.008982593787437, -6.142773482037656, -4.17668396579929, -2.550777902062486, -11.357963093229259]]}