{"Train": 0.14930850576483576, "Val": 0.14719758948732128, "Test": 0.14840662578793792, "max_epoch": 49, "stop_reason": "Max epochs reached", "num_hidden_layers": 3, "total_hidden_units": 7, "unit_combination": [1, 5, 1], "learning_rate": 0.2}