{"0": [[-0.7998853407666273, -2.977594757776124, -1.3442543680422452, -1.433130610388579]], "1": [[6.423985830336358e-26], [1.369495949776756e-24], [-7.023115392016836e-26], [8.33794471176341], [-1.595853777097691e-23]], "2": [[-6.423985830344484e-26, -1.3694959497770032e-24, 7.023115392025643e-26, -7.416722421602453, 1.5958537770977506e-23]], "3": [[-6.267625073415311]]}