{"0": [[-0.8149382692393916, -0.7431736647478403, -0.7119265335877484, -0.7666569012875798], [-0.4216967271251501, -0.38099157367281256, -0.3863748652560314, -0.4123916520575005], [1.3013929718025379, 1.2386642791967157, 1.1749866939635158, 1.2598912749057867], [1.6437924403979078, 1.628540672352967, 1.570606162475705, 1.6577076382707834]], "1": [[-1.2132085411513829, -0.6402759435321298, 2.1102931037143997, 3.150424394873362], [-0.24851635451414034, -0.13436252842295698, 0.42547356984977924, 0.620117332666203], [0.1440876311328323, 0.06909630788889619, -0.2447270630542923, -0.3609896095358734], [-0.5335805162419089, -0.28077566419389755, 0.9499958123693142, 1.3942606231997756]], "2": [[3.527199041531906, 0.6004332938571639, -0.34088935958003647, 1.3555812321658771], [-2.7599733115103957, -0.4620026802098981, 0.2651048540600158, -1.0747385868299655], [0.33889428239304775, 0.0441754800559881, -0.04428924401018041, 0.11207988225942395], [-1.4798241112025583, -0.24303405536528722, 0.14859880384532456, -0.5703358196164527], [-0.42055916192393417, -0.07917611249911648, 0.051759642685233094, -0.15772011330967103]], "3": [[-4.442595327784127, 3.3937565961526595, -0.3669701509274816, 1.7312109174798505, 0.4659920164379924]]}