{"Train": 1.4758658898401407, "Val": 1.4761823606884703, "Test": 1.4737142762146411, "max_epoch": 6, "stop_reason": "Weight gradients converged", "num_hidden_layers": 3, "total_hidden_units": 9, "unit_combination": [4, 2, 3], "learning_rate": 0.5}