{"0": [[-0.30116797444170595, -0.1853280137915986, -0.3102474438678386, -0.3192883149354304], [0.07813428488337996, 0.04685629984014782, 0.08626919956089295, 0.08721148615009928], [0.4261451488071949, 0.27754215910032004, 0.4707230263073421, 0.4648011094278153], [1.2550808904426671, 0.865830482788402, 1.4331768262232774, 1.42924424504617]], "1": [[-0.5630427480231571, 0.15327011850270297, 0.8404922603903224, 3.0967878385009766], [0.02591464886373593, 0.010405590201273737, -0.03743852463718149, -0.18044036538270916]], "2": [[-2.078576155230178, 0.12080176551956531], [2.0499251884965646, -0.0972278329372932], [-1.948161665406258, 0.09776500545113487]], "3": [[-3.9588721210375093, 3.9783211957175824, -4.04271187308964]]}