{"0": [[-0.605872654669367, -0.2103365989740936, -0.5349842602996218, -0.5834918670850925], [1.2718065650456665, 0.5055098041327536, 1.272619831084604, 1.349707736874352]], "1": [[-0.5647521756245533, 1.5191409199017212], [0.7230557955507442, -1.7961891414375284], [0.38377842399849454, -1.1656520412944782]], "2": [[3.1295399496903338, -3.141133683629566, -3.0668761948088528], [3.045230751872267, -3.0616131314665704, -2.973243791467818], [-1.0002287566376582, 1.1853248447672942, 0.8101501359868297], [-1.4655862544425804, 1.7032830749262506, 1.1909864550857057]], "3": [[9.27567317661141, 5.616545912490722, 12.357758857331117, 13.180519904852652]]}