{"0": [[0.4258293900111418, 0.10560402607028081, 4.693390138705192, 2.314196523112224], [0.26679319296675996, -0.002526175523773516, -0.37955747254874544, -0.049232564503318504]], "1": [[-0.9008989527505762, 0.17283332935518253], [1.0789190548303413, -0.21487048068553752], [0.7660224456560818, -0.1970396270756077], [-1.517282090330799, 0.646479292389065]], "2": [[-1.1506379455962987, 1.4153047462322095, 0.9222433134879764, 4.081948653904469], [0.12443901592586683, 0.2663287013177937, 1.1106337963570039, -10.234413784141717]], "3": [[4.268288647163564, -23.797487783765114]]}