{"0": [[0.5650910119945678, 0.4165174212443286, 0.7583571310104784, 0.7777870584810304], [0.28435616140077147, 0.19603278131207158, 0.3771746006606836, 0.3766696455752259], [-0.4410275864765421, -0.3228251825415295, -0.5671071804583957, -0.6088347447342122]], "1": [[0.7116066666226791, 0.33645181345301467, -0.5404426233632899], [-1.2193831277656157, -0.5606386072995775, 0.9038869888027679], [-0.24388642282482897, -0.09891755696466516, 0.17793621469347207]], "2": [[1.03569284069334, -2.0247718835457844, -0.318838271648241]], "3": [[-8.31331784536746]]}