{"0": [[1.1182237025836224, 0.22683103006128952, 0.7764249278569098, 0.6123739986990709], [-2.357780753102117, 0.8074244945279424, -0.7844794106449523, -0.6251041848418649], [-1.1955758234451315, -0.28092045481786226, -0.8317538742048941, -0.6794444965125654], [1.7040018958755063, -0.33996617191752376, 0.7468390773000221, 0.6047855822569717], [-3.0548924018208425, 1.3338995530951832, -0.4569400517421816, -0.3687261758969005]], "1": [[-1.2599228334760715, 1.2837110868815627, 1.4166874146626223, -1.1577876779431542, 1.3028222249996244]], "2": [[-3.2060278885261977], [-0.9221141421419914]], "3": [[-7.699734919807887, -4.070847797140645]]}