{"0": [[1.2589365469921048, 0.4186471668631368, 1.5631270311851104, 1.602899863924266]], "1": [[-1.1858123578720074], [2.912298065995548]], "2": [[-1.1927013539530162, 3.203308110273684]], "3": [[-7.388562067020017]]}