{"0": [[-0.3074304982300317, -2.8477328464310823, -3.1338938104016387, -2.8181748181718222], [1.5070007973332176, 0.8868190573178121, 1.4963328707517456, 1.3816742247784013], [2.627205063439249, 1.2085899028675302, 2.2193298800925585, 2.100499498244063], [-1.759215298556793, -0.9866775782770637, -1.6889874091413493, -1.5539380935294753]], "1": [[-0.0836209205244857, 0.15029224966742863, 0.22246156108052115, -0.16643265127705167], [0.48285247610940457, -0.609343702355645, -0.8990124770866914, 0.6843571532951452], [-0.009833715288060974, 0.021502144022876386, 0.003323488226761612, 0.0010027683078915003], [0.38679090893593676, -0.521802671738755, -0.8132456118370986, 0.5986368531228702]], "2": [[-0.4355397292840981, 2.4381015863847173, 0.011732882458344678, 2.8796780383946157]], "3": [[6.993979286956181]]}