{"Train": 0.16813663181637836, "Val": 0.17001764123506152, "Test": 0.17275754617682157, "max_epoch": 3, "stop_reason": "Weight gradients converged", "num_hidden_layers": 3, "total_hidden_units": 8, "unit_combination": [1, 2, 5], "learning_rate": 0.9}