{"0": [[-0.7488628269955597, -0.9895569390357611, -0.9929009763066642, -1.0012903157405029]], "1": [[-1.9855972553457226], [1.1950815570798337]], "2": [[1.0907362886377683, -0.5089366962764482], [0.08696518884364265, -0.03971563809064836], [1.6486645440277092, -0.8471752637274065], [-0.09343607036781783, 0.01990033683548302], [1.6891668391606145, -0.8735501638647528]], "3": [[-1.8375244995421656, -0.08801032690510405, -2.996421015782131, 0.08992086199825686, -3.0852894411149996]]}