{"0": [[0.6246090229326788, 0.6285754356767357, 0.5967736055196438, 0.5477847584943549], [0.5719044989767822, 0.5745603862535088, 0.5616726308134086, 0.5176769699000823], [-0.9433381890460589, -1.007009019070492, -0.8559241442080772, -0.8445719892811786], [0.7214129758377209, 0.7516881601199897, 0.6921793594160123, 0.6188657276337557]], "1": [[-0.5763023377627869, -0.5366323636175648, 0.9755715676331669, -0.6898297355270523], [-0.5309029573397639, -0.5031986646917153, 0.9090941306330047, -0.6522234335994092], [-0.5082493330339726, -0.4710852542301758, 0.8230529783611774, -0.5907505072536186], [0.6077657722638861, 0.5331511083474109, -1.0771577507665169, 0.7146308962047347], [-0.6247733621713814, -0.5674218376102066, 1.0998258477497391, -0.7483011838527771]], "2": [[0.6871755469265297, 0.529513941341337, 0.3919259022630854, -0.8554555568206539, 0.931371480224878], [-0.6951018736843335, -0.551925760071427, -0.39631798926627204, 0.8682861649996274, -0.9780583452598719], [-1.5953167367262546, -1.4505671544383296, -1.262192427122982, 1.6626512616746956, -1.6899242046954237], [-1.5009071588687726, -1.3880310116247494, -1.1977878043683037, 1.5735948315906705, -1.5814354483157562]], "3": [[-4.750572601263267, 4.712799650364444, 6.64432747368152, 9.691323753514412]]}