{"0": [[0.26008797341503553, 0.4889852594015879, 0.24520624477831496, 0.2517538649979235], [-0.8431493415432316, -1.560532529605397, -0.8214556833442087, -0.7701146398945893], [0.10834725455513651, 0.20356910525293537, 0.10445098465665843, 0.08758632488858124], [0.25542799450360676, 0.48502394606535554, 0.24629270031160222, 0.24040668469554188], [0.8146679820169493, 1.49772163030932, 0.7809187549550388, 0.764714952904969]], "1": [[0.4268318417008902, -1.7128629715458927, 0.16871169250873017, 0.40860684784805523, 1.6026771183332071], [-0.5053735694723094, 2.0274244576174687, -0.21031822764552804, -0.5146472405494261, -1.8740824128655376]], "2": [[-10.929114267009858, 11.47836823516089]]}