{"Train": 1.4758658901278994, "Val": 1.4761823609760953, "Test": 1.4737142765018174, "max_epoch": 4, "stop_reason": "Weight gradients converged", "num_hidden_layers": 3, "total_hidden_units": 9, "unit_combination": [5, 2, 2], "learning_rate": 0.5}