{"0": [[0.717961011873769, 0.3730501569727651, 0.6315421821766211, 0.6352685235071144], [-0.26211097828604135, -0.1455940246159551, -0.22377746008951777, -0.21422669392674762], [0.7808940058266719, 0.39500763754538754, 0.6633527485113804, 0.6590787391237639], [-0.2287087584331547, -0.11027765452291101, -0.18966433994206508, -0.20396467960362832], [-1.352474330276452, -0.7461362781006753, -1.2167797939666387, -1.2071404748240357]], "1": [[-0.49691942208430195, 0.20691251778254915, -0.5531932321610276, 0.1613590865606977, 0.8387480226453758], [-1.1968324323525061, 0.40503612210556533, -1.271317212170188, 0.3679784755423355, 2.586207209719477]], "2": [[1.5592566685847729, 2.616070062486109], [-0.4854347057930502, -3.297455718438631]], "3": [[-10.717927499296112, 5.438159394157305]]}