{"Train": 0.14931111311104014, "Val": 0.14720019350930702, "Test": 0.1484092288338585, "max_epoch": 3, "stop_reason": "Weight gradients converged", "num_hidden_layers": 3, "total_hidden_units": 9, "unit_combination": [4, 4, 1], "learning_rate": 0.5}