{"0": [[1.7153439321196764, 0.19437284659631296, 0.9429032425425484, 1.0598183511262371], [0.5508887238209204, 0.03355701561309499, 0.32841415647266303, 0.37524545852614716], [0.8040057585671009, 0.1838953627162319, -0.13821113428648732, 0.000289453884510554], [-0.7801115420451654, -0.04669360005764525, -0.5133444403205379, -0.5295224645529758]], "1": [[-7.474230706108813, -1.1005745663124036, -10.818307188196695, 1.5161341126062566], [1.8369106467686185, 0.245189488600724, 2.5918978271034026, -0.3372592426225557], [-6.157545986001514, -0.9153117498145642, -8.910895497990689, 1.245273643060793], [5.164011824748866, 0.781048076817349, 7.440097107930009, -1.045080872814805]], "2": [[-6.163099610709247, -28.856341658874204, -6.483608943413199, 6.592333495220898]], "3": [[11.519581275211346]]}