{"Train": 0.16813640660618034, "Val": 0.17001741622469266, "Test": 0.172757317460743, "max_epoch": 3, "stop_reason": "Weight gradients converged", "num_hidden_layers": 3, "total_hidden_units": 7, "unit_combination": [1, 3, 3], "learning_rate": 0.9}