{"0": [[0.8532845628141406, 0.9242550459993701, 1.0249633514434755, 1.0650249481929666]], "1": [[-1.6130957417016227], [1.1663476631705785], [-0.6359955232019175]], "2": [[-1.5567543659411955, 1.126730020404691, -0.6083653088978084], [0.07367982220998465, 0.008252741242127232, -0.04117713955993027], [0.883578799517522, -0.5617014113275827, 0.2736198239418839]], "3": [[-5.1077543590309205, 0.029099649869694186, 2.4380530313159743]]}