{"0": [[0.39461893725472114, 0.27560418376843243, 0.5363083587797834, 0.4624356598619223], [-0.26942904784550037, -0.18034439534234292, -0.3676847916863425, -0.30855414082414395], [0.53661417724864, 0.3568515703447402, 0.7350787045341255, 0.6480491894604181], [0.9273426330338934, 0.5996011692859213, 1.2893308116590634, 1.1285118019624554], [0.2804185190082966, 0.15815979875248515, 0.3636776252194799, 0.32117429502760464]], "1": [[-0.8675033228645226, 0.5805171204820511, -1.210324939407076, -2.314054030145222, -0.582065081577559]], "2": [[-3.119126899454834]], "3": [[-7.057527160819054]]}