{"0": [[-2.1468550005620988, -4.104213138560078, -2.0454826186476005, -2.077757777199071]], "1": [[-4.328239522861044], [-6.412526678396588]], "2": [[-4.484443289380161, -6.8168199197043355]]}