{"Train": 0.16813680975542472, "Val": 0.17001781910711605, "Test": 0.17275772671832465, "max_epoch": 3, "stop_reason": "Weight gradients converged", "num_hidden_layers": 3, "total_hidden_units": 12, "unit_combination": [5, 3, 4], "learning_rate": 0.9}