{"0": [[0.2352898794115324, 0.3863589007727532, 0.2518822998120357, 0.2430363534121309], [-0.6106919995478794, -1.0337966339924674, -0.6815705954711591, -0.6730277918991048], [0.7391082926844621, 1.2450752787214583, 0.8111233180944519, 0.8007959060003901], [1.1268276546038134, 1.9345422362541365, 1.2639133405725151, 1.244583786214724], [-1.1831081059350859, -2.054531895814723, -1.3430047426092804, -1.3329202466075247]], "1": [[0.5723122336200728, -1.572503584194008, 1.920177850808754, 3.3385707080208276, -3.674801720621305], [0.05107385649140523, -0.16014889510427138, 0.18445427369710377, 0.2906542220419191, -0.31670866227512173], [0.03737351087699877, -0.10161017121348077, 0.13466940317008314, 0.21831291547414225, -0.25156154269757147]], "2": [[-4.343560576148144, -0.3083665660754608, -0.2283769434296258], [-4.0377977294114435, -0.28065403541092737, -0.20823856386332423], [3.4541524952421354, 0.22671248488145876, 0.16373348900666712], [2.58568469981439, 0.18349065995813824, 0.14289549615395394]], "3": [[4.6109698053507335, 4.240539857684813, -3.5847490646908144, -2.6459665406850297]]}