{"0": [[-1.5410125644682968, -2.2908025804945877, -1.5069686129603364, -1.5927355761139095], [0.6819858772364334, 0.9906694933827248, 0.6434185736638465, 0.6628881492352563], [-1.3942471703569996, -2.0467524957151655, -1.3545960944875286, -1.4076154677640693]], "1": [[1.8615833850213317, -0.6957526671400336, 1.5998138121803778], [-3.7334021627742304, 1.3863212325104768, -3.162842652354622]], "2": [[2.6075644658816617, -5.631621051439328]], "3": [[7.617908416400443]]}