{"0": [[0.03595478385948365, -0.050993559839111885, 0.07198670947173468, 0.06525305253367178], [-0.23085946475201968, -0.6244586860908291, 0.05668709431876515, 0.080750744757555], [-0.5294631507426873, -0.8696663925867745, -0.24987009939919247, -0.1782608791617632]], "1": [[0.05790234447376992, 0.9392021584278969, 1.187217199758777], [-0.05926565000290845, -0.4984476429864544, -0.5569604888071253], [-0.04600957265387025, -0.3713299411504052, -0.563682934694278], [-0.07013777580564365, -0.25684429049364543, -0.19298810371104214]], "2": [[-1.7390810780339034, 0.664502254989813, 2.1512411702009486, 0.4514112584631744], [-3.8960966596412803, 3.1721570580614116, -3.3624131226493446, 2.3516088544191414]], "3": [[-15.726124915180826, -31.446109205150655]]}