{"0": [[-0.7138338412175006, -0.8802192880404482, -0.6774581106590397, -0.6561529351542367]], "1": [[2.024353681425629]], "2": [[-0.7193133704089013], [2.4861486221767213], [0.3065502875018907], [0.11139858978282977], [0.07202944109615877]], "3": [[-10.228541605344725, 13.342295642778543, -6.988945498910082, 8.791141932379725, 2.927272259335811]]}