{"0": [[1.0263827910218406, -0.046632342112721326, 1.8970397383823152, 1.8322969879718145]], "1": [[-0.3030164099794861], [-2.357149500794696], [-0.14159977709654806], [0.6949532118341668]], "2": [[-0.1532719254541579, -1.2133150751989907, -0.10489653503167157, 0.41785337995011745], [0.16265960540950208, 1.3650045853668766, 0.10001818308678878, -0.4492497609236926], [-0.48931441425845884, -4.347511329451096, -0.346645819323096, 1.3366716197606332], [-0.29203467175783915, -2.686996174060737, -0.1932228286733702, 0.8161511972807753]], "3": [[1.1043668347940603, -15.386144536499945, 5.526209785971907, 13.908082028029028]]}