{"0": [[-0.9364110868078499, -3.009127440673432, -1.0697162826618, -1.155786054173024], [-2.041503546263328, -3.810545842827095, -1.7487955206567884, -1.8767427695792336], [-3.174784484313522, 4.3235922007544145, -0.29369390901195525, 0.3609681519359868]], "1": [[2.9959305654489756, 5.41759017176115, -0.6514666158625557]]}