{"0": [[-13.889239515048617, -0.3742761705609349, -7.076535531714169, -5.001266300507701]], "1": [[6.746563644733088], [-2.962607486793149], [4.46929317367231], [-5.623916867222885], [-3.0449450534344877]], "2": [[0.8214990620979109, -0.3656312050594586, 0.4475812697626732, -0.45227676061662603, -0.7215907485307835], [-1.0160995683384832, 0.254692665464111, -0.36709927068421033, 0.3781615235082576, 0.8282892992892673], [-1.2758421754426845, 0.06118568865936818, -0.2503436523604809, 0.2638443892386421, 1.017334095758071], [-28.09686867527011, -7.18859191020185, 1.6097991596317118, -1.8774518729418623, 21.127990927585817], [-8.987135416412267, -2.4262216970886588, 0.639800378996867, -0.7421117467139555, 6.825928868890864]], "3": [[3.167470327914085, -3.2868281735039484, -3.358041936508509, -0.05584863930253873, 0.9702497084284329]]}