{"0": [[-2.6987205985218177, -1.565217155241027, -3.7508822991312853, -3.404873456256776], [0.4196418921675784, 1.1836152803915005, 1.7147517011138647, 1.54407357395445], [-2.523858793882762, -1.9056785049007297, -3.923725158915299, -3.592317523758791], [1.2518173021838581, 1.1488424096802496, 2.2386307696339256, 2.092973478393031], [1.4617700756934435, 1.2703180796959497, 2.518863805095684, 2.3368239880656128]], "1": [[-0.6533643252371262, 0.8878693104854457, -0.855262343233864, 0.7916418573935208, 0.81140071290378], [-1.921153548244568, -0.4723231932010194, -1.1191826190313607, 0.3126788493743113, 0.4481693376208968], [1.711921615988586, 0.24297774023794821, 1.0773095025960433, -0.37113482924775126, -0.48620423542337754], [-1.4066529184219851, 1.2713396926813438, -1.3624278216085584, 1.3653542525540845, 1.3670298897543456], [-0.7459159821155104, 0.4547394664289311, -0.5836110719801725, 0.5949044101383264, 0.5989045102719847]], "2": [[0.853111405149678, 1.4924599199373723, -1.4913804899898164, 0.7433111166284484, 0.520481744854747], [0.536790424433783, 0.9637648195944536, -0.9626774974409509, 0.448217434117183, 0.3052286325251262], [6.854315173851056, 8.84374751999278, -8.519467753982893, -4.01112127069894, -6.579197385315148]], "3": [[-3.9436003718037904, -4.391917434009118, -5.544295236740909]]}