{"0": [[-0.2820881064230936, 0.8925762340745862, 1.5491083401717243, 1.560393140723436], [-0.25461379966517095, -0.6932463302090169, -0.4012699356225023, -0.3930565404800928], [-0.34272384141412215, 0.8725317977219702, 1.604627166685485, 1.6257981078560604], [0.1381669189136968, 0.37519437529031247, 1.0557403550674516, 1.546426226014929]], "1": [[0.05776362233153255, -0.09509951033261715, 0.06160669774675284, 0.031983630847444246], [-0.007942690456687745, 0.06774512572811904, -0.02862235873452265, 0.004787901020861443], [3.2552204610521502, -2.531258959936012, 3.2506874909690344, 2.580258741309206], [-15.41433249295483, 1.9924916583630692, -15.555240734809171, -15.126264011624828]], "2": [[-10.044667517400267, 8.957652236287538, 11.153679658825649, -14.91376541050137], [-0.015124201638621252, -0.03312523331990297, -0.20512665486100345, 0.4036136996479601], [0.07232957433825957, -0.019183399395159183, 0.23976432942438802, -0.32256183184726983]], "3": [[-7.5407134287056365, 2.114856432737596, -2.2026000970947877]]}