{"0": [[-0.11889165561170018, -0.5808409138894957, -0.33518167384344194, -0.38207037407749805], [0.11296567723064856, 0.5558375842107517, 0.2984068032366825, 0.3671273090118577], [0.4036870676804695, 1.1957650276060887, 0.7721109284631544, 0.8173370227671448], [-0.2810143394096955, -0.9352966672304006, -0.5587857404740945, -0.6266025428552076]], "1": [[0.1176815944853287, -0.09545410533112057, -0.32909027839354704, 0.2554222910107864], [-0.46566458046128617, 0.42228023395683356, 1.1813244424022293, -0.9239792491537282], [0.7631534054750764, -0.7050307900606634, -1.8683752517023462, 1.4101317936244886], [0.7108023743262173, -0.6552454461238604, -1.7989976623542356, 1.3281264671494122]], "2": [[1.078487746062576, 0.9894174956170432, 6.376689354338303, 5.867201113193751]]}