{"Train": 0.1135496666537962, "Val": 0.11344648762557033, "Test": 0.11335233199400985, "max_epoch": 18, "stop_reason": "Weight gradients converged", "num_hidden_layers": 3, "total_hidden_units": 11, "unit_combination": [5, 2, 4], "learning_rate": 0.2}