{"0": [[-2.890646352380401, -0.7085040736469049, 0.784966986124148, 0.861269181901164], [0.14638776069186926, -0.01581844265186413, -0.38388836503583856, -0.38019204312998117], [-0.6783951704527894, -0.09053088052226888, 1.6198010796182467, 1.5046334610954961], [0.7014956523530308, 0.17004297296243254, -1.9944412803474116, -1.8308057664207782], [0.6570404364253634, 0.05823694639951387, -1.526144363941631, -1.391207132367027]], "1": [[-1.8476959725516608, -0.15870483796175824, 0.8100695434895423, -0.6159840558586921, -0.7863631634198769], [2.028387970323425, 1.1971745547907333, -4.242944333865637, 4.093031292927996, 4.106464493868883]], "2": [[1.2578100208601142, -0.9604886030981789], [-1.623462202893383, 3.377050621188572], [2.8748520316682473, -0.41447839476384407], [0.06483169883823722, -0.11649121282254757]], "3": [[1.4618389713855573, 5.3246467877018775, -6.575558854891487, -1.394771034524872]]}