{"0": [[-1.7190274785250104, -0.9931692640285202, -1.483173163913664, -1.4917721261225625]], "1": [[0.019989948289967335], [-0.5613284713163759], [-1.8721740496340478], [0.012829102782023673]], "2": [[0.053121781267794675, 0.05662585483120876, -7.849236409598139, 0.014838719050117005]]}