{"0": [[59.78252108307979, 3.075579078368187, 32.09558597885314, 31.73737296477336]], "1": [[52.00468044818815], [37.49005742434286], [19.400788400560927], [-1.53572974627523], [-1.199447981885986]], "2": [[7.2824192840173, -6.719088338229035, -7.228719421033621, 1.5335848094649336, 1.1980743101772582]]}