{"0": [[-1.2683757323396108, -1.6213106595053444, -1.6278284615132046, -1.6350504863068165], [0.44689658883790356, 4.867088415447699, 3.212931608207969, 2.7998120801300805], [2.034783906327787, 2.238541114570282, 1.453462348890051, 1.7744085206447398]], "1": [[-1.8749454814746822, 1.8435111815465621, 1.8787930097439542], [-0.8305713388227582, 0.36315799153821643, 0.8405211399319376], [-0.43926296526834563, 2.0226749550149457, 0.40848552276740496], [1.8829200165638056, -1.823797705201246, -1.8921659114075968], [-6.17758022173669, -8.06283794029291, 5.865464268169927]], "2": [[4.199794326184179, 5.9592146912413115, 5.685335148205861, -4.987531586492861, -11.068455180301962]], "3": [[-7.03173566540087]]}