{"0": [[6.246150443393436, 11.63904714582532, 5.751674545215488, 5.652647948451334], [4.737315178992255, 8.942405424953991, 4.421782017583502, 4.35463452202714], [3.4413194333211536, 6.253237773637111, 3.0862327978216326, 3.0337726844837367], [-1.7269393210536141, -3.2088640812441724, -1.5669209833424673, -1.567721956884294], [-4.13879708306458, -7.858353339705337, -3.881900599741825, -3.819929227810124]], "1": [[-19.421562833370686, -46.96938256427461, -29.54840139998289, 16.848224476318137, 47.374846426372685]]}