{"Train": 0.7328997224590093, "Val": 0.7314827629968783, "Test": 0.7328955958296293, "max_epoch": 49, "stop_reason": "Max epochs reached", "num_hidden_layers": 3, "total_hidden_units": 5, "unit_combination": [1, 1, 3], "learning_rate": 0.2}