{"0": [[6.94281987162474, 11.602405619081688, 6.529946921318913, 6.436745003978353]], "1": [[0.9542191677812307]], "2": [[0.0], [0.9726724151667906], [0.0]], "3": [[0.0, 0.8932676674971697, 0.0]]}