{"Train": 0.11354964430275154, "Val": 0.1134464680295337, "Test": 0.11335230407382624, "max_epoch": 3, "stop_reason": "Weight gradients converged", "num_hidden_layers": 3, "total_hidden_units": 9, "unit_combination": [3, 2, 4], "learning_rate": 0.5}