{"0": [[-0.9075011672140716, -0.5795945731965928, -0.40904462893905263, -0.46654495295410636], [0.01759267884309871, 0.013387323425780352, -0.0071809871011608625, -0.0033229734401175933], [0.03665943095077038, -0.09252441273158782, 0.01921669031854099, -0.021627938306229277]], "1": [[-0.03457258415989161, -0.01923055306115734, 0.06046067975065837], [-0.898550856552354, -0.001292749237201436, -0.05535417790040336]], "2": [[0.4932687835875264, 3.8776693090620107], [-0.04420605833998956, 0.2981037740290887], [0.9497365144436616, -1.6270645866485396], [0.20600148417906672, -1.2557659672829518]], "3": [[-16.321764651272684, 0.3060186462584643, -8.506548483123384, -1.2979545124852347]]}