{"0": [[-11.71868429119375, -0.9097338146291434, -7.269020373959924, -1.1001162769123176], [9.208587315171616, 0.7301021756487254, 5.7797612086151755, 0.9078132992025041], [9.040331789477147, 0.5300437524483033, 5.479309053270266, 0.2805673311864642]], "1": [[2.595215836600754, -2.2487002318430513, -1.965202310547061], [1.5760935581852753, -1.8308006108190849, -2.1751221096434197], [2.136755675328812, -1.1017238845973067, -0.059151262684924696], [0.9961797807670097, -0.4271549564756557, 0.275670641303146]], "2": [[-0.5047166705020013, -0.3664914377198104, -1.7420635202872654, -0.43915798536651446], [0.3650847468276201, 0.28229329442469286, 1.5284163632731347, 0.14902422292379672], [-1.4830783404745869, 1.6840162237584737, -5.573894621040172, -3.4546663700104543]], "3": [[0.8129231668024189, -0.6554705624478829, -8.59169456755221]]}