{"0": [[2.9160335226679286, 2.0040768731067264, 1.547267219211887, 1.2019070837218344], [-0.10934792610760523, -0.08514206627630384, 0.9863713493216477, 1.3324763887900233], [1.366047258002039, 1.3350077019687268, 0.44903663215337636, 0.18243205690120423]], "1": [[-0.008497932667201506, -0.4718778711321007, -0.05804376044051915], [1.7087238153061621, -0.8623184713328353, 1.2386323595453321], [-1.8644299978218284, 0.2409959998848936, -1.0330632909175794], [-0.10630580335310424, 0.06936400159934293, 0.06681046553231404], [2.5673886768694767, 1.1594173434470247, 1.1754599408645021]], "2": [[-1.9974433860683158, 0.056558930037509794, -0.23105248724979635, 1.8153229703186011, 3.4332737763284507], [-0.42525109859723986, 1.3496586644044468, -1.4081852701753033, 0.5103645197947165, 2.1804285929519867], [0.45772258507238933, -0.36629498538390554, -0.4652554508348314, -0.20613522777761614, 6.994718471593098]], "3": [[2.4895431050498904, 1.8692844293328754, 5.1197979475333355]]}