{"0": [[0.8587529876443211, 0.7248015320824615, 0.41741891106121576, 0.4657651073724809], [0.8335366966377004, 0.9385132478639662, 0.5470055323841966, 0.6088181162393423]], "1": [[0.24427611971964683, 0.31460255966919753], [0.1761443638593383, 0.2529825349734447], [-1.176418473908012, -1.3039806691663314], [-1.287629784907705, -1.7255023974693346]], "2": [[0.5278234377411667, 0.425670176509595, -1.338665979101824, 14.813963916313261]]}