{"Train": 0.168136808592616, "Val": 0.1700178179416794, "Test": 0.17275772554414007, "max_epoch": 3, "stop_reason": "Weight gradients converged", "num_hidden_layers": 3, "total_hidden_units": 9, "unit_combination": [4, 1, 4], "learning_rate": 0.9}