{"0": [[-0.9863240265988574, -1.2740624683298982, -0.8321646792306268, -0.8305036513487533], [1.5282686464312045, 1.959998290848177, 1.3056625359150933, 1.3000128504735804], [0.45569392154112465, 0.5547682167564706, 0.37683960091363894, 0.37846549589414297], [1.5623451791396874, 2.0058459585417285, 1.3322760922213313, 1.3085584188749755]], "1": [[2.056428127151182, -3.4443605806675692, -0.9033061436747839, -3.549655865805732]], "2": [[-4.237823857592578], [3.7351407231764155], [-1.9761397394312374], [-0.3358339293407368]], "3": [[-4.311065305844598, 3.7811175756273405, -1.982809221772463, -0.3340765921702218]]}