{"0": [[0.10446707045897748, 0.13014351410707914, 0.08991304219998994, 0.09906209257547105], [-0.6522444429133264, -0.8648616904457597, -0.6353682455069543, -0.6029985251716999], [-0.4963366970136478, -0.6373231918865233, -0.4399505652248916, -0.4476595880555626], [0.9897577137942931, 1.3422124500741455, 0.9483970203072108, 0.9439390401461066], [-0.8209062082646909, -1.1132490341577084, -0.7713237371816906, -0.7565810322257427]], "1": [[-0.21456687588724666, 1.4685544049961712, 1.05216020331156, -2.517121044007137, 1.9254625723855197]], "2": [[-1.6786961987287323], [-3.284432580067141], [-0.9004129672910248], [-2.133047431405994]], "3": [[-1.6875210169368065, -3.4404549940281455, -0.8988374206144717, -2.161526000999719]]}