{"Train": 1.4758658901255883, "Val": 1.4761823609737847, "Test": 1.473714276499511, "max_epoch": 3, "stop_reason": "Weight gradients converged", "num_hidden_layers": 3, "total_hidden_units": 13, "unit_combination": [5, 4, 4], "learning_rate": 0.9}