{"0": [[-0.46853055531638277, -0.6247197280669851, -0.4865536266526717, -0.4888568313969842], [-1.1238536362931668, -1.5724956903412355, -1.25290501250552, -1.237671802467278], [-0.4581699152361557, -0.6398884368834685, -0.4896614952643217, -0.4969165478486089], [-0.3509228063692796, -0.4711014928759907, -0.3819376220930569, -0.38866923705555656], [0.25525215479196334, 0.3571945640658235, 0.29342833044825356, 0.2788202910272495]], "1": [[-0.622353898806996, -1.683665104889833, -0.6178888762735052, -0.46891158843359765, 0.35201722969212296], [0.4352775059313199, 1.1849980275604457, 0.437245903027098, 0.3313083641864685, -0.22727610059369], [-0.5566756174759152, -1.5587275369430214, -0.5676444163028258, -0.4442920522265031, 0.3326239114192411], [0.47494580502537437, 1.2831762947170162, 0.48831009886002147, 0.3537799937906002, -0.27235314848906084]], "2": [[-0.9811840641239633, 0.6694034101762932, -0.906544429543486, 0.7600377533765125], [1.5141663276111679, -1.0741503702870936, 1.4007218086143427, -1.1545356827440212], [-0.8382497749627074, 0.5628318467450772, -0.7616989192443872, 0.6189967483270835], [0.04774066336986964, -0.05416557706465624, 0.037339872888488966, -0.04482448617375352]], "3": [[-4.8964343640081545, 4.016279492988338, -5.1165030080009855, 0.09482711912091395]]}