{"Train": 0.11354966635444608, "Val": 0.11344648733320466, "Test": 0.11335233168581473, "max_epoch": 7, "stop_reason": "Weight gradients converged", "num_hidden_layers": 3, "total_hidden_units": 8, "unit_combination": [3, 2, 3], "learning_rate": 0.2}