{"0": [[6.00275459799584, 0.7656481921647847, 1.12235902863926, 1.6872076852386124], [-4.313038642513277, -0.483266005097174, -0.7518661481346905, -1.1188620689446227], [-3.6431175629982695, -0.2774565182105996, -0.9101723902843086, -1.349777766080767]], "1": [[0.3651709120959102, -0.3545880286827474, 0.32122646558905477], [1.279453507634472, -1.039783343901261, -0.5302294452948861]], "2": [[0.11908301755494807, 0.1574146012345165], [-6.232291351696689, -8.618330919776046], [2.286510685725124, 1.2890685742187438]], "3": [[-2.5925362698759336, -0.9772480013977239, -11.183076586376352]]}