{"Train": 1.475865890127931, "Val": 1.4761823609761267, "Test": 1.473714276501849, "max_epoch": 6, "stop_reason": "Weight gradients converged", "num_hidden_layers": 2, "total_hidden_units": 9, "unit_combination": [5, 4], "learning_rate": 0.5}