{"0": [[1.947060008999552, 1.2180081526569826, 1.8699926470852117, 1.8471857517627674], [2.0646523909192807, 0.48360079248263316, 1.787355504618387, 1.461188670054758], [-1.715592861662363, -0.9934400148603032, -1.5792461126596904, -1.4928474179099709], [2.328057441988504, 0.32035394509498666, 1.95642314719084, 1.57970365582465], [2.1221504677228413, 0.5300544530942284, 1.826932714074716, 1.5266202598377492]], "1": [[3.905120407972836, 1.9995843042590367, -3.6347827385286187, 1.9052857208506924, 2.2182768546261595], [1.5787845090832802, 0.46742696853249355, -1.243404842079265, -0.09188186722492604, 0.5263150847491196], [3.41240136362605, 1.716095461295045, -3.200579396623552, 1.6368745579197692, 1.9302793211533262], [3.5332211282347443, 2.2249460039541944, -3.467950510266362, 2.3433723585738107, 2.4177923077614247]], "2": [[15.633504608789018, -3.3184089892803037, 15.714877531481232, 17.558268147688594]]}