{"Train": 0.16813454133422745, "Val": 0.17001553381405027, "Test": 0.172755447158499, "max_epoch": 4, "stop_reason": "Weight gradients converged", "num_hidden_layers": 3, "total_hidden_units": 9, "unit_combination": [3, 4, 2], "learning_rate": 0.2}