{"0": [[-0.4487608635509946, -0.7611639322055237, -1.1706486812352856, -0.8726445003049996], [-0.46883749440779343, -0.5837406357364784, -0.010493539288253311, 0.049845252232967874], [2.779755479564022, -0.5010814661024829, -1.9228961235452247, -1.507204856465813]], "1": [[0.14628013394094871, -0.12182700400616576, 0.2810216256186698], [-0.30454160403532243, 0.26798800039570403, -0.715435722278645], [-0.4355701501143739, -0.7404699390740187, 1.8711898660946569], [-2.3437349919046, -1.0482771098857895, -0.24578665909528877]], "2": [[-0.24109581450063172, 0.6196796977760488, -0.7857859336523316, 1.617636312541869], [0.07813108783081615, -0.2452282950804867, 1.6864641327127756, -5.735233821391848]], "3": [[0.7373083049709779, 6.955973959361026]]}