{"Train": 0.11354911634397737, "Val": 0.11344593589854332, "Test": 0.11335178081546728, "max_epoch": 3, "stop_reason": "Weight gradients converged", "num_hidden_layers": 3, "total_hidden_units": 10, "unit_combination": [5, 3, 2], "learning_rate": 0.9}