{"0": [[0.11261540901167469, 0.09388689790826897, 0.12457339093569239, 0.11640616340490298], [-0.621231257200854, -0.5870783357381675, -0.831589082727464, -0.7452224165233466], [1.3713004272707958, 1.337027968752347, 1.8869760357361438, 1.6709255250163064], [-1.0210350331918085, -0.9693151758381106, -1.3778559577934582, -1.2302411344722288], [0.9448444098232404, 0.8704353549549815, 1.234238790639693, 1.1231203376897707]], "1": [[-0.15889760908259704, 1.036329357098497, -2.743514705280421, 1.8234216256435833, -1.6096452421400633], [-0.1068617770891044, 0.7076239640663692, -1.8087271977066381, 1.2162939256591765, -1.0870200041497944], [0.09772762642606862, -0.6804476384106446, 1.7333727337776066, -1.1620396521343748, 1.029810767627819]], "2": [[4.388893087636414, 2.6658920772716836, -2.53384757911875], [0.29227957598907206, 0.17200316264382634, -0.17086359224843056]], "3": [[6.7827760645310375, 0.37118029042450007]]}