{"Train": 0.11354831792972965, "Val": 0.11344513540577271, "Test": 0.11335098115932307, "max_epoch": 41, "stop_reason": "Weight gradients converged", "num_hidden_layers": 3, "total_hidden_units": 7, "unit_combination": [3, 1, 3], "learning_rate": 0.2}