{"0": [[-30.97826900977126, -8.205319819694209, -12.268646324987914, -13.17049461162178], [9.665148235398041, 1.667121169936535, -9.07874596066935, -8.503513104486235], [-10.603456795922735, -3.412518755320218, -5.551083502064032, -5.734943725756627]], "1": [[-14.268542190627663, -5.285908334962809, -3.8917609052874935]], "2": [[-20.5386874579814], [0.0008398370100810307], [-1.9765894329226755e-05]], "3": [[6.543123528309695, 0.0008463058586194041, -1.9765977649680112e-05]]}