{"Train": 1.4245366931035597, "Val": 1.423349809229097, "Test": 1.4248301637386358, "max_epoch": 7, "stop_reason": "Weight gradients converged", "num_hidden_layers": 2, "total_hidden_units": 5, "unit_combination": [3, 2], "learning_rate": 0.5}