{"0": [[-0.02289435058564166, 0.2608778812904072, -0.13441648194179634, -1.2960188161647932], [-0.020566286386751356, 0.05906323974594367, -0.0545741069725914, -0.3730299503764409], [1.005000467571466, -1.7258296306122798, 0.42670898477552366, 7.6619017560903675]], "1": [[-0.3984921779813743, -0.14892611400558667, 1.7839457649201147], [-0.06863928455025206, -0.0032738492968266432, 0.13671293484493782]], "2": [[8.077622348104182, -0.0751920529075701]]}