{"0": [[1.6060469475256989, 1.1916148627001726, 0.5504925294031368, 0.8120992981173495], [1.4484232015208724, 1.1073224610200443, 0.560013692127595, 0.7846798378921378], [-1.5648131711756816, -1.148067361578381, -0.5273919834368113, -0.7636272157559197], [1.5719232679542232, 1.0846754989177052, 0.43687059730904304, 0.6490473109267413], [1.3849540492543926, 0.9915504378842847, 0.4403820504538079, 0.6449328630111902]], "1": [[0.3232500453287097, 0.22824295300991373, -0.2925924163226185, 0.20533451398944738, 0.2510179341714535], [0.3472569888258581, 0.27702044710200285, -0.3190139239532231, 0.2476176861420768, 0.29873832893298075], [0.5035269931138817, 0.6453495520784336, -0.4917819617213302, 0.442581376390699, 0.3747979660145301], [0.26391754399575607, 0.17361217509598445, -0.23532113891994216, 0.15035033976156348, 0.22932360278646083]], "2": [[0.808613014800017, 0.8793222120355955, 1.2857477544615112, 0.726413814446507], [0.41580164380518514, 0.4515698479626414, 0.5176952872317175, 0.3738331139510973], [1.1358506436235487, 1.1513163649037725, 1.2538038578413342, 1.059899495847413]], "3": [[-6.257109444774584, 0.09846518446744101, -1.6481035290274735]]}