{"Train": 0.16813680974457276, "Val": 0.17001781909623992, "Test": 0.17275772670736594, "max_epoch": 3, "stop_reason": "Weight gradients converged", "num_hidden_layers": 3, "total_hidden_units": 12, "unit_combination": [3, 4, 5], "learning_rate": 0.9}