{"0": [[-1.7858155581419735, -1.619465504343419, -1.8580674691069283, -1.8435595483480598], [0.5317088580839994, 0.46804604095813906, 0.5248064664216907, 0.5376401530674568], [-1.6798614244904657, -1.5163599927069025, -1.739634322873062, -1.7258283743739353]], "1": [[1.130231286110223, -0.29523805561404665, 1.0358594052291126], [-0.12962710553206347, 0.032944973609016756, -0.09328142018121899], [-1.1176562979504487, 0.2883560877981384, -1.0284854581524467], [-3.705772771085615, 0.9542919276866291, -3.410148826235575]], "2": [[0.7968071860976925, -0.06885867536612675, -0.805741642199293, -2.839296778934052], [0.8320349309360016, -0.09016585588038699, -0.8237371999368263, -2.9797226926664893], [0.22751003580722357, -0.031157399102509278, -0.22776075796940246, -0.8265263133934116], [0.42264181581445415, -0.03168748666549975, -0.42366200365592643, -1.4844244526777766], [0.9551497595713361, -0.1089577567242223, -0.9308896052186542, -3.4400567957207477]], "3": [[3.095523197870227, 3.247065631399991, 0.8895646184689824, 1.6071474795921838, 3.7574571404418355]]}