{"0": [[5.085209422129219, 0.1130950005701554, 2.612343065029329, 2.22885050810615]], "1": [[0.7153671388656078], [2.973275707418633]], "2": [[0.7950592604180571, 1.5908711630908796], [0.39781805686719496, -0.026104241483489776], [-0.9275764857680487, -1.784985146708308], [-0.8065668850595834, -1.629579681217818]], "3": [[-14.809843834544077, 13.546751715828016, 15.070339565134967, 14.832869460660506]]}