{"0": [[-0.12344553635943205, -0.20017275445058003, -0.11245605642521371, -0.1135254195068731], [0.8544757541790002, 1.4529678299034179, 0.9283224453695136, 0.8838851041226001], [0.5620636257315841, 0.9481587240757665, 0.5974166675484462, 0.5900131202051752], [-0.681684059043312, -1.1341003522061732, -0.7042549668260646, -0.7248064674429329]], "1": [[-0.28424416420367177, 2.492181194043166, 1.4622093491864079, -1.8084626502718613]], "2": [[2.2600203341047185], [-2.9810677554824636]], "3": [[-12.462663314845217, 13.127592415717666]]}