{"0": [[0.7780626252081271, 0.24939576654545115, 0.5322367015957873, 0.5094432741950323], [0.5410065883997083, 0.16808689850866648, 0.328155556321085, 0.31617026963076766], [-0.5006655124271314, -0.14209522094792276, -0.29458722409974303, -0.2915647947029067], [-0.8004572982714718, -0.265796640979451, -0.5524705392415206, -0.5303565262520814], [-0.8316649099864099, -0.2863780962463674, -0.5744507064056893, -0.5305154648966772]], "1": [[1.4004367909609512, 0.8898642228445139, -0.7995188614701423, -1.465136231358392, -1.5152069781895772], [-0.6472207027556953, -0.44879285890749704, 0.41248543475461624, 0.6670848497392465, 0.6763324650396604], [0.22763428251605575, 0.147631442413981, -0.12141391823320553, -0.21295777597617482, -0.22473459634517082], [0.4913351029539573, 0.32376153530434304, -0.2760746963197738, -0.5219612074358045, -0.5452042162270344]], "2": [[-0.3209305604086535, 0.05081803972009972, -0.020151761975451977, -0.06716742102293595], [0.04824947318210513, 0.1808241424870977, -0.018332364338821194, 0.15270672770211483], [-15.88086223898464, -8.882175112058832, 0.3371169817864032, -12.192426763291115]], "3": [[2.4329760565200464, 2.8582046622682675, 8.065327287947172]]}