{"Train": 0.1135496669898118, "Val": 0.11344648796209625, "Test": 0.11335233233039257, "max_epoch": 4, "stop_reason": "Weight gradients converged", "num_hidden_layers": 3, "total_hidden_units": 9, "unit_combination": [2, 2, 5], "learning_rate": 0.9}