{"0": [[-0.4553679370184468, -0.1296278637102797, -0.18048240107445873, -0.4498381080376002], [-1.65964954227792, -0.5058826525450217, -0.8523969385578334, -1.660945899224693]], "1": [[0.015137154924165189, -0.15770321093261908], [-0.6968079677387254, -2.719110637986149]], "2": [[0.04268830964617418, 0.06617198412097945], [0.02125521982418663, 0.04445832343467292], [0.14483636314531373, 1.0588818449703767], [0.24888514701366887, 2.4690090654679024], [0.11505523321002555, 1.733473392716088]], "3": [[0.11186816267426615, 0.017988616214893966, -0.06464053311210896, -7.507519876757385, -6.683059656537939]]}