{"0": [[-1.1748694522897478, -1.372592849275026, -1.258131334405561, -1.1143309958218157], [1.1639685745953041, 1.3728064839674572, 1.247097328613569, 1.0948580186511705]], "1": [[2.0702695384578043, -2.0379403824865423], [0.45468594214092894, -0.4536485002157153], [-0.3205648658239865, 0.3061686034320952], [1.3021469171639477, -1.3056066732222156], [1.4041631830338395, -1.375124190422966]], "2": [[1.6963616400658263, 0.3600353429038276, -0.22811150426085464, 1.01653482911572, 1.0699133747365666], [0.8164523857166027, 0.1595262125498978, -0.11335443066664411, 0.5042599824073656, 0.5342155403277896], [2.551334028763225, 0.5090708821165204, -0.3657185562134049, 1.520844260987474, 1.6483774626980312], [-0.10235853709346146, -0.011983137648118739, 0.019385916156944454, -0.07262580487315777, -0.071479563057271]], "3": [[2.310301306562725, 1.0959463582422522, 3.633531459199646, -0.14602960643008572]]}