{"0": [[0.860693434741862, 0.22405554543931805, 1.0655706520785067, 1.1096969419175304]], "1": [[-1.1142551808958414], [-1.7019797249890622], [0.29241854727146394]], "2": [[-0.1751336777464696, -0.21211941613690963, 0.04536501760611449], [-1.076406610762599, -1.7363517594714233, 0.29316298089134174]], "3": [[0.2783123920962688, -10.771578458925926]]}