{"Train": 0.16813680662634137, "Val": 0.17001781597900378, "Test": 0.17275772351409338, "max_epoch": 3, "stop_reason": "Weight gradients converged", "num_hidden_layers": 2, "total_hidden_units": 7, "unit_combination": [5, 2], "learning_rate": 0.2}