{"0": [[2.0506013953932865, 1.6721364442784719, 1.116542885895266, 0.3809785659137451], [0.027764638252509438, 0.059018456484084346, 0.06527074678601752, 0.05625359603439568], [-1.45893771359192, -1.438738941374735, -0.43147421817255543, -0.625312245393479], [2.043359538653294, 0.439237478155426, -0.1847159388068685, 0.04065829948093667], [-1.9667433174402078, -0.3111555955584436, 0.3059737835303244, 0.08335068065835623]], "1": [[-2.0351161166402476, -0.0735858564603058, 1.046588355670303, -1.1148199266265937, 0.9459664694007748], [4.861743406321819, 0.08171726324090134, -2.0449091213881654, 3.182157339050947, -3.050520928453241]], "2": [[5.1851777115822255, -4.451672770871639]]}