{"0": [[-1.643538761864175, -1.8584928084519552, -1.984969476329364, -1.9526494517036164], [-0.7194469579940826, -0.7669706904072967, -0.8247962881130404, -0.8249274343354852], [-1.5858818077402406, -1.738671254760215, -1.8973326276894993, -1.8433021555917803]], "1": [[-0.7969684517902116, -0.2902641646747593, -0.7478334680621824], [-1.7888692889642195, -0.6614269367668755, -1.6390443161122525], [-1.9993465584354548, -0.7373535876640291, -1.8459805365761435], [-3.2156710283789463, -1.1967340340415509, -2.933937977729255], [0.3385648706759181, 0.11220624545342926, 0.29947659495913787]], "2": [[1.1333613742176483, 2.57605003165563, 2.904705603372246, 4.963569966432402, -0.4621551552128182]], "3": [[-21.457244711845764]]}