{"0": [[1.6838274059221696, 0.6265725980244106, 3.0953896176701816, 2.9387616195934188], [-0.3227392281522952, -0.39851360781843964, -0.3269750469238315, -0.09009345813901411], [0.05875859598115639, 0.07124555596146473, -0.3800046508555437, -0.3750819536607381]], "1": [[5.8243073731931005, 2.33043281600482, -0.7318889284358425]], "2": [[-7.4696350026563225], [-0.47756802168477946]], "3": [[7.800382687843962, 2.43642576417595]]}