{"0": [[-0.6008928063509595, -0.3152991946644063, -0.6118753524443193, -0.6241933816661193], [-0.042817735662405924, -0.024223027459459957, -0.061315713043532206, -0.06574961318543221], [0.5352460797643851, 0.2895277880507041, 0.5674705107963607, 0.5686790860162608], [0.0991642852165213, 0.049289868316669, 0.11459357353044444, 0.10245365474370247], [-1.2583598648809222, -0.6780468141720373, -1.318142353610243, -1.3356517057446744]], "1": [[-0.616865574017941, -0.058114182290462085, 0.5842544839558519, 0.10345060667753635, -1.4665514219951434], [-0.7651059744214632, -0.06366349749374377, 0.6713840578311688, 0.1207890618604522, -1.7499070386027085], [0.5303937753868267, 0.0586289938524939, -0.48609706802898833, -0.10020041997887566, 1.2860324309685998], [-0.19574950947827585, -0.01898524931379348, 0.18725829839240035, 0.03271340761159548, -0.4763285450321843]], "2": [[1.730679609979514, 2.0866219944833926, -1.4953181189519031, 0.5491536511133625]], "3": [[10.912105372210604]]}