{"Train": 0.11354966697978629, "Val": 0.11344648795204593, "Test": 0.11335233232035162, "max_epoch": 3, "stop_reason": "Weight gradients converged", "num_hidden_layers": 2, "total_hidden_units": 6, "unit_combination": [3, 3], "learning_rate": 0.5}