{"0": [[-1.2333036131047461, -1.6114138053955376, -1.591598351573356, -1.829445013910626], [2.3424482274526564, 3.56954679380995, 3.4633858537903324, 3.9697272144618587], [-1.367899048954943, -1.8258108064048957, -1.7814683034892929, -2.0651254785404434]], "1": [[-2.0179465050094656, 1.88332325767272, -2.005986841144027], [1.2737443252802336, -1.7393576165223288, 1.2960344720694559], [-2.450063112104338, 2.2289688552426172, -2.4679531392615983]], "2": [[2.225664592596237, 16.0706415719549, 1.427369605502497]]}