{"Train": 0.16813680965653324, "Val": 0.17001781900800106, "Test": 0.17275772661846564, "max_epoch": 5, "stop_reason": "Weight gradients converged", "num_hidden_layers": 3, "total_hidden_units": 10, "unit_combination": [3, 4, 3], "learning_rate": 0.2}