{"0": [[-0.5919217124227588, -0.0959061162521348, -0.5810723848322149, -0.3503235049020864], [-5.601373344329082, -4.601009661674415, -1.0926735457873902, -1.1505943568660713], [-6.210273679219359, 0.26981019927530503, -8.078821930214534, -3.5976889641259566]], "1": [[-0.6557858674419386, -1.6343738226756634, -1.7910547016915388], [0.2922245193064608, 0.7228592743285648, 0.7616141920374208], [0.6773926629700545, 1.6467319657772397, 1.771075036758145], [0.1689115421058735, 0.42500515833531977, 5.451262233527113]], "2": [[-1.6022146016258854, 0.5045446404269313, 1.4701942456521688, 2.51610022869343], [4.035156292144864, -1.3554190365853702, -3.781527033335613, -4.209834398940452], [-1.5336407385266282, 0.48078180587851094, 1.4180991790744324, 2.426250988850725]], "3": [[6.021882194736232, 1.1434549774086973, 6.456069384126926]]}