{"Train": 0.14931111318256107, "Val": 0.14720019358073674, "Test": 0.14840922890526173, "max_epoch": 3, "stop_reason": "Weight gradients converged", "num_hidden_layers": 3, "total_hidden_units": 11, "unit_combination": [4, 2, 5], "learning_rate": 0.9}