{"0": [[-0.5052360014682947, -1.1526656198173166, -0.5407979193373419, -0.5395814868339671], [0.39414162705010647, 1.0626525546018253, 0.4195389118192235, 0.459639070946738], [-0.034833451095125104, -0.03557885696085183, -0.007025876585018354, -0.032564967964954394], [-0.0002981737773998543, 0.4837614684482759, 0.043112552263354004, 0.06254804934821206]], "1": [[1.850729122411997, -1.68264872079028, 0.07420519276987385, -0.7579511222256236], [-3.3817711296158524, 3.2806457592720975, -0.2953821776766429, 2.0879302434311784]], "2": [[-14.778522198445259, -10.496075034097679], [-0.06146402094069575, -0.5916776773237703], [-2.73762389554636, -1.9765844016744085], [-13.482991962679593, -9.5056298145215], [-0.35275517401134315, 0.2768900788996116]], "3": [[3.5933043676704632, 18.59155044582974, -4.815666265217143, 0.5079477160692277, -18.972275618555898]]}