{"Train": 0.11354966699057852, "Val": 0.11344648796286512, "Test": 0.11335233233116149, "max_epoch": 7, "stop_reason": "Weight gradients converged", "num_hidden_layers": 3, "total_hidden_units": 10, "unit_combination": [4, 1, 5], "learning_rate": 0.9}