{"0": [[-0.1524839361731644, -0.1044142614429129, -0.07572271771110006, -0.08251799914534381], [-0.5347127872517209, -0.4142815632704785, -0.35239498603632696, -0.3567105002187832], [-0.6580601125553519, -0.5208336949422528, -0.4712273344514895, -0.4533375298793244], [-0.64818064873531, -0.5124383934958697, -0.46505637754717755, -0.45990795981640187]], "1": [[-0.21385292610778442, -0.9099057458121907, -1.2227590188559545, -1.2069929098618786]], "2": [[-4.523539425327943], [-4.676974727862756], [0.6338761104446159], [0.10311879846063902], [2.0956866743945577]], "3": [[-10.422403675387892, 23.357413491809066, -14.220221708661983, 0.06661607596194494, 4.726905757588304]]}