{"Train": 0.14931111318248916, "Val": 0.14720019358066544, "Test": 0.14840922890518832, "max_epoch": 9, "stop_reason": "Weight gradients converged", "num_hidden_layers": 3, "total_hidden_units": 10, "unit_combination": [3, 4, 3], "learning_rate": 0.2}