{"0": [[1.149308972886093, 1.2213139591802071, 0.3318701128355439, 0.4710949751818887], [-1.5908517082838494, -1.5658450673108582, -0.22362045570431913, -0.26064119473451625], [-1.6430279842045938, -1.6591603069188847, -0.1982360639431392, -0.30439014318762314]], "1": [[0.5101114991070328, -0.6368113496544565, -0.6823315427878318], [-0.7592107258024304, 0.5471185780838825, 0.5522109024203384], [-0.2664072382848472, 0.2937340391412119, 0.294576385872576], [0.4651413477372177, -0.4157162006285518, -0.39480489183028883]], "2": [[1.097438053772167, -1.2213251336613657, -0.46548374699799727, 1.116889448955089], [0.1836799512415782, -0.10174947817421644, -0.20942651307430896, 0.037032048097723896], [-2.5536786310342467, 4.628681771003772, 0.054825097998154486, -0.7771188929072725]], "3": [[-5.826441455245913, -3.446761840807273, 8.037534463346399]]}