{"Train": 0.16813680858909558, "Val": 0.17001781793817206, "Test": 0.17275772554055996, "max_epoch": 3, "stop_reason": "Weight gradients converged", "num_hidden_layers": 3, "total_hidden_units": 11, "unit_combination": [5, 3, 3], "learning_rate": 0.9}