{"0": [[0.3061576439930586, 0.4054164411567914, 0.3183419934864265, 0.31968627897101604], [-0.29112475584831554, -0.3909550050790346, -0.30655096217010636, -0.30271716602107973], [0.4003464016293376, 0.575567019331967, 0.4285070912443982, 0.42979298210392886], [1.577282151421282, 2.179690828919077, 1.6520931814868245, 1.6330957438022535], [-1.622249225111541, -2.244793573927349, -1.6924752804292291, -1.6751475833672418]], "1": [[-0.09155236518289069, 0.08112979729262607, -0.10423930752049605, -0.5275430434265281, 0.5750755681641411], [-0.35696907002181427, 0.3373997664029414, -0.4696304346561848, -2.0808700693318865, 2.1492981640617783], [-0.5696230544891482, 0.5481040685871774, -0.7927115762896008, -3.3918247998756113, 3.523760217886847]], "2": [[0.5678183006528389, 2.26985836722531, 3.9120422438393008], [-0.5324913117784245, -2.0873883270052866, -3.586300807286788], [-0.15790915692459284, -0.6248206830967147, -1.0685052617126627]], "3": [[4.654312451140813, -4.260363342222805, -1.2494229173067155]]}