{"Train": 0.14931107487554796, "Val": 0.14720015532256245, "Test": 0.1484091906614274, "max_epoch": 3, "stop_reason": "Weight gradients converged", "num_hidden_layers": 3, "total_hidden_units": 9, "unit_combination": [5, 3, 1], "learning_rate": 0.9}