{"0": [[1.8963044295534015, 0.6019727163208904, 2.031909620233617, 1.9751667684794856], [-1.2981045295054658, -0.4093499317188256, -1.3491281580349048, -1.31002196837257], [0.17087706788333834, 0.054757670790231396, 0.2013762592839577, 0.19814021512449334], [-0.018670014884629466, 0.009863487003853708, -0.005426425071543766, -0.017427931804190777], [-0.4510233441642426, -0.13308550392574206, -0.43291474477759534, -0.4315353800982526]], "1": [[-3.1366668958292467, 1.9336910374054832, -0.25384797678775295, 0.014805969974469951, 0.6297090242132747], [-1.960992801215502, 1.2108523256312251, -0.16435689269824616, 0.003186771364919574, 0.37713558666519903], [-1.3727351288727696, 0.857474573443221, -0.13199597914578654, 0.020910808477732582, 0.2624864060771264]], "2": [[3.9432754700521597, 2.3844218086445763, 1.659214501352341]], "3": [[8.377870617368062]]}