{"0": [[5.156477889100625, 2.9291723157898755, 3.211766181351272, 3.207054467574079]], "1": [[-2.269291357375293], [-1.4343779198086728e-46]], "2": [[-1.9379806127034973e-44, -0.006255062349582717], [4.625384686798127, -4.039171184531669e-48]], "3": [[1.9380372667456496e-44, 6.856168720379531]]}