{"0": [[6.8857838934533975, 0.7920461215814572, 4.022423885649839, 2.4613539690164523], [6.086170948199045, 0.7159233570745641, 3.50957467073908, 2.012946244248024], [3.3486021895379765, 0.4675838630274784, 1.3814529377794957, 0.6218482074539678]], "1": [[2.992161723809138, 2.8627233752368313, 1.7618487121417643]], "2": [[9.54086236727954]], "3": [[-6.688927316694637]]}