{"Train": 0.1493111131825608, "Val": 0.14720019358073647, "Test": 0.1484092289052614, "max_epoch": 3, "stop_reason": "Weight gradients converged", "num_hidden_layers": 3, "total_hidden_units": 10, "unit_combination": [4, 2, 4], "learning_rate": 0.5}