{"0": [[-0.20077544840129855, -0.23186829216109747, -0.2296700684035969, -0.22724175267184613], [-0.8098124723733588, -1.0116479705492476, -1.0373158884377132, -1.0084861907420277], [0.5253523391792545, 0.6474624562084079, 0.6002832508598732, 0.6136042376952853], [-0.1903529362783468, -0.2384905968276834, -0.23935847275901004, -0.2193312427583927]], "1": [[0.09340166987016466, 0.5745695417158967, -0.3322938767202671, 0.09947949873033114], [-0.43318030626105397, -2.0265276729983137, 1.169780427751846, -0.4359129504095754]], "2": [[0.10876409790511563, -0.29115255820510366], [0.4922758525559913, -1.6032077152915054], [-0.4709804363049218, 1.5398276188741593], [-0.13090771809908247, -0.44275468599481893]], "3": [[0.12799068709301004, 8.086865743919596, -7.993575100076425, 5.838223669243596]]}