{"Train": 0.11354954882100404, "Val": 0.1134463695048698, "Test": 0.11335221396477152, "max_epoch": 3, "stop_reason": "Weight gradients converged", "num_hidden_layers": 3, "total_hidden_units": 7, "unit_combination": [2, 3, 2], "learning_rate": 0.5}