{"0": [[-3.576938233865103, -0.01651176346111704, -1.5442660082611814, -1.3576920478964178], [2.931074172159413, 0.04775357939285307, 1.7092600689835773, 1.5251767541818233]], "1": [[1.3288509606806422, -0.7536934959874877], [2.2519168082229997, -1.3255177349655618], [-3.1756591901679148, 1.9030671936279258]], "2": [[-0.9412262932518295, -1.2257304135262337, 0.9768536590781036], [-1.1056215651468149, -1.4493982306837896, 1.0697840117038395]], "3": [[-4.3035631158596965, -3.4798260607095415]]}