{"0": [[3.3580079980154784, 1.085494854906949, 0.2504105090930608, 1.3101444881470163], [1.2776614430349202, 0.3688469630392788, -0.74033054058974, -0.2264861901582311], [-7.655111962233804, -2.7757466905436496, -5.979359632757486, -7.994657305314635], [-5.734363931962175, -2.0694994555131783, -2.723449795111769, -4.063425165232823], [-7.530870564056339, -2.5858024593891824, -6.160297972951122, -8.292007121783737]], "1": [[0.6053446035460833, 0.6794614385846427, 1.5937172133001438, -0.09782835770757362, 0.9981730832071085], [3.6023658012096855, 2.069242121813656, -0.5992936524345339, -4.768940703002223, -2.042307956915481], [0.9846597155103951, 0.6355857744181211, -0.2852677729372281, -1.2864107285025335, -0.6206758575316583]], "2": [[-2.7219976437425504, -8.77421450572698, -2.71291045962367], [0.13915386582068523, -1.8983280313766422, -0.11685318727486664]], "3": [[6.792568501519217, 2.132971489718714]]}