{"Train": 0.11354745888330967, "Val": 0.11344427413301625, "Test": 0.11335012076866406, "max_epoch": 15, "stop_reason": "Weight gradients converged", "num_hidden_layers": 3, "total_hidden_units": 8, "unit_combination": [5, 1, 2], "learning_rate": 0.2}