{"0": [[4.126013759248388, 1.165475963650932, 7.002551245998223, 5.723059195780033], [-4.397440504732167, -1.1960715857617599, -7.486064087356606, -6.319057354738288], [-3.900527281590144, -1.1239696612027352, -7.4687862711310435, -5.666346733616568], [-5.0009391822926546, -1.3705998660988044, -8.807230740543357, -7.156729437729984], [1.9203137315296792, 0.5519329140997394, 2.9058222781464846, 2.5788150395473672]], "1": [[-2.369458019223054, 2.6576202736022885, 1.6892838163596458, 2.832169962210413, -1.26439423655751]], "2": [[-7.840311343663586e-112], [4.74752017833813]], "3": [[7.840311343660262e-112, 6.297704023332739]]}