{"0": [[-2.3700098577467426, -1.5936281649043333, -2.6150061884896054, -2.6108960890860264], [0.13506750519999394, 1.3282460631374025, -0.22253567772296234, -0.20326474178720497], [1.5615446928429384, 2.0316406274407974, 1.9151892485722666, 1.9057755487157022], [1.2099429875727288, 0.07923202798183601, 1.668783641757083, 1.672875882820959], [2.5599113270566107, 5.262984177277201, 2.6144207000220114, 2.579020399329693]], "1": [[3.3488233302488477, -3.843856498738319, -5.973477186052687, 2.6462118060065274, -6.343862374164872]]}