{"Train": 0.11354966699058786, "Val": 0.11344648796287166, "Test": 0.11335233233117335, "max_epoch": 3, "stop_reason": "Weight gradients converged", "num_hidden_layers": 3, "total_hidden_units": 9, "unit_combination": [1, 5, 3], "learning_rate": 0.9}