{"0": [[-1.1883768520250566, -0.5250520814639503, -1.2814814300395658, -1.0774955802885198]], "1": [[-0.5670510838705576], [0.23757521968906864], [0.6583658540742896], [1.768223788310469], [1.1526761042442335]], "2": [[0.4958884788857269, -0.20901482727689571, -0.554208713609096, -1.4836353591145246, -0.9687726420084787], [-0.061510390205490144, 0.026917975574276994, 0.07486607715268843, 0.014665201702627107, 0.06255209010579368], [0.2721293843488955, -0.11312702407157242, -0.34901045470657277, -0.9441170178704289, -0.609519865958395]], "3": [[-8.727606610862267, -0.4837892451080612, -7.841036854302213]]}