{"0": [[25.431159494604046, 10.45539223415234, 54.90921856704513, 56.76495430017627]], "1": [[-0.427979565375586], [-0.4454339444102522], [-0.7039638001270458], [2.3029649674429686], [-1.7904581811031224]], "2": [[4.157325122182308, 4.228927264674261, 1.7875245153564947, -8.787298267260807, 6.326214790200617]]}