{"Train": 0.11354613420490622, "Val": 0.11344294602149203, "Test": 0.11334879401737795, "max_epoch": 49, "stop_reason": "Max epochs reached", "num_hidden_layers": 3, "total_hidden_units": 7, "unit_combination": [1, 5, 1], "learning_rate": 0.2}