{"0": [[-1.2687247229975043, 0.46870503489133675, 3.946205382643771, 4.021509987042959]], "1": [[-8.465242296997273], [0.07712183054786272], [2.187829026298693], [0.6357671568237035], [-0.6146399080746856]], "2": [[4.8397350531095915, -0.15598691612148832, -5.423661092039968, -0.7784137772472461, 0.747881514782811]], "3": [[6.061776979284296]]}