{"0": [[0.8156839380226196, 0.6751004760383741, 0.872763674538794, 0.9059179867403029], [0.6590800501084382, 0.493922386528788, 0.6850271101679557, 0.7400989254648928], [0.7250141722355586, 0.5338981587070423, 0.7719274778428558, 0.8172634433362699]], "1": [[1.7792312653582654, 1.4337015817828542, 1.6003376887914573], [-1.2505471633510195, -0.8346431405600937, -0.9752666685498551], [-1.7968660147648485, -1.3647084139684622, -1.5428568203572306]], "2": [[2.054566013965027, -5.190922907523238, -4.886984628643117], [2.7279678461491055, -6.763189620755517, -6.081607903150675], [-0.1309726519233227, 0.6331509040040454, 0.4962017304103288], [0.7994513075718926, -2.576250426706536, -1.4814797028924778], [2.345714469594124, -1.5638054916287756, -1.8210779623106361]], "3": [[-6.442970833561643, 2.0416716155940993, -6.742818627451725, -25.684404064773634, 6.171314487765547]]}