{"Train": 0.1493111131825441, "Val": 0.14720019358071978, "Test": 0.14840922890524474, "max_epoch": 3, "stop_reason": "Weight gradients converged", "num_hidden_layers": 2, "total_hidden_units": 8, "unit_combination": [3, 5], "learning_rate": 0.9}