{"0": [[0.06362696098373134, 0.14019853510171293, 0.05356749645094087, 0.08565288167533616], [1.2757994756577544, 2.7294950764342136, 1.329777007234724, 1.3313026742123302], [1.752026609789315, 3.863978590337801, 1.8832498406521452, 1.8669657748996318]], "1": [[0.03616725023061413, 1.1350224333432377, 1.8098891790502445], [0.07757684788271597, 1.3175831344112192, 2.1023561005843967], [-0.12041967182037767, -2.3921359352168365, -3.8597247833878234], [-0.07538890343534596, -1.3532032744795504, -2.1732802685083894], [-0.09147372493305937, -1.9251917712324613, -3.1202369457252317]], "2": [[-2.1480481379611933, -2.482997270493452, 4.717131310564771, 2.614505959468592, 3.7478475248799685]]}