{"0": [[-1.260857306353855, -0.4388918208904708, -0.9462363208679363, -1.1050235002622826], [-0.25373715552564097, -0.08720144557931485, -0.19195446219236897, -0.22060397231590867], [-0.8271691612482568, -0.2561579741372513, -0.5999874601370009, -0.6890531893278047], [1.573664769188211, 0.8182579981075881, 1.6218822080355044, 1.897180602630561]], "1": [[-0.6962950875498458, -0.13101947718597898, -0.4414473692114897, 1.7357446121385858], [-0.9117702247279641, -0.1959613048053269, -0.5633569687994859, 2.4301059203510027], [-0.24113197741222897, -0.041711439542701165, -0.1307115039252355, 0.5355513503382883], [-0.4404252576869827, -0.09655576354106712, -0.2612960302601853, 1.0130814865401714]], "2": [[0.30578599607893575, 0.3046082693474219, 0.1560728308801852, 0.2740374089228869], [1.9457245405494141, 2.885989436586168, 0.5707483161893131, 1.0864711465486236]], "3": [[-11.167877559987433, -15.657088846515025]]}