{"0": [[2.9159399824234007, 1.2171924913529364, 11.59562915157876, 11.367595287749968], [4.344052591291937, 1.9280492192146599, 19.058860359999034, 18.713630869092807], [4.72010113434183, 2.2041213132469, 20.467563240423903, 20.0833161509449]], "1": [[2.0795474222443096, -0.19448885407289984, 0.7584743887702783], [-13.956704545534631, 9.278609010435956, 0.22084249959574725], [6.1253943669997755, -0.730372166914599, 2.1567617533336843], [1.2450494991940864, -0.10992256558843094, 0.44875143333811385], [13.555664374120186, -8.564999741174681, 0.14086384362892712]], "2": [[-1.2756583109024344, 12.644699846812085, -4.062835550692862, -0.7408832645738855, -12.03871235525301]]}