{"0": [[0.7532934420040062, 0.6510355534352968, 0.48141202239553094, 0.6119663703715017], [0.8241283049813481, 0.8427316404923094, 0.6114344351130071, 0.7577310744944097], [-0.5273461515855588, -0.3405192789047282, -0.23543209953705063, -0.31958539792130974]], "1": [[0.06967964115835948, 0.027712480723339178, -0.06339414114039559], [0.13423770055846845, 0.2129213890083793, -0.057912824495398], [-0.8385443131682065, -1.061486498351277, 0.4589431227756078], [-0.8328017131280019, -1.0659940595191604, 0.435849696003076]], "2": [[-1.0519972551515768, 2.1626650246420263, -3.0880958161467404, -3.0702822950119315], [-0.0002418715099584412, -0.05741208844084489, 0.5730237118295043, 0.5484815068624399], [0.2016399074415515, -0.4972166215384565, 1.2311278436511797, 1.2426411739637409], [0.4201916845679364, -0.86335943362371, 1.2114902100728142, 1.2420947921830388]], "3": [[5.269365820373194, 23.669646659326453, 24.431832973375418, -2.026554825745593]]}