{"0": [[-0.6751686307435772, -4.069319055861537, -3.0310091861287525, -2.793540217205512], [-0.9543084790512618, -4.206231184445822, -2.779533197549632, -2.5628457117793344], [0.48673077667212133, 3.8757185604371247, 3.140699626463772, 2.8950375757670597]], "1": [[1.7490307526832876, 1.7353977392288857, -1.6961936536481688]], "2": [[6.756828682569566]]}