{"Train": 0.11354966671083375, "Val": 0.11344648768358591, "Test": 0.11335233205003306, "max_epoch": 9, "stop_reason": "Weight gradients converged", "num_hidden_layers": 3, "total_hidden_units": 9, "unit_combination": [1, 3, 5], "learning_rate": 0.5}