{"0": [[-1.3575934483078558, -0.4267803834485567, -1.495677791177384, -1.5157412735256997]], "1": [[-0.7574835407026853], [1.5202508367805536], [2.7373925745677328]], "2": [[0.34532945938434806, -0.6103307301945509, -0.5054472735219843], [0.8760373438821825, -1.916238621388809, -1.8641676221544818], [0.2538045032966649, -0.7104290973431859, -0.7887443078443295], [0.48451336341913886, -1.2945344979692455, -1.4209994083808095], [-0.26832153410998705, 0.6520168957472169, 2.187370146878301]], "3": [[-1.2061760982487448, -2.233135068188013, -2.208534497458923, -0.23425953893442, 5.305090656974405]]}