{"Train": 0.1493110859913672, "Val": 0.14720016642420977, "Test": 0.1484092017589137, "max_epoch": 3, "stop_reason": "Weight gradients converged", "num_hidden_layers": 3, "total_hidden_units": 7, "unit_combination": [2, 2, 3], "learning_rate": 0.9}