{"0": [[-5.981178216396067, -1.299636874022368, -18.931993966042725, -20.63042404409639], [-18.10484407113255, -1.3698758104407331, -19.67986443099076, -20.796913411598613]], "1": [[247.40450898023337, -349.5024425158088], [-221.7500740135122, 317.475096380066]], "2": [[106.43080061809346, 118.21079905790813], [-97.31217529302506, -109.1750908660523], [107.44524623806589, 105.3200602135963]], "3": [[-9.978114946533795, 9.109833194912017, -28.436740688947875]]}