{"0": [[1.045105797292208, 9.688066175670228, 5.204775861206196, 5.168743738708568], [-0.8410820143730624, 2.404985405245427, -0.6238735163591559, -0.6180130198890486], [0.07153451087415799, 3.2591027890925894, 2.034300293724244, 2.1285591627977785], [-0.1709301410406715, -1.376458074287661, 1.2498525506043776, 1.2039855234026815]], "1": [[-1.2561345456604212, -0.03682089388625173, -1.6812995992604287, -0.8785973219996496], [1.9250338220029297, 0.4403834955092024, 3.3655307179757155, 0.9075186784646168], [-4.208975655365757, -2.512410065836469, -4.22893248016495, -1.2239288096795327]], "2": [[-21.622163992703126, 20.719071843330944, 17.926264673041874]], "3": [[-4.263243656414252]]}