{"Train": 0.16813680974851625, "Val": 0.17001781910019195, "Test": 0.17275772671134848, "max_epoch": 6, "stop_reason": "Weight gradients converged", "num_hidden_layers": 3, "total_hidden_units": 7, "unit_combination": [1, 3, 3], "learning_rate": 0.5}