{"0": [[-1.5896867161483166, -1.1443649462591243, -1.6313204949795332, -1.6109267332608836]], "1": [[2.324676326447789], [-2.5087909719110697], [-1.6359804578695045]], "2": [[-1.5826768280492063, 1.5476536294546097, 1.5626242838601736], [-1.5177226174906293, 1.510542302280447, 1.4837836515733052], [2.304638591333268, -2.515393218572187, -1.3760388153846066]], "3": [[-2.0142052693408097, -1.848075258718834, 8.800017658162355]]}