{"0": [[-5.388089152525625, -0.46353006045836687, -4.153984867971592, -4.246725606917313], [-7.073594713010405, -0.6131455563217442, -5.423175096218606, -5.5917796246612035], [15.497097047233948, 1.4160109891895276, 12.553628799963695, 12.852295930070907], [3.6801405739947692, 0.3199966694215978, 2.8441321873169074, 2.9115963725886407]], "1": [[-8.876615767319171, -14.186897376778644, 47.53952311556184, 4.798865984364904]], "2": [[-3.8840097141331467], [27.16880227981648]], "3": [[1.8081203847118719, -16.763692470023113]]}