{"0": [[-0.5463354568239528, -0.2636638650896578, -1.1378242833508463, -0.9621889317289947], [-0.3381718659351162, -0.26586842078217904, -0.6096860464910474, -0.4762923585307652], [0.16042112142229434, 0.11318995788243467, 0.332450747183862, 0.27855370934602464], [-1.3551308634292576, 0.6116730320387234, -6.15397860571635, -5.098313287401418]], "1": [[-0.09448752170932181, -0.053771479532551465, 0.016592198135380078, -0.1756165766271261], [0.8138879575228826, 0.5317807465806657, -0.23154953523740476, 1.5761029353022549], [-0.9849888877020107, -0.6474733109335554, 0.2709266861769045, -1.8932895564373795], [0.7820599981892922, 0.3290585846992295, -0.1715882221981994, 1.8199933267620974]], "2": [[0.2019307180138769, -3.9778468151179056, 4.457102912085994, -8.67946584730857]], "3": [[-8.799212295349054]]}