{"0": [[-1.0971903622860935, -0.057456827407001795, -0.3890162163197366, -0.4223421780123871], [-1.1299142296269677, -0.11531791168773832, -0.510067824766295, -0.5331936883841991], [-1.0075389697574317, -0.04311157526808528, -0.3243325259048628, -0.3507395552095454], [-1.1507705982405696, -0.2311194440051529, -0.614626424329492, -0.6034405852365472], [1.1573158475711733, 0.08940076880655863, 0.421447856996244, 0.4879941631904034]], "1": [[0.17650607805677723, 0.46782581376627036, 0.1393472269682721, 2.403595032931789, -0.24409670953912815], [-0.18367887806540123, -0.19033829818068668, -0.15608598520558853, -0.41057386340779245, 0.1897088425039149], [0.33298309729485953, 0.4033018901677218, 0.31314375792872373, 0.6349109491731566, -0.3704765272072149], [0.26522259665530157, 0.32288477211961464, 0.2449201792140601, 0.590548030831674, -0.2973265956708344]], "2": [[2.176410534479898, -0.3625038528003559, 0.6274803051710743, 0.5602221644715333], [0.4677357346851908, -0.4026498343876828, 0.546535792272374, 0.513706221743804]], "3": [[6.283497784644157, 1.3120834401055956]]}