{"0": [[0.3552589417776085, 0.1571464761703505, 0.3958808920659964, 0.36828643252618015], [-0.9123440052079289, -0.419229499578931, -0.9980935690022914, -0.9575256174595763], [1.0035784566844745, 0.4493649101562198, 1.120332543575915, 1.0692532687746688], [-0.26701254393688756, -0.10802294976783738, -0.26916081326146657, -0.24947033731727458]], "1": [[0.32226909855267905, -0.899643049322154, 1.0425576363846671, -0.23128360149863733], [-0.11547744839474228, 0.23174171841503813, -0.2729442347422203, 0.07608141696690326], [0.5854893782900894, -1.6386796686581047, 1.8628244858210738, -0.4013228937702956]], "2": [[1.2010883990774226, -0.18616315283171428, 2.355119041545695], [0.1633882373437312, 0.074416700122934, 0.9275433305801576], [-0.2528590746416883, 0.08266398605217104, -0.21742153322395671], [-1.6554330264858084, 0.5372807718661405, -1.535083500984705]], "3": [[-6.303655369631954, -5.138757405306738, 0.41524057389164676, 2.418158648733056]]}