{"Train": 0.16813662960914838, "Val": 0.17001763860544347, "Test": 0.17275754471798788, "max_epoch": 3, "stop_reason": "Weight gradients converged", "num_hidden_layers": 2, "total_hidden_units": 6, "unit_combination": [2, 4], "learning_rate": 0.2}