{"0": [[0.21837839896471278, -4.895991997689108, -5.366116556621347, -3.889172949871163], [-0.2266012973303664, 4.163184884251371, 2.4445679103914286, 3.7611474255081463]], "1": [[-2.87622663199221, 2.2817762723016175], [-3.081692292675232, 2.1727752181804134], [0.28806374844572546, -1.2272694431783426], [0.5219670342602446, -0.4671789263338472]], "2": [[-4.393596680288641, -2.8411459463566, -0.028460154368523782, 0.4951790510423062]]}