{"0": [[-2.1477770613887337, -0.7113743717707889, -0.2844209280670522, -0.394983080775306], [2.389487910323292, 0.8064716043373237, 0.3484852654567322, 0.4642494237717099], [-2.2770976378579277, -0.7960576418678913, -0.3306286448510557, -0.4499906477941618]], "1": [[0.2952494186927525, -0.31596390667310065, 0.3020784315430776], [1.4047311292723161, -1.5681133064356174, 1.5286026382231834]], "2": [[-0.0719987256820921, 7.949064820033819]]}