{"0": [[-0.003578118749123645, 0.004615927129401071, 0.027432339485793072, 0.013975388680176396], [-0.5654726400529589, -0.6043154020336484, -0.6022284766517888, -0.5871950670493923], [0.6659785732342313, 0.672230616361679, 0.6690257758711317, 0.667933972874089], [-0.2223891431304455, -0.22962796853896705, -0.20646049921755621, -0.22625471762815225], [-0.3225457393598205, -0.3400681189425181, -0.3311991413373876, -0.3324231601977402]], "1": [[0.017235343349811187, -0.447875201031819, 0.5201890820806973, -0.16179130264535865, -0.24153290163341615], [-0.01649947086384289, 0.8146768842848207, -0.9305344694838977, 0.31135899615974294, 0.45548647867028147], [-0.010754021221837277, 0.6819316077345033, -0.7533770463956525, 0.24975731681026658, 0.38665779545409024], [0.004362622730649014, 0.2573405546100829, -0.30993353131652474, 0.0982544920195304, 0.15068968292783974]], "2": [[0.6405873265142616, -1.1301137118931952, -0.9317277629160545, -0.4026059880278074]], "3": [[-21.095064657222977]]}