{"Train": 0.16813680975329645, "Val": 0.170017819104983, "Test": 0.17275772671617554, "max_epoch": 14, "stop_reason": "Weight gradients converged", "num_hidden_layers": 3, "total_hidden_units": 7, "unit_combination": [3, 2, 2], "learning_rate": 0.2}