{"0": [[-0.9923058106125043, 2.1552942281332004, 14.685329129943973, 13.774009750397145], [0.9247837049045391, -1.8086287818496043, -13.687798111685304, -12.876909747747293], [-1.2526794329950806, 2.5082049808557914, 14.85149700004744, 13.88772737643953]], "1": [[-4.680379117505833, 3.9128710266236677, -5.582494206673963], [-1.4903414544232922, 0.3165054841543992, -2.9291669897983184]], "2": [[-4.722204887479239, -8.274616121160811], [-0.9417346051805615, -0.936550839416481]], "3": [[-10.944113063003742, -2.4063426672282455]]}