{"Train": 0.11354966697146153, "Val": 0.1134464879437013, "Test": 0.11335233231201418, "max_epoch": 3, "stop_reason": "Weight gradients converged", "num_hidden_layers": 3, "total_hidden_units": 12, "unit_combination": [4, 3, 5], "learning_rate": 0.9}