{"0": [[-0.20989267276058685, -0.2483814908086858, -0.2414041147354734, -0.2564076898128212], [1.0375713493120322, 1.2039479617250457, 1.2757446112377857, 1.2500022367349042], [1.3425763169699856, 1.6433456361976575, 1.6967306726398057, 1.6672221604080848], [0.08461612672433236, 0.11441444878983402, 0.12184426121113887, 0.09674688175609217]], "1": [[-0.13364652655644926, 0.7713488354914869, 1.1915672666439912, 0.05409829955679595], [-0.4401214604095383, 2.3760116080462446, 3.6685655609871812, 0.19903985226886808], [0.15229651277781567, -0.8153275907775046, -1.2547164605513312, -0.06982578953520073]], "2": [[-0.9190538682872745, -3.4456010536580832, 0.968610249465238], [0.3111809983350383, 1.1255664529437721, -0.31477398829348174], [-0.8173485968392984, -3.046617420636376, 0.8558141484506699], [-0.25703113694724666, -1.005924213498802, 0.28957860674825897], [0.6362122181346633, 2.3656567135229825, -0.6816446780031591]], "3": [[3.9510806018061557, -1.2132947617827132, 3.435277202714229, 1.0804146289345784, -2.620466233660893]]}