{"Train": 1.475864628152335, "Val": 1.4761810995939726, "Test": 1.473713017115158, "max_epoch": 3, "stop_reason": "Weight gradients converged", "num_hidden_layers": 2, "total_hidden_units": 2, "unit_combination": [1, 1], "learning_rate": 0.5}