{"0": [[-6.002062059099357, 1.1038280167094332, -2.767195719308711, -1.1680418930701952]], "1": [[-6.561358339327192]], "2": [[7.38958545665635]]}