{"0": [[-2.6282711829108942, -2.0423678005160677, -0.6581835529161024, -0.3020300098991674], [-2.604076086530535, -0.49965148411160376, -0.5124172719921317, -0.4021889184410804]], "1": [[1.0852931413529041, 0.7005435428287428], [0.32114719927028845, -0.6470027581785971], [-1.6991782418334616, -2.1090991081575443], [1.616486539753885, 2.074290175794649]], "2": [[1.0784963999797967, 0.34221958597379254, -2.030176728445757, 1.9911876412387375], [-0.08398998165149374, -0.30884302061839425, 0.22418723855982317, -0.14974669793584228], [0.987598310613029, 0.5172324448433289, -1.8547184766656417, 1.7906226644891976], [0.5255912622941548, -0.9321890640994945, -3.1929045575160844, 3.555120382060368], [-1.1580889843338382, -0.3426699160691842, 1.9018636002721445, -1.811013419930204]], "3": [[6.134428782102839, -0.4642382379124599, 6.391401663560577, 1.8296578828557335, -6.755599954803454]]}