{"0": [[-9.789695503107708, -8.626853665458054, -31.266602742930573, -30.146390820719514]], "1": [[-0.6916328469518153], [1.734108772377381], [1.47410504266653], [1.4984603671228047]], "2": [[0.26326779062459593, -4.829184218167623, 2.0732976221818133, -0.5968787069339537], [0.029832840383741385, 0.17189329258728592, -0.08995910723626203, -0.014260807012249088], [-0.023618413281807138, 2.738464571440616, -1.3317521675144286, 0.052287785154375654], [0.28497930887630807, 0.14829620440813154, -1.0011598694603736, -0.6491482962840833]], "3": [[11.309395797816624, -0.09887263986866411, -14.961073763948209, 10.194463092222469]]}