{"0": [[1.9147272539984523, 0.19517560247486176, 0.398550706543281, 0.47195794640170724], [2.2313821497918624, 0.18087411759129887, 0.7248812008353003, 0.8083890151668683]], "1": [[-1.0818111016972456, -1.7235995966276532]], "2": [[4.850734224923404], [-0.5640923732402678], [4.567089718746567]], "3": [[8.040803855751527, 2.8801513939485606, 3.6974053571711862]]}