{"0": [[-0.5216055353090512, 3.4502582258927856, 2.57176706093971, 1.9267709206061265], [-0.004765621177271836, -0.3834039131577462, -1.5545406628155691, -1.4470857273637912], [0.4487248041253114, -2.789764815674945, -0.05509933584122748, -3.94568362904384]], "1": [[-1.2145660466980048, 1.0052501130964062, 1.6678651849151946], [-0.09679573002865592, 0.03636686227481237, 0.07621043364098044], [2.0007928445832186, -1.8534614622560484, -0.9852963514129179]], "2": [[2.2303370104712443, -1.8178989315171008, -2.090312939708346], [3.91519385432142, -3.2277612970410705, -3.7707645126579115], [-0.09381427555862148, 0.212068775817878, 0.1077808786354647], [3.6960692353942677, -1.6397211246418664, -1.2132383392757433]], "3": [[4.033152068852112, 4.031526174015543, -0.7369839861949359, -0.8713413354737651]]}