{"Train": 0.1135496660339667, "Val": 0.1134464870018481, "Test": 0.11335233137393431, "max_epoch": 3, "stop_reason": "Weight gradients converged", "num_hidden_layers": 3, "total_hidden_units": 9, "unit_combination": [4, 2, 3], "learning_rate": 0.5}