{"0": [[0.8526438519620031, 0.3192127391568133, 0.8547175307140573, 0.9042411022228349], [0.8315017151520097, 0.312464741817934, 0.835632216491959, 0.8569543344990392], [-0.5378115352362736, -0.19386272381232808, -0.5375998374384443, -0.5489618064006125], [0.6033058988074324, 0.21827680725307508, 0.6069312464977433, 0.6287822302751142]], "1": [[0.6614639561849177, 0.6399578193652254, -0.3857966698704074, 0.432065843098218], [1.4697643987423532, 1.409215141608194, -0.8841758286716629, 1.0127356951602824]], "2": [[-1.3053264828112638, -1.147957167954632], [-1.3563355025801571, -2.6285700624067605], [0.8640713761525529, 0.6718262256403092]], "3": [[-1.408961724624537, 13.430171821556788, 2.0811494249350737]]}