{"0": [[1.111394978599372, 1.4696726214948215, 1.1173044398844052, 1.085826133994544], [-0.753572289777596, -0.942318062256449, -0.7368306487999429, -0.7166379798251817], [-0.4351458948334626, -0.475434765311317, -0.4003591405124307, -0.3848514875888678]], "1": [[-2.5973283745130757, 1.5671386756276113, 0.7596364232449915], [-0.742589832206543, 0.5402408297520411, 0.3338047578718605], [-0.766160431957955, 0.5719637847220416, 0.3829861927054219]], "2": [[-3.813832438549913, -1.061028419900699, -1.0989549592324575], [-3.9880163957761106, -1.9809202101842134, -2.0770916562565023], [-3.706831307369698, -1.8366486178385235, -1.9162908135222396]], "3": [[-31.344152870754876, -6.671264070735788, -8.719702099647192]]}