{"Train": 0.14931111267653316, "Val": 0.1472001930758982, "Test": 0.14840922837940562, "max_epoch": 3, "stop_reason": "Weight gradients converged", "num_hidden_layers": 3, "total_hidden_units": 5, "unit_combination": [2, 1, 2], "learning_rate": 0.5}