{"0": [[0.5081455078372953, -0.1335917384198657, 0.5938409268803664, 0.5762963921913732], [0.238862893269685, 0.5543480298016894, -0.09508674094878959, -0.06315993321016902]], "1": [[1.202407345172562, 3.769294419426634]], "2": [[4.231864671737959], [-3.0148641940331964]], "3": [[-11.81171757690554, -1.0687566047203243]]}