{"0": [[0.013902001971172053, -0.007373728072117183, -0.016443463821169863, -0.014897473066896668]], "1": [[0.008367706440597476], [0.006718837017900218], [0.008971905747874787]], "2": [[0.000586120213537457, -0.007012288676886368, 0.003675774637706045]], "3": [[0.0008433857486521352]]}