{"0": [[-2.603874261872913, -0.8804442403699755, -0.16718114139897103, -0.5787461573638186], [-2.938866192427344, -0.7079154281002356, 0.06863631348802543, -0.437174036515626]], "1": [[0.03221022679647669, 0.05257061166607633], [-1.9285139080428308, -2.3158493759747327], [-2.6486895276925813, -2.968497457406707], [-0.20808912184229403, -0.30629887815657986], [-0.2476146578847926, -0.374293375068893]], "2": [[0.019886448390320246, -3.1322600507289367, -0.7447185205171452, 0.6079905539269509, 0.8751192062400265], [-0.021795575425117616, 2.4260720279899552, 0.8079001706828252, -0.019611645025842388, -0.03641630193922398], [-0.019928236732925618, 4.873425135699681, 0.6689019929210251, -1.0871802358028246, -1.5932513589703283]], "3": [[3.6752537841188646, -2.538361537673095, -4.033387104873578]]}