{"0": [[0.14974830599141106, 0.10163614715053816, 0.09612334558012914, 0.10394504835139684], [0.08402476310118737, 0.059163296660909005, 0.07866836050829171, 0.06216431630493254], [-0.6058133370417541, -0.4616392945133039, -0.5056016692026489, -0.48754293699661894], [-0.4528680674305525, -0.33156396530176896, -0.3679357442243457, -0.3585045701890469], [-0.4285457532406308, -0.2996684289941162, -0.3432229809345678, -0.33660862280217313]], "1": [[0.15720214504940655, 0.08598038943126993, -0.7640598175013638, -0.5204954979958278, -0.47638708546599795], [-0.1676104493178059, -0.1155390499675793, 0.8853034369749012, 0.61780286429085, 0.5767644115999456]], "2": [[0.7873504964125736, -0.9577598592743722], [-0.6251012747146139, 0.8007535435640666]], "3": [[-20.41483423698607, 20.021734890800374]]}