{"Train": 1.4245372511428092, "Val": 1.4233503680035517, "Test": 1.4248307211114304, "max_epoch": 3, "stop_reason": "Weight gradients converged", "num_hidden_layers": 2, "total_hidden_units": 5, "unit_combination": [2, 3], "learning_rate": 0.9}