{"0": [[-0.7895105813086055, -1.7597350072609519, -0.8207086591845876, -0.8072442542722023], [-0.8977873660581424, -1.9661998532741658, -0.9194783526091375, -0.9091931135652255]], "1": [[-1.2736760301878822, -1.474102295749049], [1.500065762373868, 1.7248580435560115], [-1.0990629873013533, -1.2443640627310664]], "2": [[3.5874359440194192, -3.3198458843326275, 3.7734714596019923]]}