{"Train": 0.11354966433478024, "Val": 0.11344648535303574, "Test": 0.11335232961332117, "max_epoch": 3, "stop_reason": "Weight gradients converged", "num_hidden_layers": 3, "total_hidden_units": 10, "unit_combination": [4, 1, 5], "learning_rate": 0.5}