{"0": [[-0.3987982692627625, 0.002585542609517607, -0.23515340147372638, -0.21280044201137496], [0.6323885202968498, 0.025264280137899834, 0.37496527005901586, 0.3850250386264982], [-0.29157923481751613, -0.0121348807677586, -0.15497369726117613, -0.14874804655337334], [0.927666245818492, 0.0459043089360945, 0.6086488952116421, 0.6207187601269694]], "1": [[-0.4970440538565034, 0.8390350493223783, -0.3486811914144569, 1.3917863109861333]], "2": [[-1.3683934853466293], [7.612105812015243], [6.226816089094195], [3.516919726277229], [-0.20158458687128722]], "3": [[1.417258158246923, -2.115911972630421, -0.6371586554403033, -5.713653277390232, 0.20506642259333274]]}