{"0": [[0.26302703272257366, -0.005416751601953657, 0.2157634411378632, 0.18689589083379798], [1.0437391592536953, 0.029624847679804167, 1.0976006385867896, 0.8561753252607116], [0.9942534997898402, 0.021018782411890525, 0.8051813282400059, 0.6680684821857882], [-1.0851841738655108, -0.046017858470322956, -1.2146039828454422, -0.9074251091689078], [-0.8161974216542399, -0.02567882635669078, -0.6405376949769709, -0.532005202334922]], "1": [[-0.26187212589781383, -0.720532382937576, -0.6563236951865367, 1.198829867016261, 0.644514519497289], [-0.8770036345011952, -2.0480036871590253, -1.9597135276397832, 2.0986367462654782, 1.7937251051704002], [-1.397219545060801, -3.233810259068786, -3.0932632571964063, 3.194942324805858, 2.8162838737880627], [-0.2688034326070424, -0.5896555608979268, -0.5548989375229075, 0.6149233777442376, 0.5288593303334235], [0.47168730249135526, 1.0860102881964575, 1.0219857876972491, -1.1071048173256517, -0.9536128167052262]], "2": [[1.5289046028690145, 0.040875820433154936, -0.07814193128215091, 0.08515365714832401, -0.09546743097420635], [2.493364826035195, 0.1333575931476612, -0.038366520806492985, 0.19604860275825148, -0.23089141501040622], [-26.332813524207673, 3.54036753482199, 6.752980719514041, 1.2075347607004718, -1.807311453878664]], "3": [[7.201659408129931, 5.997318139139032, -13.617413337897815]]}