{"Train": 0.1681368022472409, "Val": 0.17001781149826978, "Test": 0.1727577191287181, "max_epoch": 3, "stop_reason": "Weight gradients converged", "num_hidden_layers": 3, "total_hidden_units": 11, "unit_combination": [5, 4, 2], "learning_rate": 0.5}