{"0": [[-0.02367480993072724, -0.006760007947104638, -0.033923958283967666, -0.032549097454909866], [0.04878223039611988, 0.04141830453252813, 0.09106267142759716, 0.0930893127300455], [0.32176633586185716, 0.24802556315306984, 0.5575436916333664, 0.566243945673022], [0.3636302099967737, 0.2901390207786377, 0.6204538660884199, 0.6773514816594622], [0.20633058130231294, 0.1515587020610091, 0.34625181909216496, 0.35481311423401035]], "1": [[-0.05623473747440106, 0.11914093659064787, 0.7420054438020727, 0.8710759144722924, 0.46574055108258433], [-0.0013776291556411551, 0.007101946499149234, -0.05212978706917905, -0.07844950065590109, -0.007965939655038395], [-0.003772521119997524, 0.0001418474317737531, 0.0016664424553177715, 0.00011915684282637576, -0.0011742821161279111], [0.014970953067103958, -0.0861289748957081, -0.5375110420959083, -0.6329801148083356, -0.3135035299492752]], "2": [[-0.18801761713162723, 0.32069535091024165, 0.06521330755816361, 0.35641323071757386], [-1.9245606096339785, 0.5668988189206546, 0.09376810199607438, 1.5870722466801448]], "3": [[-6.7975802399517855, 12.115703984403542]]}