{"Train": 0.11354966699059092, "Val": 0.11344648796287349, "Test": 0.11335233233117771, "max_epoch": 7, "stop_reason": "Weight gradients converged", "num_hidden_layers": 3, "total_hidden_units": 9, "unit_combination": [1, 4, 4], "learning_rate": 0.2}