{"0": [[3.1284509499694573, 4.571465906532681, 3.4010717336878553, 3.409469922297787]], "1": [[3.1136011568725643], [3.5028515219872265], [3.599624827714659], [0.108423896455603]], "2": [[-2.159539593832708, -3.9771644502824293, -3.8867692505631566, -0.2621250520682946], [0.8736607639996241, 0.8855987988436034, 0.888571131690988, 0.08018519198753736], [-0.6938719930383965, -0.7067558035585795, -0.699500647388658, -0.09541934800802153], [-0.156104762759326, -0.131225549761129, -0.10191236524437608, -0.0065329071884127074]], "3": [[8.462807373286712, -3.4450131715865107, 2.7593406496349173, 3.484687833379694]]}