{"Train": 0.1681368097554825, "Val": 0.17001781910717395, "Test": 0.17275772671838296, "max_epoch": 4, "stop_reason": "Weight gradients converged", "num_hidden_layers": 3, "total_hidden_units": 7, "unit_combination": [1, 5, 1], "learning_rate": 0.5}