{"0": [[1.3600024415776442, 0.0014414069086496229, 0.38917803386319394, 0.671765503730925]], "1": [[0.22587019713410728], [1.9460884572205202], [0.7480704373271851], [0.2307958120085424], [0.36549574672800317]], "2": [[0.23229592811181782, 12.552610291867348, 4.1689841978027316, 0.23846778821604409, 0.39684693885816236]], "3": [[-17.96674795382543]]}