{"0": [[-1.5151195748300315, -0.04583624558578266, -0.712552278007767, -0.46543415518592157], [6.892164080497658, 0.09670497295431021, 3.035768504292233, 1.5690975217823553], [3.021945630056559, 0.053298358112505474, 1.2746249554564835, 0.6424137398468722], [1.6155931156573382, 0.03389536466935462, 0.7644865945675464, 0.4770149428598094], [0.17828161827578407, 0.020219975770235103, 0.09386902737623241, 0.06078393792587298]], "1": [[-2.637828741393059, 3.0108024961530493, 3.3939288386141997, 2.753598656527081, 0.3981482730334325], [-0.6323460588321039, 0.9211602265185502, 0.6489847422242254, 0.648301684805454, 0.09693548906457314], [-0.8280708565774991, 0.8881155791677602, 1.1452228374538846, 0.8476676989793249, 0.12205182641572375]], "2": [[-27.574202143382625, 23.056231270048666, -25.541501558319478], [-2.328011213728981, 1.9898503668771685, -2.1314857157567606], [-0.934357198857204, 2.50426991341645, -0.8113121167995911]], "3": [[9.806518795898128, -3.414285270095515, -1.1485087293628664]]}