{"Train": 0.11354925855648618, "Val": 0.11344608979460898, "Test": 0.11335191963770601, "max_epoch": 3, "stop_reason": "Weight gradients converged", "num_hidden_layers": 2, "total_hidden_units": 7, "unit_combination": [3, 4], "learning_rate": 0.2}