{"0": [[-0.003884855270798561, 0.0764851904252346, -2.363555053304703, -2.0291804152501953], [-3.3313773879923776, -0.936158466313581, -0.9580728230923237, -0.8557719117180409], [0.016595045773797445, 0.07057227424004484, 1.8591235683782057, 1.5914912447185223]], "1": [[0.6112476561997329, 0.5569089830377848, -1.1415601889438896], [-0.6200384513433155, -0.4584505590807259, 1.0768822621363088], [-0.008533238235231414, -2.9619457153866633, 0.8195482528518445], [-0.3861169738120943, 0.9958939639589001, 0.2295898903883153]], "2": [[-1.226318643708671, 1.2732941777477995, -9.03183964451973, 1.8561550530590685]]}