{"Train": 0.14931111313605228, "Val": 0.1472001935342872, "Test": 0.14840922885882962, "max_epoch": 4, "stop_reason": "Weight gradients converged", "num_hidden_layers": 2, "total_hidden_units": 8, "unit_combination": [4, 4], "learning_rate": 0.5}