{"0": [[-0.9861181969549223, -1.5060641106659283, -1.9292938160920055, -2.1914169637539738], [-0.3634966546199312, 1.0169215376674843, 1.9542650750565347, 2.8861615944363876], [-0.9133004991390699, 1.0340895955729579, 2.3459977177018003, 3.665059535561839], [2.279096001310966, -2.0604192942374033, -6.662780863238263, -10.09497813602946]], "1": [[2.2530779105665206, -3.9387843039538657, -4.089687273882432, 3.6883549194427574], [4.321826395001961, -7.577761631586238, -7.806537634703336, 6.738239512589866], [8.208839442754828, -14.155260555319717, -14.476095324986744, 12.976370501325896], [1.6194782206326672, -2.8462136498439574, -2.837728427588274, 1.0998656672228546]], "2": [[3.5980043647337445, 5.895728927818588, 2.4341754371709365, -0.19317141526284132]]}