{"Train": 0.16813403010077213, "Val": 0.17001503317034614, "Test": 0.17275491986981772, "max_epoch": 49, "stop_reason": "Max epochs reached", "num_hidden_layers": 3, "total_hidden_units": 7, "unit_combination": [1, 1, 5], "learning_rate": 0.2}