{"0": [[-1.9033922088731128, -2.3600577629053037, 0.9113383592571931, -5.140279234564529]], "1": [[27.021237221786482]], "2": [[0.0], [0.0], [-3.995431603790064], [0.0], [0.0]], "3": [[0.0, 0.0, -6.2169031023431955, 0.0, 0.0]]}