{"Train": 0.11354966698480556, "Val": 0.11344648795719976, "Test": 0.11335233232525976, "max_epoch": 3, "stop_reason": "Weight gradients converged", "num_hidden_layers": 3, "total_hidden_units": 8, "unit_combination": [1, 5, 2], "learning_rate": 0.9}