{"0": [[1.1419377588870328, 0.694343637940838, 1.375197076030289, 1.3186360387520804]], "1": [[1.4960511074390184], [-0.20337797470061938], [1.8397822008135323], [0.16535662307002372], [0.538807007525961]], "2": [[1.4050706633946415, -0.22290418496860337, 1.7434041129706657, 0.18702898924143982, 0.5324258366919978], [-0.6099786042711912, 0.12676077927228638, -0.6589069573559295, -0.10029388818796282, -0.30883323011064784]], "3": [[-7.8165465900771585, 5.70674746690114]]}