{"0": [[1.335154849784961, 3.03855806582916, 1.4976911637220447, 1.4887255216783124], [-1.3173586535947641, -2.976818319211502, -1.4611632415027622, -1.4730381933857146]], "1": [[3.7642364667876915, -3.494444001488147], [2.7918356873044328, -2.608386179090595], [2.3697141919555493, -2.234734355104952]], "2": [[-5.885754134493268, -4.048809866235886, -3.389866197692928]]}