{"0": [[0.8194200248144456, 1.8311354366560333, 0.8576352008446363, 0.8726868875843762], [-0.25893472988408067, -0.6250447724908196, -0.26149241323627415, -0.27355704931705765], [0.3438455503764793, 0.8009725903258691, 0.33672700713044496, 0.3268211661635391]], "1": [[-0.33905205993618776, -0.035187103290030816, 0.013403113870752223], [-2.0007245789863544, 0.6929772826889471, -0.8683477507338425], [-1.22662023268604, 0.385358399007864, -0.4980521536306029], [-0.21434009878337504, 0.10312252637713623, -0.10476182410214407]], "2": [[5.788344439459382, 8.384253056553531, 7.2325484116606376, -0.15089633224444035]]}