{"Train": 1.4758658900970765, "Val": 1.4761823609452862, "Test": 1.473714276471056, "max_epoch": 7, "stop_reason": "Weight gradients converged", "num_hidden_layers": 3, "total_hidden_units": 7, "unit_combination": [2, 1, 4], "learning_rate": 0.5}