{"0": [[0.8416976774921366, 1.441172252192379, 0.7960789360201386, 0.8208301945502143], [0.6971527015832895, 1.1981259294763673, 0.6525972559360677, 0.6743300498439064]], "1": [[2.368919401959392, 1.8336123984777526]], "2": [[0.05042892661113928], [2.5677835304631147], [-2.340396930316256], [-1.92469593739413]], "3": [[-0.04934202293627004, 6.324272971556425, -4.893445292894467, -1.7215572414808467]]}