{"Train": 1.4758658896298196, "Val": 1.476182360478251, "Test": 1.4737142760047575, "max_epoch": 3, "stop_reason": "Weight gradients converged", "num_hidden_layers": 3, "total_hidden_units": 7, "unit_combination": [1, 1, 5], "learning_rate": 0.5}