{"0": [[5.935034932193502, 1.0958382745502517, 8.96370634012226, 17.419434206350925]], "1": [[2.574679531845478]], "2": [[1.8457442915339468], [3.0138382345822325], [-1.9073134544148964], [0.35423727866339483], [-8.960066371701608]], "3": [[-1.1811287328755051, 4.748706881596557, 1.8858552865929357, -1.4084201311311622, -9.980094523264505]]}