{"Train": 0.11354966580857077, "Val": 0.1134464869751366, "Test": 0.11335233079117747, "max_epoch": 3, "stop_reason": "Weight gradients converged", "num_hidden_layers": 3, "total_hidden_units": 13, "unit_combination": [5, 5, 3], "learning_rate": 0.9}