{"0": [[0.04047004116429321, 0.04458669885939404, 0.052864763779352265, 0.047692998027361044], [0.04808188509830825, 0.07513468915487818, 0.03494700884944624, 0.041987966799119494], [0.14461064252313943, 0.08544384564149797, 0.12690943139191277, 0.09938764623135604], [-0.7269748249958435, -0.5873355613823076, -0.6099918027830427, -0.6424338255217676], [0.6525463648638716, 0.5148229451405647, 0.561732755403263, 0.5678990445010336]], "1": [[-0.026024361120406188, -0.03660105306352657, -0.07696269369794818, 0.41051845542860516, -0.37228604530840503], [-0.02321701165676838, -0.04858159234762907, -0.10138464497424332, 0.6034992546288585, -0.5194441942503484], [0.026626373203847104, 0.0075248606251456605, 0.05038600433399567, -0.36377959383756736, 0.32973246942914924], [-0.05650071180157898, -0.048133655317453825, -0.13720972965527897, 0.8453332093608779, -0.7431058162677776], [0.05934995116756848, 0.06290007312360386, 0.13262312903717177, -0.8626248557487953, 0.7592700564856644]], "2": [[-0.053026770185204165, -0.08069534485449742, 0.03957921186623331, -0.12613086502632717, 0.1066252479145108], [0.4539527796708211, 0.6585255300796988, -0.40168135209088385, 0.9813302266332022, -1.0154610385804188], [0.37007516840777416, 0.5647346525851256, -0.31878706378563465, 0.8464765175730546, -0.8591634279561842]], "3": [[-0.24167995875362167, 5.833127744839409, 4.933086813562542]]}