{"0": [[-1.2639820148001324, -2.5820984269863345, -1.325975635712189, -1.319293691959977], [8.277759056205998, 15.565966170092242, 7.988653571457378, 7.994820028006669], [0.08034826969413039, 0.15826853559971765, 0.06988365687516812, 0.08053051027736635], [-0.011574251223068571, -0.03026481213566079, 0.009733925861988374, -0.018828405593707187], [5.367878641504213, 10.1836824340028, 5.242692335693587, 5.238028865034373]], "1": [[-22.156612730544623, 3.316347256158773, 18.839956633834696, -11.74468755744375, 10.843408388212824]]}