{"Train": 0.11354953892972418, "Val": 0.11344635957120638, "Test": 0.11335220406980771, "max_epoch": 9, "stop_reason": "Weight gradients converged", "num_hidden_layers": 3, "total_hidden_units": 8, "unit_combination": [1, 4, 3], "learning_rate": 0.2}