{"0": [[4.685961724799461, 1.0448521278194975, 0.5158983995226171, 0.3507938882534962]], "1": [[0.0022009003969349935], [0.010011846942451432], [16.20112270183593], [0.00022055196986316256]], "2": [[0.01444704554311852, 0.027148608962166827, 1.8364474782735576, 0.009740599258050361], [-0.002325635881635633, 0.03225451131964285, 1.8711641235402516, -0.009473900428385591], [3.1018607141739254e-06, 1.4276017188415388e-05, 11.040238743056678, 1.0756969550095871e-08]], "3": [[-1.7684445115837086, -1.7683568280337336, -4.353072497110902]]}