{"0": [[-0.13086664497164566, -0.1674274341090514, -0.13929952556774503, -0.14763926968725827], [0.4877638457025595, 0.6449113155655729, 0.5526772798383879, 0.5660889838256723], [0.3468427403053717, 0.4566928764826952, 0.37501512880983423, 0.39868953588111256], [-0.23111412568847664, -0.3029607967156819, -0.2575723991076199, -0.2732298549952496], [0.4729472549183683, 0.6021321424849816, 0.5354385871018689, 0.5335554009822654]], "1": [[0.2925111730846282, -1.1789575641777308, -0.803283365291626, 0.5342968657572156, -1.1198615731740396], [-0.02692722752390654, 0.14872406377151165, 0.09344650512711562, -0.060636914535366224, 0.13309193796786273]], "2": [[2.939312470146692, -0.23373836854697774], [-0.039549510929737026, 0.11988166980783292], [0.08071598697947865, 0.04970993100605411], [0.03584610411223366, 0.04452988686366604]], "3": [[11.13829844613437, 0.16365934846504382, -0.05894338589071379, -0.018132214975639434]]}