{"Train": 0.16813680975530795, "Val": 0.17001781910699906, "Test": 0.1727577267182067, "max_epoch": 4, "stop_reason": "Weight gradients converged", "num_hidden_layers": 3, "total_hidden_units": 8, "unit_combination": [1, 3, 4], "learning_rate": 0.5}