{"0": [[-1.390037824734372, -0.5944509489648024, -1.471490405117944, -1.5427587148552626]], "1": [[-2.1944350856217993], [-1.399125998786174], [2.3857363736746846]], "2": [[1.925082574197139, 0.8772525506028398, -2.1412369789123953], [-2.2213468987676945, -1.8334493783439907, 2.1873849655217414], [1.4909637328261391, 1.1460766457512057, -1.502784778414943], [1.0589299398456882, 0.4240807110914222, -1.2076831224854732]], "3": [[-4.7228152526890215, 3.499808643752746, -2.9535452917879668, -3.369393692506714]]}