{"0": [[-1.134314412236654, -0.4015618833453733, -0.5896814342147902, -0.6288063097391645], [1.7493872010549618, 0.8056630891507477, 1.098475974638677, 1.1567597378606558], [-1.3324117990486544, -0.5707057420279854, -0.7214357883463038, -0.8056475688472576], [2.5777426555216096, 1.1556664869126876, 1.8164034702069196, 1.9231861324941988]], "1": [[-0.4855738185747024, 0.5004733653943757, -0.49280043182607075, 0.4872679976316344], [4.113083403760746, -7.7624021305227995, 6.344487017615086, -8.913460738892017], [2.0102189222787916, -3.7089153989487764, 3.06062686620375, -4.230196665318483]], "2": [[6.474925577417785, 15.561967272936702, 0.2776290314725441]]}