{"Train": 0.16813680975543208, "Val": 0.1700178191071235, "Test": 0.17275772671833203, "max_epoch": 3, "stop_reason": "Weight gradients converged", "num_hidden_layers": 3, "total_hidden_units": 12, "unit_combination": [4, 5, 3], "learning_rate": 0.5}