{"0": [[-0.07360658479630608, -0.29387758444982093, -0.37482722014491676, -0.4665919924409929], [-0.07612432560160139, -0.313921776598676, -0.3790784329720449, -0.46006666986358513], [-0.0040752315667489415, 0.02598787153421723, 0.032846545288325174, 0.04442572592010322], [0.033138376238122554, 0.26877043429053016, 0.3149945859396931, 0.40167314431766166]], "1": [[0.7788201805996753, 0.7563538217502422, -0.02565899870618696, -0.6295227880160921], [0.053034141371542616, 0.038938106156063995, 0.022318177615470183, -0.03698687065477533], [1.3097641357596874, 1.2857303437964622, -0.06269408270581966, -1.1071883716232283], [0.214220114929714, 0.20925712711581604, 0.007641431180002506, -0.14868543526963482], [-0.21619227117681367, -0.2019414537376717, 0.007059411865960012, 0.14048341318065158]], "2": [[2.371564391324722, 0.6923231150143407, 2.6199204036010926, 1.5368925070380022, -1.5244937598390376], [-2.167069422935658, -0.26618119132555057, -3.855838958175266, -0.8328523473538811, 0.8133947525800631], [-2.167354750794427, -0.7755239862069734, -2.331145362845597, -1.5292645777437475, 1.5352013132583007]], "3": [[-5.4026063382227445, -16.863607520199395, -3.6669012482548484]]}