{"0": [[-0.9159277669540489, -1.1384488304993277, -0.5076476970691455, -0.5295901565405269], [3.1245076616049627, 0.6393467516849298, 0.24717915903737417, 0.159350711830519], [1.5192040670166254, 1.1302839142344332, 0.45155991662169537, 0.45649898608201483], [-2.23275377648652, -0.6590856494684914, -0.28527321840042397, -0.2727040197048337]], "1": [[-1.7162657221359965, 2.418705104646287, 2.4039036928124085, -2.5176849178314784], [-0.21768443983138308, -0.5225731471478352, 0.008006984621170462, 0.2439043328274333]], "2": [[-11.49470025093856, 9.31737562688869]], "3": [[6.0019800528144005]]}