{"0": [[-1.7293333268032574, -0.9421103429958182, -0.31751153161718315, -0.6586072777725802], [-0.14935595120298015, 0.43321137270363624, -0.35355994439357874, -0.14456936860755865]], "1": [[-1.1197308044278345, 0.6571080633142945]], "2": [[6.869018809960365], [-8.061577895232222]], "3": [[-7.315244192262332, 4.711299700584078]]}