{"Train": 0.11354957111679831, "Val": 0.11344639482973753, "Test": 0.1133522337037823, "max_epoch": 4, "stop_reason": "Weight gradients converged", "num_hidden_layers": 3, "total_hidden_units": 10, "unit_combination": [4, 5, 1], "learning_rate": 0.5}