{"0": [[-0.7742104200297656, -0.7649942435808856, -0.5415302765489868, -0.5085718127914103], [-0.27205701044437913, -0.33752767933955247, -0.26169556470591376, -0.23228547307669775], [0.12362496655117615, 0.1839300284127851, 0.11869290366677837, 0.12384789389484133], [0.15754632056166867, 0.21429715341001435, 0.17198846628486886, 0.1422543095278689]], "1": [[0.3903060064320149, 0.06890795198478641, -0.04639346652847987, -0.04911745914112239], [-0.12319590241566863, -0.01829692649767627, 0.02440244347981652, 0.017841904975755146], [1.2827801321899066, 0.5296658804698413, -0.2668107606483386, -0.33278828065003646], [0.019088328587261102, -0.0051010080453564675, 0.0022897850763164336, 0.0014955853351196287], [0.07738938514076704, 0.017626436716282667, -0.007281708042090961, 6.492776830370963e-05]], "2": [[-1.6125164352270054, 0.08951533413241543, -3.1636943341937256, 0.011486286453794492, -0.039961311762104]], "3": [[-7.969746735374204]]}