{"0": [[-2.786510764746123, -1.3578957461419303, -2.2529909909511687, -0.6189780892737149], [-3.6135588555232045, -0.15528622837538084, -0.1256847701926013, -0.155201445991018]], "1": [[-2.4576986229045015, -1.046706100940343], [-1.6517901571640712, -1.9206121837054473], [4.7260397484451495, 0.8562695687884656]], "2": [[5.7664165941785175, 3.0036082344125097, -1.0159157158084553]]}