{"0": [[-2.4702506494812995, -1.5649385037261383, -0.6290519379709112, -0.7226034635011965], [-4.446952954065744, -1.3547106648387786, -2.7599636499828546, -1.5422075351596798]], "1": [[-1.314913259175555, -0.9684475317164972], [2.318677952849217, 2.1143634387953942], [1.323222309435017, 0.9762442359636937], [-1.3000259499620734, -0.9345252920221279], [1.2652925545168239, 0.8949918563596249]], "2": [[-2.8722331703326107, 7.368119142357675, 2.864920871811035, -2.881001401618402, 2.9124725573194468]]}