{"Train": 0.16813680975406933, "Val": 0.1700178191057576, "Test": 0.172757726716956, "max_epoch": 3, "stop_reason": "Weight gradients converged", "num_hidden_layers": 3, "total_hidden_units": 8, "unit_combination": [2, 4, 2], "learning_rate": 0.5}