{"0": [[1.4668080990348689, 1.1437852330880467, 2.6180397890160156, 2.6455401417018263], [-1.2417434998713017, -0.9012918585928702, -2.182439815512116, -2.1864378470352714]], "1": [[0.23393896498224517, -0.1639340407968631], [2.464389611277819, -1.7926026162710123], [3.044797491760952, -2.273991146412127], [-2.9587536178161833, 2.1903930916152996]], "2": [[-0.1652658658529722, 2.078626312974568, 7.895777503518376, -6.517598065483113], [0.12267496740816677, 0.5175253647831607, -0.6915843596108514, 0.3725267393143287]], "3": [[-13.363653211344367, 0.20528913581830263]]}