{"0": [[-4.136125334841316, -1.299651952421415, -2.1184974754128914, -2.0791749453047244], [-3.357332942661118, -1.176942487364619, -1.7934065779594843, -1.7395512754866131], [-3.6582366530615134, -1.0211173784439447, -1.781038316171814, -1.727493734125858], [4.253279562219138, 1.2253708013111222, 2.1158356671542062, 2.044469128900705], [-4.156560128051063, -1.3472449946006078, -2.17483509322752, -2.1266420984622596]], "1": [[-0.6722194407580087, -1.4625103751166002, 0.6382890051146122, -0.26261487452219734, -1.3019653742943011], [0.2816857093658789, 0.7364852151351966, -0.4775652585643675, 0.2861657043364136, 0.5899618020724904], [-0.2858730785838332, -0.7360034693556021, 0.4999721850401908, -0.2929736637257281, -0.6134588361073411], [-0.1586498592963431, -0.5617378376062679, 0.47298804748464895, -0.2991405117658489, -0.4686877295221362], [0.1175739051340366, 0.5141162394970561, -0.496118600231378, 0.32535252639776624, 0.39776775113982055]], "2": [[-0.37103325166743284, 0.444732809397031, -0.4377937614817058, -0.37314613639891925, 0.3252107703392536], [1.7057764744105144, -0.9428842172325211, 0.9683262041175927, 0.8055887773038971, -0.7791151398490744]], "3": [[2.2233200891472595, -19.944312129755186]]}