{"Train": 0.11354951000596689, "Val": 0.11344633319968163, "Test": 0.11335217322053924, "max_epoch": 3, "stop_reason": "Weight gradients converged", "num_hidden_layers": 2, "total_hidden_units": 9, "unit_combination": [5, 4], "learning_rate": 0.5}