{"0": [[0.5380635894142196, 0.9429638658685678, 0.5127135146237694, 0.48982620565369], [0.35618859950652954, 0.6071085934890998, 0.35114301125031155, 0.3455874728980851], [-0.7490022547886339, -1.3195948224492227, -0.7316103558420588, -0.70670935110088], [-0.9179869840329554, -1.6101892237999806, -0.876702152066054, -0.8627121093286981], [-0.927734442646469, -1.671841984501787, -0.918296474659394, -0.9197944074014159]], "1": [[-0.7689521082917559, -0.49217176192470796, 1.0984484655673967, 1.411572787653667, 1.4594056682964374], [-0.3833558629817118, -0.2550940358980906, 0.560480570561014, 0.7019636984587914, 0.7614094592956214], [-0.13400051395868495, -0.0928984123775005, 0.21425772647485955, 0.25552947039793306, 0.2793367588029636], [-1.0114121934876639, -0.658071922033264, 1.488219211956742, 1.8917959281562189, 1.9888372306136182]], "2": [[2.5598803731087063, 1.268770437688487, 0.4641682052688736, 3.5749093174812536]]}