{"0": [[-0.2603577388429258, 0.7692224233660018, -1.2546028388320258, -1.2420184385315634], [-0.09626352303644546, 0.08268727187769936, -0.1476165365605199, -0.15561538345096693], [0.33936619877049057, -0.20755024163255906, 0.38698573991503377, 0.3821979839605508], [-0.21776454449456925, 0.8389628834373175, -1.332449854819973, -1.3359930608231056], [0.3144708500811847, -1.0785884967207935, 2.149948335079412, 2.0974720509063283]], "1": [[2.615893421347383, 0.5937615209510765, -1.4540665912478683, 2.536404831245763, -2.0157993949756094], [1.9930094699981995, 0.2438526822231115, -0.5575265995609141, 2.205693017311311, -2.5442899498298]], "2": [[41.62401772905975, 5.701581295273041]]}