{"0": [[0.0005254477760386658, -0.0014180731934968307, -0.006634124153311447, 0.002501391588082322], [-0.0166185904707866, 0.018331483128116416, 0.012011950444463753, -0.02648880002896673]], "1": [[0.004330848422121685, -0.005139515807903314]], "2": [[0.006464044468105331], [-0.001992267850776378]], "3": [[-0.006163938507390111, -0.0016806001860286133]]}