{"0": [[1.6356174118167037, 2.2352524059768357, 1.0619047489860083, 1.150577906419056], [3.515600102507112, 2.4377719456098106, 1.1498896520868978, 1.3209995842194848], [0.3904617541814464, 0.09177324454115175, 0.0892570526240707, 0.04500344157915091]], "1": [[-3.39472154134348, -4.420319565493658, -2.8660025522174206], [-2.7506151509565826, -3.5760567957765375, -2.312273450344354], [0.3878639730658712, 0.4619528640086018, 0.3249144715436582]], "2": [[1.4888161020717963, 1.9658622072306073, -0.3404236220752548]], "3": [[6.7734292986221405]]}