{"0": [[1.9395382610930172, 0.6252106729814024, 2.2226416606684105, 2.184718755103337], [1.401794973921577, -0.04835937941033652, 1.7159740775489718, 1.9602768920181466]], "1": [[-13.603887869296905, 2.935607952243386], [17.68513611246542, -3.9387566383457564], [14.52202049731653, -3.1639144583837795], [17.96526161584469, -4.006340610202277], [-12.367369652655167, -10.446960152984628]], "2": [[3.6066422435771694, 0.8444392731391492, -2.070522317898198, 1.1199164781233988, 1.4271039163456387], [43.965489263842905, -37.17529271407914, -41.61762056401781, -36.75862716558266, 39.69226550267085]], "3": [[-24.32439793382309, -7.672708456191906]]}