{"Train": 0.11354718825471145, "Val": 0.11344400280250512, "Test": 0.11334984971693655, "max_epoch": 21, "stop_reason": "Weight gradients converged", "num_hidden_layers": 3, "total_hidden_units": 9, "unit_combination": [1, 3, 5], "learning_rate": 0.2}