{"0": [[4.395900312274067, 0.5968278218959903, 0.3327869470593171, 0.21475383966715497]], "1": [[0.0012679898471489365], [-0.002947680150776203], [38.25610167170671]], "2": [[-0.008714015361988018, 0.014498317541671978, 0.5145142540263403], [-0.008114200884365902, 0.010895981588375472, -0.05237811143822061], [-0.004358117477607597, -0.013196409638727591, 22.882289112074783], [0.009573746141161809, 0.007133392914268387, -0.16911611236870602], [0.0032964131540756123, -0.008489785679489641, -1.1941297264045185]], "3": [[0.8982161381216479, -0.839813227017058, -7.228327836836655, -0.17511016209575456, -0.5900502341443745]]}