{"0": [[5.521142724291432, 3.0305905169771408, 0.47641930330600996, 0.8350858622491181]], "1": [[17.689420287405618]], "2": [[-6.956043653268126]]}