{"0": [[-1.2258514813497259, -2.492052805365325, -1.2132587088600286, -1.1884980887237522], [-0.9949512910787155, -1.0639354220001946, -0.8207838775323343, -0.7687025632869429]], "1": [[-2.3057436878387394, -1.4029036984728285], [-2.1657838477342066, -0.7595828353656527], [-0.6232495951185232, -0.41357360320105363], [2.3033861631392383, 1.6151194189377311], [1.9104491394635204, 0.6347490801582857]], "2": [[5.917735541462267, 2.518587809430366, 1.2636715066818915, -7.6007985081745915, -2.6296419705249456]]}