{"Train":{"0":0.3884644401,"1":0.1492756393,"2":0.1492806502,"3":0.1492805894,"4":0.1492806974},"Val":{"0":0.3930022497,"1":0.1461933132,"2":0.1461983191,"3":0.1461982556,"4":0.1461983619},"Test":{"0":0.3934441406,"1":0.1494974248,"2":0.149502428,"3":0.1495023661,"4":0.1495024738},"max_epoch":{"0":49.0,"1":49.0,"2":46.0,"3":3.0,"4":3.0},"stop_reason":{"0":"Max epochs reached","1":"Max epochs reached","2":"Weight gradients converged","3":"Weight gradients converged","4":"Weight gradients converged"},"num_hidden_layers":{"0":1.0,"1":1.0,"2":1.0,"3":1.0,"4":1.0},"total_hidden_units":{"0":1.0,"1":2.0,"2":3.0,"3":4.0,"4":5.0},"unit_combination":{"0":[1],"1":[2],"2":[3],"3":[4],"4":[5]},"learning_rate":{"0":0.2,"1":0.2,"2":0.2,"3":0.2,"4":0.2}}