{"0": [[0.7101449135742904, 0.4628926688788984, 0.7569440982834873, 0.7548380105859637], [-0.38496943328513916, -0.2044834554872523, -0.35325939034414894, -0.3614766452770734]], "1": [[0.015702847651388477, -0.0029952783176362564], [0.13354458273376166, 0.0005080163458243637], [-1.549218855505213, 0.6888712300555547], [-0.04052217578873143, 0.011817434015905591], [0.12630880341701756, 0.0064596474345451835]], "2": [[-0.014722196655638264, -0.21800660431699484, 4.861032416878761, 0.042906361730967804, -0.3768626261345676]], "3": [[14.035741256094719]]}