{"0": [[0.5905004803485451, 0.6232789967037934, 0.7258916910586951, 0.6908515976098419], [1.620354447329285, 1.7727627344234205, 2.016415414145517, 2.033378791276891], [0.5563447550196413, 0.5802576414932422, 0.6687945114752996, 0.6608552593137993], [-1.2212330789705312, -1.3243638335417351, -1.5227870554607257, -1.522604227000468]], "1": [[-1.3183434277409405, -4.17668944581441, -1.230540821646597, 2.9733419137460846]], "2": [[-1.3765854291431698], [-1.9766250651055841], [-3.8464185830311575], [0.19866268893829422], [3.8526852338746544]], "3": [[-1.378485762872249, -1.9846150148416835, -3.9123320700954625, 0.1977472453554016, 3.9183683837366097]]}