{"0": [[3.37033144019955, 0.8253334230655657, 0.1074637485945639, 0.1306209792495627], [0.7773121865530211, 0.4398343149114093, -2.05145071282483, -1.8573054878857056]], "1": [[1.2531517145990978, -0.40193438200653864], [-0.6660168030640129, -0.12804054967590292], [-1.6318202517122082, 0.526190959823134]], "2": [[-0.22292960296421624, 0.19613407980260716, 0.21744653455289442], [0.14950767332975046, -0.1359243321866644, -0.13556502382934668], [0.2078794496975993, -0.2556257781692874, -0.17834175402027694], [0.6982234514028067, 0.012145542959606147, -3.016270179781974]], "3": [[-0.27727166864983316, -0.004921697248702899, 0.3418268672606572, -9.480604637370961]]}