{"0": [[1.1462918991781879, 0.3265429880980413, 0.2365051171683251, 0.23104898157262121], [0.5838221555036782, 0.8306395238056381, 0.7671946219405561, 0.5086844136516792], [-0.49978531326234094, -0.06037556544981236, -0.11873510249787668, -0.10177139766298463]], "1": [[-1.2144727964903907, -1.2269767820045219, 0.5381663629191353], [1.307160317081472, 1.4630216328001322, -0.5733688471997417], [-1.9241397536741958, -2.005000697583615, 1.3867510451893228], [-1.8203098398890338, -1.864195729615914, 1.27708100439302]], "2": [[9.809355883245484, -9.734723429876315, -3.0869907643201495, -1.3826462930451537]]}