{"0": [[-0.45800372354637314, -0.07304667514046462, -0.8773172713458385, -0.7311397950654006], [-0.5974509758073395, -0.1259982286635187, -1.185539942585992, -0.9567716792138781], [-0.5743039213355944, -0.10412043919701403, -1.3104979169229367, -1.0080124342363246]], "1": [[0.9896871344266144, 1.2074163713716803, 1.214507651604756]], "2": [[7.896696415647254], [-3.2473600831922935]], "3": [[15.044601125976298, 0.2608659805258054]]}