{"Train": 0.1135496642708789, "Val": 0.11344648523837747, "Test": 0.113352329605772, "max_epoch": 3, "stop_reason": "Weight gradients converged", "num_hidden_layers": 3, "total_hidden_units": 11, "unit_combination": [3, 3, 5], "learning_rate": 0.9}