{"0": [[0.6105071995408685, 0.21127738650013794, 0.6519822521428986, 0.6274398809365277], [-1.2332629186257325, -0.4394950763075315, -1.4215783131166968, -1.3930747964880978], [-1.1844367347757985, -0.43975097751198566, -1.3723434409559503, -1.3227913288472384]], "1": [[-0.9984580205408582, 2.4499521038986036, 2.3080546385437386], [-0.1929708737831822, 0.45512977465941573, 0.4291625609272881], [-0.40318422313535357, 0.9738441173908571, 0.9397718182958157]], "2": [[-0.5539473906400626, -0.05423137346447704, -0.17371071076416977], [2.149533901718566, 0.32135942780737814, 0.7151515927648171], [-1.5431319862971067, -0.22106701126807796, -0.502608189495673], [-0.7510864120749163, -0.09456532589780929, -0.2529938487026404], [3.4015980154045105, 0.5220370364176993, 1.1362503288124048]], "3": [[-0.5956157797079957, 2.5528570132567157, -1.7689628640374022, -0.8236046359651303, 4.348695058238587]]}