{"Train": 0.1493111131781729, "Val": 0.14720019357635414, "Test": 0.14840922890088074, "max_epoch": 4, "stop_reason": "Weight gradients converged", "num_hidden_layers": 3, "total_hidden_units": 9, "unit_combination": [2, 2, 5], "learning_rate": 0.2}