{"0": [[-8.449203344978327, -9.577609198558738, -4.614977616212446, -4.497191149955133], [-1.998675461717178, -1.8109528825532635, -5.58229317830601, -5.66096123516754]], "1": [[-3.5876336964888593, -2.681239185256472], [1.102202557475027, 12.456375006629736]], "2": [[-0.32125191759856886, 0.4010201084902383], [-1.1535914901587974, 1.079686316125432], [3.6863829194032784, 8.007558119144306], [1.3089763890012849, -1.2280951153737385], [0.7074161754549873, -0.7654686581392165]], "3": [[1.9082514824107946, 0.30073636256484165, 9.21362775753517, -0.6461860034442745, -1.7694602147077039]]}