{"0": [[-5.393211805582926, -5.813460573895898, -0.44698284281769207, -0.535205245949504]], "1": [[17.118300191158912], [-2.3396945165816258e-39]], "2": [[5.912419015176669, -2.339694488898519e-39]]}