{"Train": 0.16813583006682603, "Val": 0.1700168372044408, "Test": 0.17275673744526887, "max_epoch": 4, "stop_reason": "Weight gradients converged", "num_hidden_layers": 3, "total_hidden_units": 7, "unit_combination": [1, 5, 1], "learning_rate": 0.2}