{"0": [[0.04046227896794399, 2.3921903710676027, 2.740843595760219, 2.2706687634875125]], "1": [[6.545946924991482], [-0.2566223823784182], [0.7757055537464085], [1.063970759498281], [5.414356643095593]], "2": [[2.530645521569064, -0.256230913369635, 0.7670211224466896, 1.0443343755875292, 3.384846440694476]], "3": [[-6.73413030748441]]}