{"0": [[-0.5362199933173645, -0.8415210043479566, -0.6268692184405954, -0.5955865636993716], [0.7396540037259173, 1.1123528329493115, 0.839183416422473, 0.7970302645469283]], "1": [[-0.7889540581464414, 1.2355322671676503], [-0.5891073274734092, 0.9313197886492381], [-0.3287745639938468, 0.5169925973919993], [1.104535837867655, -1.7577637009622333]], "2": [[0.8244068536109611, 0.6196556377505834, 0.35924278245463986, -1.2596169951815372], [-1.8281384983124347, -1.5374138937989137, -0.9855466553391968, 2.2004172945933127], [1.3354487466064455, 0.9320111740186064, 0.5146628141357892, -2.2728789611806617]], "3": [[7.49812246845258, -4.41581280202465, 5.510186510211138]]}