{"Train": 0.16813680975538323, "Val": 0.17001781910707447, "Test": 0.17275772671828268, "max_epoch": 4, "stop_reason": "Weight gradients converged", "num_hidden_layers": 2, "total_hidden_units": 10, "unit_combination": [5, 5], "learning_rate": 0.2}