{"0": [[1.4142041342406737, 1.1144492161221453, 0.9402947197535979, 1.6114868214440703], [0.7001282170383606, -0.5514687626287068, -1.489349090212547, -4.327439423038018], [-5.0903380214831255, -2.2029636278312705, -0.46835012342692295, -0.27772669231242864], [-1.4071499609321678, -1.1270433676710305, -0.9578958345755055, -1.6334109014842235], [1.386196725022591, 1.158483525500302, 1.0691153832272389, 1.688150309066908]], "1": [[0.6008988528220385, -0.2750642642935403, -0.7223257103415152, -0.5931939650887318, 0.6004555001087262], [1.4245845598222509, -1.5110529701976227, -1.8971777905308584, -1.4662268569527375, 1.5800087977551498], [-1.4063658336274576, 1.0571902684593701, 1.957857328002896, 1.4438234382000381, -1.462305621811844], [0.3278872351674259, 0.09394973850587143, -0.5682881552320798, -0.3225970147086996, 0.3218568557397044], [-0.6074558420527316, 0.26115431036321385, 0.7875165430208201, 0.6007810696970157, -0.6094424260503991]], "2": [[0.4213664758847333, -7.655313587433915, 7.548743966855202, -0.5679922620458626, -0.5054274999042581]]}