{"Train": 0.1681368097553984, "Val": 0.1700178191070897, "Test": 0.1727577267182981, "max_epoch": 8, "stop_reason": "Weight gradients converged", "num_hidden_layers": 3, "total_hidden_units": 8, "unit_combination": [1, 4, 3], "learning_rate": 0.2}