{"0": [[0.11164546696094144, -0.9958487830069104, -2.037925743409084, -2.3051509489885733]], "1": [[0.004653188196166549], [0.01721169343873294], [0.001925845591932428], [-8.957910769144107]], "2": [[0.004309746120017295, 0.016239566243280563, 0.0018064115349883268, -3.343926421796213], [-0.01232012911957858, -0.0459952541512029, -0.005128066142672085, 3.438284763080195], [-4.859452022288951e-05, -0.00015575804914535386, -1.8350885222634733e-05, -4.7501859784335085]], "3": [[6.8904555374430565, -7.328345543613955, 0.6822418476438425]]}