{"0": [[1.5176755575538943, 1.9928778155068627, 1.3840116418543142, 1.3945390488162943], [-1.3185491578295714, -1.7474535342643795, -1.2095141028084657, -1.1987451804003149], [0.5174878040310993, 0.6784954256532387, 0.4665269859805272, 0.4474637373888153]], "1": [[-3.6678499101728224, 3.0453339790408114, -1.0831687062470923]], "2": [[-0.8490638380813373], [2.2439333574523483], [4.510495678701458], [-1.5305530684154944]], "3": [[-0.8484141175999921, 2.2539950371960122, 4.609209091835603, -1.5333041921224764]]}