{"Train": 0.14931111316379517, "Val": 0.1472001935619531, "Test": 0.14840922888653685, "max_epoch": 3, "stop_reason": "Weight gradients converged", "num_hidden_layers": 3, "total_hidden_units": 12, "unit_combination": [4, 4, 4], "learning_rate": 0.9}