{"0": [[0.048644410400627794, 0.06293121313766409, 0.05809878658032003, 0.09549745585215304], [-0.3768519148663543, -0.31420557463347054, -0.341252099762894, -0.3229274154870752], [-1.274310668734928, -1.1789748405610616, -1.1841455543893642, -1.1687530218373778], [-0.9610694543494712, -0.8757686058369394, -0.8630991072832375, -0.8634207103552048]], "1": [[0.050292427494092996, -0.1931759777464611, -0.6455978973428519, -0.4815615606065003], [0.02847987551955593, -0.17899030406455316, -0.5650848643749223, -0.42581531136534356], [-0.005850866056253935, -0.05548686935600255, -0.047935635157059134, -0.06415924360506044], [0.11782842158195422, -0.6457558862077845, -2.5034632647246506, -1.7783317391503208]], "2": [[-0.13255189385784688, -0.10662243999079868, -0.0004917091133346522, -1.4344166296271899], [-0.37095355449190665, -0.2698069442901142, -0.015625810058702543, -1.962872051620954], [2.9507013751296745, 2.2734958813664643, 0.11898884629290565, 3.953670474246217], [0.9606479313107491, 0.7621294325063557, 0.05393371852163718, 0.5236188624012127]], "3": [[13.940988939824559, 14.424480370360287, 3.078115236215744, 12.422008888145582]]}