{"0": [[-0.12151378331993079, -0.017942650141884734, -0.09058894702810168, -0.0924431343017594], [0.7879161309090418, 0.28625770758556185, 0.7073306994599505, 0.6766154306052174], [0.46790727007847455, 0.1492738798477592, 0.41098884975805694, 0.3983808394815172], [0.5150089475655486, 0.1865793379445554, 0.43044449199336293, 0.44783006482586973], [0.5011286305795736, 0.16608895901732132, 0.4595214140035948, 0.4566262318241352]], "1": [[-0.16410435041114285, 1.251027269035742, 0.6970862153899398, 0.7750981419345752, 0.7703599931795418], [-0.07651890283788926, 0.5908593379947357, 0.3551646125469529, 0.3862362424665513, 0.3929478511915986], [-0.0610436066999331, 0.4181039903173564, 0.24889215931301747, 0.2678441989701209, 0.28615409099863137]], "2": [[-0.13910442193587774, -0.057597522474011516, -0.027162754392355094], [1.2565779426699342, 0.4332702602501444, 0.29569554325093406], [-1.714166300716455, -0.6283797294119271, -0.40868222234350815], [-0.9763905236198621, -0.34475571578472064, -0.22285414733508865], [-1.7174410178143753, -0.6262865870738833, -0.409374377345153]], "3": [[0.15595190553814905, -2.533398278430485, 4.248665169745855, 1.7218712474540634, 4.25427146555123]]}