{"0": [[0.15594586561897078, 1.0590772425974286, 2.306446663982781, 2.0051812653728316], [0.15789074289528982, -0.20213929654731172, -0.19648269739069604, -0.16545775885512304], [4.42172440463696, 0.5190413754233846, 1.1198039229784782, 1.005791524775233]], "1": [[0.32394914685980986, 0.006818073243913898, 0.24217709125623582], [2.68393271056112, -0.08642586475143132, 0.7857383215258094], [-2.606371829777456, 0.39240356006917454, -1.4317530139599348]], "2": [[-0.10510054075838662, -4.487144139015546, -0.12407660725439476], [-0.40875546406181273, -1.6735710294624806, 2.422161197973073], [-0.5794436311323538, -2.4975404977044815, 3.620160553706204], [-0.9737417525839746, -4.117331590010625, 5.966196726715704]], "3": [[5.7117070369504335, 0.4584014502804649, 0.4048681885031877, 0.45865399667944273]]}