{"Train": 1.462941541280689, "Val": 1.4611522505253194, "Test": 1.4617261497433875, "max_epoch": 3, "stop_reason": "Weight gradients converged", "num_hidden_layers": 3, "total_hidden_units": 7, "unit_combination": [1, 1, 5], "learning_rate": 0.9}