{"0": [[-1.3160168239757446, -1.0262198542524583, -1.3903962160083931, -1.3904913498491343]], "1": [[2.587598980573489]], "2": [[0.6750187110012945], [-3.5134361989434475], [12.904124443335753], [10.662493988071043], [6.919787614647296]], "3": [[-0.6593514263460888, -29.108644512559618, -16.656221000491975, -22.288432214076394, -6.689974237929818]]}