{"Train": 0.11354966699060035, "Val": 0.11344648796288294, "Test": 0.11335233233118716, "max_epoch": 4, "stop_reason": "Weight gradients converged", "num_hidden_layers": 3, "total_hidden_units": 8, "unit_combination": [4, 3, 1], "learning_rate": 0.9}