{"0": [[0.7330907668521874, -0.19114887588747992, -4.105879315268917, -0.18843488864606805], [9.851663336308022, 0.2018586005870436, 4.860547743463838, 8.109849932320829], [-0.4575750330042364, 0.15517138560414853, 2.8522117617213985, 0.017017911504695882], [-0.3982277322395578, -0.24067332846178024, -5.063752590926259, -0.6675421448130234]], "1": [[-1.197044510513084, 0.6277694048350911, 1.2787473643117373, -2.0312782006761565], [1.60267196123185, -0.5129288734413345, -1.5570362263210884, 1.8685280608014478], [6.403642241158686, -3.3296542802713596, -7.291971133359485, 9.241796872351088]], "2": [[-7.208867318826273, 3.466167012600775, -2.187017035653257]], "3": [[16.748840129895527]]}