{"0": [[-9.761555235409656, -10.759727599268963, -7.836484803958068, -10.206711418689457], [1.6993645233875119, -0.021237248177528315, 1.1838391102941368, 1.5090578196025928], [2.221436503328901, -0.3084656463604799, 1.3871943381432197, 1.7668355954757704]], "1": [[-5.623781987007468, 2.5596719225761966, 3.254952159898731], [0.9171020661697125, -0.6342432394779627, -0.7969098786868387]], "2": [[8.788244224484249, 3.213214576109788]], "3": [[-6.675405770282157]]}