{"0": [[5.515765064316193, 1.510136135599187, 5.772273400633492, 3.4178096142481413]], "1": [[2.0015661505401874], [1.9893761493280357], [4.385268898862527]], "2": [[-11.696451590197178, 0.6012024582752304, -7.086893118169898], [4.898759749852023, -0.4484729534339559, 2.871199209400054], [3.099048131357887, 0.9721778496224733, 2.9315846704695785], [-0.06084773543460888, -0.021186768588440996, -0.05049868835645522], [-3.1947440643298073, -0.9773452160639107, -2.9394443360261184]], "3": [[24.369336497117633, -24.83792236603404, -18.941159643061784, 0.04994873039449272, 5.786844819325425]]}