{"0": [[0.2752819514074764, 1.480185874762645, 1.8280524560973512, 2.0228445710162988], [-0.7395319895129056, -0.21491954714537845, 2.3128884535072793, 2.1348692192107674], [0.1007915550811004, -0.08411506748890635, -0.13055292658471984, 0.07263662513870561], [0.8486872281602473, 0.7205465152718341, -0.6145835866256013, -0.511879110158959], [-0.6411623916458251, -1.2679808632208174, 0.7166739032235387, 0.31203945560187507]], "1": [[0.938981509624828, 0.30693324938690947, 0.10233922147928844, 0.5675980320231713, -0.29021465031396004]], "2": [[-1.214576773121605e-89], [14.325278001486407]], "3": [[-1.214576773121605e-89, -6.522268281852049]]}