{"0": [[1.2237817692027853, 0.4385907488913901, 1.098631403225076, 1.0874981466447389], [-2.4071174120372345, -0.8639463108891301, -2.253246499191572, -2.2369443330925938], [0.6066155240599356, 0.21406169407128298, 0.5335903270311702, 0.5140737938556317]], "1": [[1.7294375828226056, -4.137517483191645, 0.8105114953711817], [-1.0769276908767154, 2.5361514881381626, -0.5166937547345465], [-0.5130716359565091, 0.9549722512647931, -0.2674172133744817]], "2": [[-1.4105130856342543, 1.5724227332446545, 1.3839235617690826], [-4.879354707653853, 2.863679630552083, 0.8139421486383711]], "3": [[13.559975128852416, 16.367097978926406]]}