{"0": [[0.054486353169589836, -0.09399553647099736, 0.15768171072342954, 0.20058428553265858], [0.16217218109026657, 0.3961976084362108, -2.119909606714103, -2.4140853981914288], [-0.09199341028335625, -0.1593335282102801, 1.1051316397188222, 1.2626961015327083], [-0.7576203265856927, -0.5740800204718924, 3.962212163752122, 4.520152924036877], [-0.176455588444821, -0.333862200312502, 1.9828824323744203, 2.2600212897499303]], "1": [[0.12570599652358738, -0.7699107422787913, 0.48939651993536987, 0.764951768243784, 0.7770337933681319], [-0.009611790589621453, 0.04831639870699056, -0.03147540132700536, -0.10907448305649087, -0.06373693866681146], [-0.042743950354063996, 0.03499619938587869, -0.011828720362099835, 0.7100118156217581, -0.022308589382756504], [-0.002651574718603253, 0.12762128300077563, -0.06207234735346203, -0.18128693410248384, -0.1245394214148733], [-0.004000618895347544, 0.11238269269010046, -0.05721060697634245, -0.1974491243172389, -0.1210827801424835]], "2": [[5.6981420385893164, -0.14973889649896582, -0.6197347853456396, -1.01351742087718, -0.5490604508549781]], "3": [[-6.713215821307732]]}