{"0": [[-0.5042993136446947, -2.8246895351985946, -1.7270145385874907, -1.7584647726196283], [1.176014567626346, 8.6779400242574, 4.904427650097818, 5.0751259217470315], [-1.1974219278470604, -9.070816298095098, -5.132095916896117, -5.2955171721900625], [-0.7288236112959985, -4.690880916042887, -2.7369438192504276, -2.812967800900045]], "1": [[0.46889876334723224, -0.1805564387750041, 0.002487508671289378, 0.6963187580014244], [-0.38996895421456723, 0.5111010242769065, -0.4036169568318553, -0.5729338294961488], [0.44635041821820043, -0.08576405066449712, -0.0823397391317292, 0.7239055477801878]], "2": [[0.5370522960182416, -0.6910527180055297, 0.5259780587173207], [1.9928464487028223, -1.0755005398664148, 2.0833605714463843], [0.36546572377001135, -0.5435358796920511, 0.3491658066663601], [-0.5980032883155347, -0.2556015824283057, -0.6506375707520873]], "3": [[-1.7544979152854836, 8.057805625339713, -0.2543241660410611, -1.939296898916185]]}