{"0": [[-1.3084796399065302, -1.0952937995913703, -1.2817023916831651, -1.2745096951860333], [-0.5941761699900493, -0.46849925285973176, -0.5541845954431843, -0.5404984531691833], [-0.4011710708921275, -0.3273504839033832, -0.388262306842421, -0.3740940068719594], [-0.5312252532086579, -0.414754358838651, -0.4921168922120279, -0.48988493839724206]], "1": [[1.3433897950746685, 0.4874387195379045, 0.3245836792424726, 0.4294931487074588], [-2.3988468891398904, -0.8363948336932897, -0.5842060753009914, -0.7674375826586056], [-1.2186096234898924, -0.447287780658882, -0.2993998297316689, -0.37804419960438473], [0.7876652039443683, 0.2735052961683467, 0.178194062958991, 0.24033004180787754], [0.34958192479270694, 0.14115011886378134, 0.09330876459827206, 0.11713003143266776]], "2": [[-0.6115316339686134, 1.17795482571913, 0.5464671157243389, -0.345084504400473, -0.1590262883464684], [-1.013469019319462, 1.9699005445473448, 0.9338540346669093, -0.5749600450801711, -0.2683236550535878], [0.6550005399625124, -1.2396425902127937, -0.5830588414169069, 0.3596047872609276, 0.17224717075989154], [0.5538175279997444, -1.0801722268348908, -0.5035598108627158, 0.31998833836711654, 0.13923427674487673], [0.5712844684855305, -1.0835169140106218, -0.49355950494264883, 0.3310068341849962, 0.14362217463546822]], "3": [[-1.505487665110491, -2.6064680773289135, 1.5947532135284874, 1.3752512020816723, 1.3845814859422965]]}