{"0": [[-2.040128041416778, -2.314301598244811, -2.017958641652083, -1.9709295340906163]], "1": [[0.0013426407552341768], [0.2531595483647669], [-4.4783751808037096], [0.7988172509065803], [2.2430797415346246]], "2": [[0.28893248425672985, 0.41351668507974865, -0.6659476814471512, 0.5128596993212315, 0.6280987614992409], [0.526286595402255, 0.7785226609513837, -0.5473302666140274, 0.9504080798775938, 0.9483019991568844], [-0.4111866656354166, -0.690671934972379, 4.686076109853786, -1.1253118571779386, -2.2971864270883926]], "3": [[-18.324945683740175, -17.691932731628402, -22.27320104452769]]}