{"Train": 0.1681365771165246, "Val": 0.17001758602721587, "Test": 0.17275749172214386, "max_epoch": 10, "stop_reason": "Weight gradients converged", "num_hidden_layers": 3, "total_hidden_units": 11, "unit_combination": [5, 4, 2], "learning_rate": 0.2}