{"0": [[3.4622467952085514, -0.5377747036940624, 2.6372860763057235, 2.737377261127338], [1.9902244282673138, -0.2693133900434186, 1.5399076531620934, 1.6150420453661491], [-3.38039167325891, 0.45206085038739346, -2.6051807822969217, -2.712743233140618], [1.2877946056456666, -0.17783958723695753, 0.9876095689788796, 1.0519301582577654], [-3.98153864671111, 0.63578329650964, -2.986861894296978, -3.090593321845774]], "1": [[0.3047725241682209, 0.5332601683133881, -0.6671971957420112, 0.3567325213588743, 0.21729894220906518], [-0.5052373396167796, -0.31226523764179576, 0.5506698631988887, -0.18811922811502557, 0.640282986823444], [-0.07789050090749142, 0.06209538359097567, -0.08634094938355197, 0.0006123212262673659, 0.34107625433983524], [-0.3193372103813759, -0.5544587305775006, 0.6767880418996935, -0.35166722414927526, -0.17091733336895762]], "2": [[-0.8714936395192929, 1.4816773301747677, 0.07782604680699737, 0.9076612846793988], [-0.31378758447299626, 0.12207054409380587, -0.12733164343032477, 0.3107559705716546]], "3": [[6.208627601101021, 2.1836578222042484]]}