{"Train": 0.14931102273978814, "Val": 0.14720010320395288, "Test": 0.1484091381890945, "max_epoch": 3, "stop_reason": "Weight gradients converged", "num_hidden_layers": 3, "total_hidden_units": 5, "unit_combination": [3, 1, 1], "learning_rate": 0.5}