{"0": [[-0.002598927996972523, -0.004660169749905792, -0.0270952509632467, -0.031069864586801776], [-0.060577475632892896, -0.03869063678922642, -0.028551720847593436, -0.04912262593991322], [0.6922746459425259, 0.6901857228797356, 0.84513128768931, 0.9184594965122936]], "1": [[-0.036309996871864446, -0.08425276214525862, 1.8386881199296963]], "2": [[2.3484388536869067]], "3": [[-8.191761735744734]]}