{"Train": 0.1493111091794371, "Val": 0.1472001895827149, "Test": 0.14840922490872346, "max_epoch": 3, "stop_reason": "Weight gradients converged", "num_hidden_layers": 2, "total_hidden_units": 5, "unit_combination": [4, 1], "learning_rate": 0.9}