{"0": [[2.399227056661753, 2.481414302573801, 3.182551744243486, 3.2801657351093154], [0.8947328576226696, 0.5823835707921018, 0.8811078871429255, 0.9282209286582296], [2.0365933719512044, 1.5013266832432832, 2.14321131888259, 2.26495463352158], [-0.9180843838193127, -0.6089114881437537, -0.9115687220057493, -0.9495416197545692]], "1": [[-4.36400862308236, -0.35116133473238303, -0.7256516145917685, 0.36908358932373575]], "2": [[9.507373313770866]]}