{"0": [[2.8787282151189615, 0.18746061748116832, -11.392362250054592, -6.570968166105551], [2.0662404480894185, 1.0275989037250852, -1.4988512327244907, -0.452383461384804]], "1": [[2.478001729947027, -0.7870876990516935], [-1.0008330367530542, -2.2083003198310487], [-2.7375648213376924, 1.4813545790165805], [2.0239933595451896, -0.4493795943135149]], "2": [[2.5579934371329367, 2.173965701534154, -3.2479254297376636, 2.624262127742154]], "3": [[6.132815685581374]]}