{"0": [[-1.5763404188405896, -0.2316472793366019, -1.0506952933905767, -0.8752536455163015], [-2.8794007402678856, 0.08182594025181798, -1.3513788673122156, -1.0544859318304078]], "1": [[-3.2096371015180267, -2.6437171053605906], [-1.2185567947231846, -1.3991858785662947], [1.0701097617318156, 1.2422322793661273]], "2": [[-2.8323502036549346, -2.9990321545933254, 2.3817269300823685]], "3": [[6.783550661544649]]}