{"0": [[0.2161101670731435, 0.6116977965256759, -1.4165309140180802, -1.3992620961442834], [-2.1056019795794643, -0.2999636811033041, -0.355006574479672, -0.6148609923163277], [2.0811542742835254, 1.1342256947892329, 0.5390521207960808, 0.8628197101614792], [-0.681397570666105, -0.4989987616069082, 1.0629616818639167, 1.0188490709139393], [0.833270500094578, 1.3323516077177597, 0.8402381943858743, 0.8773708826167607]], "1": [[1.6324903299293798, 0.4790612025576799, -0.7954589969708323, -1.0679648971432103, -1.5795655893350438], [0.8353043881998055, 0.7015532667504374, -0.7137524296424543, -0.6042887244041447, -0.8104987717785902]], "2": [[5.974817096192842, 1.3553160804745643]]}