{"0": [[0.3875378612372643, 0.04823357425136959, 0.33783512172347824, 0.3265609202993869], [-1.5132954620891912, -0.20906436805214199, -1.4004409738257448, -1.378188788108573]], "1": [[-0.5337317639015327, 2.3526708362125546], [-0.023175312138983765, -0.010012147462279793], [0.08996004037049692, -0.6865119654254146], [0.00865835405487016, 0.2522549066042898], [0.2570598234587382, -1.3550849337225563]], "2": [[1.7143520826623906, -0.07023179293491638, -0.6691553602303276, 0.3515297849395046, -1.0603752393890686], [-1.4599433138474096, 0.057679665670975204, 0.5381409200968655, -0.3014812146390921, 0.8975367882211283], [2.079594442468262, -0.24669136885599577, -1.7880148042643327, 1.1367418371165485, -2.1001382102723234], [0.45096766940426436, 0.010647488224285826, 0.04488461411733038, -0.06061225870514192, -0.0829149912775545], [1.1152249019052007, -0.16089836678760833, -1.1717801523100058, 0.7707509637044185, -1.294719979153066]], "3": [[10.989993078773614, -10.628047120144728, -4.502496326684606, 9.569584450408701, -8.181592098373551]]}