{"0": [[-0.48184055921843755, -0.3508666281153599, -0.48327846942026353, -0.4842527868362356], [-0.8072200394147354, -0.5606555642650562, -0.8058960669174057, -0.8136966775377549], [0.717992382224863, 0.49370301321176596, 0.6940360523516615, 0.7192260886877585]], "1": [[-0.5733013550480769, -1.0259148322513973, 0.8839354938515932], [-0.5882923118377906, -1.0039136065147864, 0.8635186730756181], [0.1718800593173435, 0.2817773759962274, -0.26226052820197665], [0.38837326287343593, 0.6748100016591159, -0.5819133655434989]], "2": [[-1.0884435540113708, -1.0689533371261346, 0.31527449342887676, 0.709397449107414], [-0.9920544312804886, -0.9811721522776391, 0.2770998461576963, 0.6539055958243978]], "3": [[8.602863361531995, 8.466617203224182]]}