{"Train": 0.1135496669886125, "Val": 0.1134464879608856, "Test": 0.11335233232919308, "max_epoch": 7, "stop_reason": "Weight gradients converged", "num_hidden_layers": 2, "total_hidden_units": 10, "unit_combination": [5, 5], "learning_rate": 0.5}