{"0": [[-0.9180062286299617, -0.20749870116594543, -0.47663713462673973, -0.5060748995986795], [3.4810489898911428, 0.8196573644386268, 1.98408488241195, 2.0431599147918287], [4.003317742032788, 0.9280669110592931, 2.300231036469859, 2.347582688223783], [-2.0343668246611215, -0.46892246130507115, -1.1597860076599817, -1.1755335843841723], [4.0393885916274535, 0.9603404434715213, 2.329530811749668, 2.3675982620789426]], "1": [[1.0097402780400737, -1.1356488215958205, -1.1605324846424654, 1.2384833917483267, -1.0783541933924048], [-0.45858566171572374, 0.3311038040047337, 0.3193081317092467, -0.47066163728949745, 0.2906199416957373], [-1.267122898202669, 1.507330198094803, 1.5350016512752538, -1.5607718349245525, 1.4754697744414833], [0.1703151566352733, -0.21851431966894247, -0.19811046447580621, 0.20412013794866135, -0.1956304149926501], [0.6651538308165872, -0.6377245659167597, -0.6476616466883338, 0.7662472267626882, -0.6043305265574019]], "2": [[7.011968240015407, 4.712472161635571, -7.492424870099188, -4.692514577026874, 6.609083330985643]]}