{"Train": 1.462941541280695, "Val": 1.4611522505253254, "Test": 1.4617261497433938, "max_epoch": 7, "stop_reason": "Weight gradients converged", "num_hidden_layers": 2, "total_hidden_units": 8, "unit_combination": [4, 4], "learning_rate": 0.9}