{"0": [[0.6257166388602846, 1.0005726413313014, 5.9433573790888605, 10.90865894898465], [-11.88323808312713, 0.8492813473532675, -6.354854973357154, -13.348390762977482], [9.5868404669274, -0.8145705086796226, 5.232811910154877, 10.942029759154263], [-2.714179374592173, 0.5538143714168706, -0.23156525683685514, -1.0004578236885284]], "1": [[0.520361477282939, -18.35743927462295, 16.61161083574522, -11.760400043403822], [-2.904255242818351, -3.494186920585712, 3.818384594254211, -3.1437246078288745], [1.585779287370853, -6.787304565467023, 5.076050060307805, -2.7683926223190696], [2.8416434646998585, -0.10019412609118132, -1.3876942558677654, 2.000314787686894]], "2": [[22.448159744480776, -6.176225131970794, 23.581373026451047, 18.9963771708892]]}