{"Train": 0.14931111232746208, "Val": 0.14720019272672497, "Test": 0.1484092280515631, "max_epoch": 3, "stop_reason": "Weight gradients converged", "num_hidden_layers": 3, "total_hidden_units": 7, "unit_combination": [5, 1, 1], "learning_rate": 0.5}