{"0": [[-0.7508454497255193, -0.20523575663306332, -0.6908645946695857, -0.7263045748313648], [0.407121144430307, 0.10053866884567879, 0.38881892650628186, 0.3892083449141144], [-1.23903497103331, -0.36168422929493577, -1.2631783552265496, -1.233680312681291], [-0.49109545593340875, -0.13228919528219243, -0.46823387611594774, -0.44333415011746075], [-0.23043349543436992, -0.08191511179620739, -0.19637635429839959, -0.18787938897710502]], "1": [[-1.3228927323048054, 0.6999625940745859, -2.5671460553741148, -0.8340175112850339, -0.3639268625914081]], "2": [[3.53357852789585]], "3": [[-10.296586785352247]]}