{"Train": 1.4245372537165086, "Val": 1.4233503705730206, "Test": 1.4248307236879871, "max_epoch": 3, "stop_reason": "Weight gradients converged", "num_hidden_layers": 3, "total_hidden_units": 11, "unit_combination": [4, 3, 4], "learning_rate": 0.2}