{"0": [[-2.3336133090590288, -1.5673962646846522, -2.167776548661752, -1.9847514355114544], [1.037404962610226, 0.6580842963086255, 0.937651169074971, 0.8490422057807512], [2.286565853201845, 1.6006471557472153, 2.351809907368328, 2.1413454934462446], [-2.206646204226403, -1.5293306093605097, -2.214831409575622, -2.0363439541858286]], "1": [[-0.12258570668420517, 0.1271077873651741, 0.1766875188506982, -0.16907685819813392], [-0.8055898194083563, 0.6783106127328367, 0.8893553851903745, -0.8711523650706939], [-0.7556358945719973, 0.5209539356555513, 0.9588111811638631, -0.9279607687829036]], "2": [[-1.0012416619681312, -1.9482378818942094, -3.154671076029391], [-0.14620729902520097, -1.8024999484529378, -2.1063480897487077], [0.27979534528811795, 1.8108022072331655, 1.9490015352577792], [-0.11808832104290348, -1.6221132700906717, -2.1383673068874565]], "3": [[-1.501041653052223, -4.22213882989115, 4.608637082884314, -3.964234812107593]]}