{"Train": 0.11354966698396977, "Val": 0.11344648795625044, "Test": 0.11335233232453681, "max_epoch": 5, "stop_reason": "Weight gradients converged", "num_hidden_layers": 3, "total_hidden_units": 10, "unit_combination": [5, 2, 3], "learning_rate": 0.2}