{"0": [[0.3320919076399347, -0.18163040585573154, -0.09585634721716124, -0.10891292212811028], [-0.6436740074054386, -0.8494669935841319, -0.9290269679068327, -0.9310909085443446], [-0.9731690888302337, -0.4566070996471102, -0.546180150422038, -0.46475553619476573], [1.302624190165341, 0.6038216574864186, 0.6685657995662971, 0.5858382003523995], [-1.0652923157388843, -0.5009317519601862, -0.5954107224218022, -0.5052220647929331]], "1": [[-0.20769561890380211, -1.8232196288375144, -1.174394272657873, 1.14241996894997, -1.2087668429261726], [-0.1765646573765233, -0.9455745310453443, -0.5043852363359873, 0.8478621349420782, -0.5843804449179936]], "2": [[-3.752816244257841, -1.434999361562846], [0.3123338519758385, 1.2520563792610266], [-1.1679597041497691, -0.9341089547415612]], "3": [[9.933150158849703, -1.1881906950284715, 1.697278156924691]]}