{"Train": 0.11354966624423064, "Val": 0.11344648732134414, "Test": 0.11335233150772173, "max_epoch": 5, "stop_reason": "Weight gradients converged", "num_hidden_layers": 3, "total_hidden_units": 14, "unit_combination": [5, 4, 5], "learning_rate": 0.2}