{"0": [[-0.9712343270010781, -1.5706139767310618, -1.4138670820273584, -1.5422098390661807], [0.25102662145768284, -0.32981146266995914, 0.0637614681463048, 0.18122950920352646], [-0.10755114333593811, -1.751787778213383, -0.6980725105126654, -0.41993647638502946], [-0.18905992060662352, 1.0454142079488162, 0.21235767329326155, 0.016458595961028166], [0.5324876219998652, 1.7603263880683249, 0.9850030192708398, 0.647145329572105]], "1": [[-0.2786990914212026, -0.027156605386969575, -0.1705910867013354, 0.17241182592504975, 0.18042930356484232], [-3.1193904959214396, -0.5873442390925284, -2.67373983029068, 1.6935643597273524, 2.781319621934702], [0.40996095247399555, -0.10106027262192274, -0.011869530123471696, 0.04617073256118895, -0.09179758857872473], [0.27705395369915603, 0.03787947773113441, 0.20858196380927133, -0.2215123798901661, -0.2359920573459666]], "2": [[-0.9664617502916586, 0.8099509569566086, 0.4975862259523939, 0.5315283832966534], [-0.8226545598275754, 0.240017321934065, 0.9133651984470763, 0.4722898302681124], [-0.4623946265347227, -0.39762770659603214, 0.345794629944322, 0.2549710807736686], [0.1117723068418562, -3.079580084745727, 0.07996983682837634, -0.07949111613901351], [-0.4985535345540017, -0.048737644514708016, 0.23886638082497919, 0.28692835081710716]], "3": [[1.8938384244589677, 2.0412099183422683, 2.000918609626004, 6.614192831013828, 2.27245826344953]]}