{"Train":{"0":0.1681361962,"1":0.1681368098,"2":0.1681365645,"3":0.1681368098,"4":0.1681368097},"Val":{"0":0.1700172042,"1":0.1700178191,"2":0.1700175742,"3":0.1700178191,"4":0.1700178191},"Test":{"0":0.1727571047,"1":0.1727577267,"2":0.1727574616,"3":0.1727577267,"4":0.1727577267},"max_epoch":{"0":3.0,"1":10.0,"2":7.0,"3":4.0,"4":3.0},"stop_reason":{"0":"Weight gradients converged","1":"Weight gradients converged","2":"Weight gradients converged","3":"Weight gradients converged","4":"Weight gradients converged"},"num_hidden_layers":{"0":1.0,"1":1.0,"2":1.0,"3":1.0,"4":1.0},"total_hidden_units":{"0":1.0,"1":2.0,"2":3.0,"3":4.0,"4":5.0},"unit_combination":{"0":[1],"1":[2],"2":[3],"3":[4],"4":[5]},"learning_rate":{"0":0.2,"1":0.2,"2":0.2,"3":0.2,"4":0.2}}