{"0": [[-0.4730106626926502, -0.7361222338747022, -0.48801387633090254, -0.46957832564389856], [-0.6989467778985786, -1.0812580988059446, -0.7077268655151341, -0.678848869791125], [-0.49935984319976984, -0.7464120727726865, -0.49571440310393144, -0.494067146697668], [1.3665067693704207, 2.1564730266109278, 1.425299421342986, 1.4033839575062976], [1.1333360174460732, 1.773942909571766, 1.180513952239901, 1.1453801443591518]], "1": [[-0.1893937453506552, -0.29149698736052293, -0.19486878566485188, 0.6579308048146938, 0.5144822786669637], [0.06675709056814026, 0.09877062630714122, 0.07911974362293359, -0.2035877144884059, -0.15635595021525336], [1.0686700824047517, 1.5705827019527232, 1.0697379136612637, -3.506169553681791, -2.7324765412206395], [-0.10910390453309425, -0.1428011172766332, -0.10769136454031163, 0.3196678674812868, 0.248088684682943], [-0.27727416443027875, -0.399583656349554, -0.29375901432415896, 0.9303712872948084, 0.7431799330416383]], "2": [[0.32153225369758875, -0.09900378793040257, -1.8297041807914916, 0.14083906083938416, 0.45159144571292864], [0.1347504345621818, -0.06653539802632347, -0.8111122479511778, 0.06600966211629537, 0.20624145656532683], [-0.8515925090783218, 0.26518593992734635, 4.9913212623116605, -0.4329292328117479, -1.2217393933509724], [-0.05902186632840272, 0.007668430298321632, 0.3446234757631591, -0.03150779679000976, -0.08054698780000165]], "3": [[-1.9138935646275104, -0.8475849285428224, 5.363057359941873, 0.357336203546277]]}