{"Train": 0.1135496669905583, "Val": 0.1134464879628408, "Test": 0.11335233233114504, "max_epoch": 3, "stop_reason": "Weight gradients converged", "num_hidden_layers": 3, "total_hidden_units": 5, "unit_combination": [1, 3, 1], "learning_rate": 0.9}