{"0": [[-19.83015581106171, -0.33076446058039066, -9.927825325689913, -13.306147491328808]], "1": [[-3.7929191052888984], [-0.11121303372930981], [0.7495990875413916]], "2": [[4.148386742512639, 9.823391691038648, -0.747574554698765]], "3": [[-15.164123975403667]]}