{"Train": 0.16813652272953317, "Val": 0.170017531602734, "Test": 0.17275743675658653, "max_epoch": 6, "stop_reason": "Weight gradients converged", "num_hidden_layers": 2, "total_hidden_units": 4, "unit_combination": [2, 2], "learning_rate": 0.2}