{"0": [[4.054828231741949, -0.3839024292052418, 0.5070149294204817, 1.3920536556592717], [2.7863941464609, 1.2798629914978819, 0.8187328066677756, 5.3603021722572]], "1": [[0.2934701925935633, 1.5521297104621352], [-0.6943886638641379, -2.539559748947592]], "2": [[-3.3886502275640233, 4.142137136570909]]}