{"Train": 0.11354877058043321, "Val": 0.11344558946639645, "Test": 0.11335143434224278, "max_epoch": 4, "stop_reason": "Weight gradients converged", "num_hidden_layers": 3, "total_hidden_units": 10, "unit_combination": [4, 5, 1], "learning_rate": 0.2}