{"0": [[0.36840143430293393, 0.3027754749637959, 0.2946010111525115, 0.25314799716139164], [-1.0690383329379627, -0.8008334791432852, -0.7389599705859414, -0.6382552335498528], [-0.5725712124700052, -0.4970737041398133, -0.4082469339718064, -0.359278864005998], [-0.4349994248544627, -0.33456207642466573, -0.3289867597605894, -0.30208753857593335]], "1": [[0.41872839870659356, -0.8479763008757247, -0.6704378544687022, -0.4787966171272577], [-0.5637412101078676, 1.1937203063393977, 0.9132029491825894, 0.6367512141532095], [0.019614258939852667, -0.11615695472001038, -0.035491083669223426, -0.0016271272622753864], [-0.011287715357671967, -0.05739653890209412, -0.022045102672531076, -0.004561900630391306], [0.7221324769251763, -1.5435319035477235, -1.1436361672450746, -0.8183847503466398]], "2": [[1.2834060529107076, -1.7447043954280568, 0.1059229264257462, 0.047941050674272304, 2.3457142956677317]], "3": [[-6.748521098118779]]}