{"0": [[1.2801960522251334, 0.29782193334608564, 0.8446339596554584, 0.7852237661520696], [1.0173145251287579, 0.18050543229660262, 0.4194824824268842, 0.37468911586563186], [1.4075406276802314, 0.1097031258151173, 0.44574165605699434, 0.3608600486757934]], "1": [[-1.2304708305244723, -1.1067189691517834, -0.7349878140414362], [1.1161262584347218, 1.0347476196028156, 0.7285008309773738], [-3.8088217278894563, -3.1348965841039096, -3.4615940545522035]], "2": [[-7.482091768672478, 7.517946990013338, 2.60885350823953]], "3": [[-5.348503474231841]]}