{"Train": 0.14931082553858757, "Val": 0.14719990630152363, "Test": 0.14840894172720082, "max_epoch": 3, "stop_reason": "Weight gradients converged", "num_hidden_layers": 3, "total_hidden_units": 7, "unit_combination": [4, 2, 1], "learning_rate": 0.9}