{"0": [[-1.1058778500353963, -1.3326245874890106, -0.9515466904510046, -0.9490495074734282], [-0.8417043299907959, -1.0330637075092097, -0.7438810935523011, -0.74853716290231], [0.21175423617113476, 0.28651152060622026, 0.1870508923104462, 0.1831544568733056], [0.30656222210821515, 0.373758977585081, 0.25662928762730314, 0.2677011416018235]], "1": [[2.4053607426581207, 1.7708587485727538, -0.43305106536096677, -0.6090991472704528], [-0.011421326103813538, -0.022555495053055995, 0.02003494679139323, -0.006081746282198059]], "2": [[3.158853673597137, -0.02347726824772666]], "3": [[7.396694710666212]]}