{"0": [[0.6171249368827069, -0.3689306506288482, 1.2760610841341453, 1.1352500626284265]], "1": [[33.1931166662366]], "2": [[-3.9221157918425913], [2.0284770597961845]], "3": [[9.386768207732537, -3.0546248602757866]]}