{"Train": 0.14931002005179014, "Val": 0.14719910187959148, "Test": 0.148408137582757, "max_epoch": 6, "stop_reason": "Weight gradients converged", "num_hidden_layers": 2, "total_hidden_units": 3, "unit_combination": [2, 1], "learning_rate": 0.2}