{"0": [[-5.6022660654905465, -1.370862127436261, -2.4537718135478395, -2.2176875188296226], [0.9179296062995683, 4.822946220565071, -0.5419869121856673, -0.4564862191979381]], "1": [[4.476047730950518, -0.9374230146780126]], "2": [[6.703930146769196]]}