{"0": [[15.555555370905994, 22.65823535168775, 11.542793788583614, 11.708618484181033], [-18.558046807650506, -26.80289982606201, -13.741423123826793, -13.926482058954598]], "1": [[2.3251800050468114, -3.429727893744345], [-2.5382609664193008, -5.503512393003043], [0.03892312331526349, 1.9472410820807], [0.9172480122312757, 5.659434252085361], [-4.157973830866865, 4.79430717395095]], "2": [[0.37781181643950607, 0.3601306427298399, -0.33887609644035155, -0.36171123883673184, -0.3525847819232407], [-4.171283997381595, -6.156288677257178, 4.853510927098167, 4.684466726675416, 3.2767616820519496]], "3": [[-0.9480528259300307, 6.849814522477339]]}