{"0": [[0.8922319733722822, 1.0182891170910722, 0.8732527603289328, 0.8756731372361125]], "1": [[2.0255398818973305], [1.4820461227390052]], "2": [[-1.2826068047595462, -0.8534410564738244], [-1.019793088984386, -0.6532024740192793], [0.24872715926947508, 0.12242538259063886], [-0.9076338210669119, -0.5335254781481429], [1.150792612529398, 0.8865863187466224]], "3": [[-8.575706825704225, -8.715957951139206, 1.6528921338510436, -8.679703177931795, 5.98034771655975]]}