{"Train": 0.14931111317571058, "Val": 0.14720019357386668, "Test": 0.14840922889831096, "max_epoch": 3, "stop_reason": "Weight gradients converged", "num_hidden_layers": 2, "total_hidden_units": 8, "unit_combination": [4, 4], "learning_rate": 0.2}