{"0": [[1.2875316624519901, -0.6179854494938652, 1.354664458648652, 1.2972424359204195], [-1.1903089361333672, 0.5464666576070935, -1.328844612620625, -1.2824632418271513], [-1.3279196436505194, 0.620117785927206, -1.3786126995144234, -1.33404049849105], [1.3482736494912644, -0.24554662731124652, 1.365787854472762, 1.3667871661199085]], "1": [[0.00047975326527936084, 0.015496012297669424, 0.007232787308064426, -0.005452951356493831], [0.7107754812232656, -0.568868754148477, -0.757680413566465, 0.7297318604074661], [0.5388803213047724, -0.4437637025346401, -0.5972750850323302, 0.5967929438362322], [-0.8029410794714469, 0.6716786228326923, 0.860862021015859, -0.8118421372408187]], "2": [[-0.03622541568003452, -4.393613300461673, -4.13679189901039, 4.413463977219288]]}