{"0": [[3.419329757336493, 5.706065685277926, 3.5875801121925353, 3.6509194479918685]], "1": [[-4.092886822941378], [0.5687382024119019], [-0.20081970783820058], [0.11766117832861323], [0.3450798026685822]], "2": [[18.22667170391028, -1.3156518115503264, 1.048165451118435, -0.8241164186619709, -0.9823668247509847]]}