{"0": [[5.439846602109597, 2.0921143552914594, 7.466299906657274, 7.182536888160034]], "1": [[-6.400721123387966], [5.33715590070189], [2.626316832870358], [-12.29169342259427]], "2": [[-18.851145597615552, 3.1364955301325153, -0.08874867058953928, -12.13657776360437], [-39.35125031977705, 2.0348326882387564, -4.061959511045741, -19.78864819651863]], "3": [[-2.4880393665968765, -13.551333953355712]]}