{"0": [[0.5411676052438578, 0.31570651173165565, 0.5238982138918936, 0.5057920791782503], [-0.8310771630407736, -0.5207189289953592, -0.8766092311926545, -0.8762355027115943], [-0.33318155357023244, -0.19078958764634169, -0.3409192793584398, -0.30520353654947846]], "1": [[-0.8036050964234334, 1.3839244574816532, 0.4847985560806652], [-0.5017439202933026, 0.8583671886162543, 0.30771426153563175], [-0.29043233391460677, 0.4927767258141128, 0.1931692045403622], [-0.01779696320492729, 0.03925441884834642, 0.02276462232707055]], "2": [[1.1172746517694572, 0.6955133381121764, 0.4057165784640726, 0.02522072159518418], [-1.1361497214286698, -0.7194277409143317, -0.4059605294379369, -0.030473810249010008], [-0.6597929648796917, -0.3897936444802932, -0.21829143070251758, -0.03012404773476232]], "3": [[3.395218662867593, -3.438638604273279, -2.301495286140627]]}