{"0": [[0.5117114713777147, -0.5496023391767777, 0.8125274297239145, 0.7093329912880425], [-2.40655382970647, -3.4339408488084304, -3.1189379507439194, -3.237087300951779], [0.040703188235237414, -0.49684998354664905, -0.36153698131742246, -0.3783925319123263]], "1": [[0.9611893699664428, 16.782711702086477, -2.9215514424222118]]}