{"Train": 0.14931111317504717, "Val": 0.14720019357323755, "Test": 0.14840922889774905, "max_epoch": 4, "stop_reason": "Weight gradients converged", "num_hidden_layers": 3, "total_hidden_units": 8, "unit_combination": [2, 3, 3], "learning_rate": 0.2}