{"0": [[-2.494787220039283, -1.8088162160380155, -0.42196965036346323, -0.060431181578237916], [-2.448522430701309, -1.58165914757346, -0.3118000300200008, -0.49971556219296365]], "1": [[0.8333648961121595, 0.7710378005444518], [-1.813337223698243, -3.281225033186125], [-1.0139219364841723, -0.9008383773768801]], "2": [[-0.8690106603869563, 0.9158727716702444, 0.9732094515183648], [-1.0038778029789575, 1.8525169787119269, 1.1269079042456214], [0.0005235439090340799, -0.07620899236617185, -0.03591823467890003]], "3": [[-1.172902938469588, -11.091068540052678, 3.8214058826817867]]}