{"Train": 0.14931029280023733, "Val": 0.14719937424434693, "Test": 0.1484084098759815, "max_epoch": 24, "stop_reason": "Weight gradients converged", "num_hidden_layers": 3, "total_hidden_units": 8, "unit_combination": [4, 1, 3], "learning_rate": 0.2}