{"0": [[-0.903890706624617, -2.729807804828611, -5.0983383520030845, -4.817005460424972], [3.1377242602438304, 3.7790526467606913, 2.590920414802598, 2.3621025826600373], [-1.333503334298662, -4.49776570831221, -7.1399911087848515, -6.675169916482212], [0.45680351793037033, 1.7506684412800746, 3.5990650888895224, 3.5644517686716295]], "1": [[0.40133412310823563, -0.33967866517592904, 2.5257110925708943, 0.36694954554825293]], "2": [[10.075377419185903], [-1.8350856597938045e-31], [3.8614016121090418e-31]], "3": [[6.84579778257452, 1.8350856597938037e-31, -3.8614016121090295e-31]]}