{"0": [[-7.361518011420839, -9.854275103267064, -4.420677041102692, -5.35597832259162], [-0.8565223057535023, 0.6465040410353741, -2.4794925469022764, -1.4515009218260864]], "1": [[-0.31774222034738436, -0.6879434716759959], [-0.2844787881300693, -0.20364392817714155], [-0.24605103805460563, -0.19554261629948627], [-0.030465402263107972, -0.03578972761934316], [1.5311214562053257, 4.790477911714861]], "2": [[-0.35509240260821373, -0.3258309933691026, -0.28397118196946847, -0.035052775259992314, 1.7159918871984763], [0.008766777659157262, -0.0010096383794994477, -0.0067026835784124794, 0.01290508285702845, 0.023445674008530384], [0.39884280947290807, -0.01029117712162285, 0.00472503970938188, 0.009842056144898767, -3.452851812739724]], "3": [[1.929785327699549, 0.012595595895685645, -6.050680560452887]]}