{"0": [[-0.6991212736950878, -0.8080212368766062, -0.6358073822823495, -0.6368323439631952], [0.25278965596365555, 0.25657668003395145, 0.204972931303567, 0.2059914163569788], [-0.1684699642261368, -0.19938427426780506, -0.16300814587061915, -0.13549110267282252], [0.7614387357209926, 0.8457694444615457, 0.7177489194418524, 0.6827763900679997]], "1": [[-0.3607724652883006, 0.1444283788960019, -0.09350933307827176, 0.3950908293840178], [-0.8541042185974687, 0.2499648181996667, -0.17625573298861102, 0.9467969537908102], [-0.5887200110263783, 0.15292274681787607, -0.11577730994316612, 0.6624336053240663], [-0.248064621434288, 0.07727072875071267, -0.05682561800355757, 0.26513492872502115], [1.1450058751109478, -0.33633488233532616, 0.2534271209350985, -1.295109642173144]], "2": [[0.8424046882961232, 1.6409882511964067, 1.5386359787822343, 0.4987767892816242, -1.5467065210881419], [-0.3636987718565456, -1.3423770826179855, -0.8915742663721395, -0.21619794493316297, 1.8861485078213145], [-0.9360371564685175, -1.8674125276874933, -1.7351396639573895, -0.5676165169359286, 1.7473658388018294], [-0.6026349905339794, -1.1794476843531, -1.1467863591717145, -0.36828434625479206, 1.090971789398502]], "3": [[-7.742469893123651, 7.292420234591284, 7.941251833496478, 7.304404705891987]]}