{"Train": 0.16813617816928791, "Val": 0.17001718609358493, "Test": 0.17275708895332353, "max_epoch": 9, "stop_reason": "Weight gradients converged", "num_hidden_layers": 3, "total_hidden_units": 8, "unit_combination": [2, 5, 1], "learning_rate": 0.2}