{"0": [[-6.686878740171665, -5.110859714378707, -4.810074147075807, -4.468098666417377], [-8.526540290930798, -7.241976930763488, -6.330587107360708, -5.893372345060628]], "1": [[-0.2868267657862576, -0.6495847275439237], [-0.3699127565412074, -0.841924222579312], [1.0475754117256688, 2.25403947632465], [-14.734470443399642, -16.9855555614531], [0.32866503500078703, 0.8232852450745278]], "2": [[-0.691049319474256, -0.8979530062293495, 2.3266070857158314, -2.141470232964702, 0.9250327321223184]], "3": [[6.953657863462827]]}