{"0": [[-0.7591730327398986, -0.1068889901926337, -0.3030798381305007, -0.3887041107574343], [1.2359388215297906, 0.32229863868590974, 0.923634027432333, 1.0890883873884627], [-0.9626605662685483, -0.18604444311774143, -0.4718053177227881, -0.6091940390723468], [0.19952833351747074, 0.046355139119616265, 0.0549881169001825, 0.09737452486072301]], "1": [[-0.09742232626072928, 0.13808526941902666, -0.11601141848805518, 0.019067474998789954], [0.1476110623350324, -0.1872129871198159, 0.17736572805107237, -0.0382407591596991], [1.0794115616624138, -2.38802511084451, 1.470155229899174, -0.2871076920706811]], "2": [[1.0710074951171773, 0.1058317224652427, -2.712994608579794], [2.654330385046215, 0.8367860100324475, -5.742409810719982], [-2.592896221011496, -0.8614496531290361, 3.0413904303726067], [-2.9806303334785476, -0.9884370521789191, 3.4742851275099675], [-0.8261231344024536, -0.09412740816991623, 2.423038691151496]], "3": [[-0.3062004910795366, -22.354787072244733, -3.9928830281656875, -4.936416913581156, 7.626150889088743]]}