{"0": [[3.0291553020858415, 2.640204941766291, 2.923728031202457, 2.855500630209078]], "1": [[4.2275853733908]], "2": [[2.9045306768820898], [-1.0100383139993652], [3.260006343405817], [0.15929325619095533]], "3": [[-3.43581907777699, 1.079525395556843, -3.9048180175024365, -0.1597514779169577]]}