{"0": [[-0.7754878235355785, 3.198269276619955, 2.6848742688474942, 1.9202011500709413], [-0.0986027060876378, 2.2751553499552153, 2.035240495442023, 1.4843431131406237]], "1": [[2.635859156387389, 2.661869828854797]], "2": [[8.424275528153467e-22], [-5.619263957869823]], "3": [[-8.42427552818748e-22, -1.6070442823839266]]}