{"Train": 0.14931111279411366, "Val": 0.14720019319384547, "Test": 0.1484092285176059, "max_epoch": 3, "stop_reason": "Weight gradients converged", "num_hidden_layers": 3, "total_hidden_units": 10, "unit_combination": [2, 4, 4], "learning_rate": 0.9}