{"0": [[2.496246270353882, 1.5631378583701074, 3.4002729148184425, 3.4718390605650655], [-1.0605025290167815, -0.62340380467682, -1.065382882695795, -1.106686943064448]], "1": [[0.8942785325608213, 0.12334720462236134], [-3.908418746592673, 0.660035217733141], [0.05217014163564192, -0.003647721935895158], [1.225593028401942, 0.06237784779878284]], "2": [[-0.14739876157843382, -0.15481630945246416, -0.006952277807851789, -0.13143856464853593], [-0.4928774846389546, -11.881200010872867, 0.057797543497682756, 0.9532198560246993], [-2.3507598663487923, -2.9026923077658586, -0.005886084713904764, -1.7561032852952771], [-2.3614777507853355, -2.9303693477313075, -0.008588148739208407, -1.770709563716785]], "3": [[-0.01832193499458082, -10.954696971574755, -1.7890900890503718, -1.812408430396542]]}