{"Train": 0.16813647142253516, "Val": 0.17001748002495076, "Test": 0.1727573850657419, "max_epoch": 9, "stop_reason": "Weight gradients converged", "num_hidden_layers": 2, "total_hidden_units": 3, "unit_combination": [2, 1], "learning_rate": 0.5}