{"0": [[-0.5738680845335569, -0.6492252067926769, -0.4408625303487073, -0.7681078361984472], [-2.3689620450546713, -1.052303332512008, -4.328843990652172, -4.52686509311372]], "1": [[0.5665405892917635, 3.474726543257428]], "2": [[7.272005419963651]]}