{"Train": 0.16813679481794802, "Val": 0.17001780409487863, "Test": 0.17275771086040748, "max_epoch": 3, "stop_reason": "Weight gradients converged", "num_hidden_layers": 2, "total_hidden_units": 4, "unit_combination": [2, 2], "learning_rate": 0.9}