{"0": [[0.46943957924110163, 1.2153811021582193, 0.6015774969254779, 0.6184895376103027], [-0.5521872887123955, -1.3798614088942953, -0.6811643193810638, -0.7080257961664163]], "1": [[-1.470469908632005, 1.6800390865834984], [-0.03168992924605203, -0.019512617945929376]], "2": [[9.140095409896457, -0.008153313000511626]]}