{"0": [[-35.316786999925945, -2.9628604024913634, -3.0893545478066766, -14.74767108408076], [4.661642055166808, 1.2539651958283464, 0.8001414485496889, 2.3583251039809845]], "1": [[2.5418831212933317, -0.9961242054944672], [6.275865859158003, -7.027797828975655]], "2": [[13.403294892713102, -8.427344304721196], [-0.0828112472188094, -0.23448779479827347], [-0.12291544372528963, -0.4204909210416775]], "3": [[13.877504506029588, -0.4741193534089746, -0.34718194301815386]]}