{"0": [[-0.7601682923344026, -1.4667656389154293, -1.2804822167980394, -1.1178118829469241], [1.643569846376306, 1.222802046101285, 0.09545462632897571, 0.38190229870353565], [-0.5082232978391823, -1.0973973690666474, -0.7122142165921689, -0.6496712327921106], [-0.31677758245290116, -0.9776266786335434, -1.4062350691707062, -1.2118615730355335]], "1": [[-0.34560433629342163, 0.33285536552766315, -0.26626656825412964, -0.3023255861773838], [-1.6072388953596408, 0.2801575883544256, -1.47687309915808, -1.53986885853839], [-3.8179028071669086, -3.1661220921749074, -2.1425846879869765, -4.557485906178362], [-1.041961505842935, 0.9460374237182825, -0.9603375584494825, -1.037483479108987]], "2": [[-1.404855128143097, -0.621835578249335, 7.766518160448797, 0.1389571445328568], [0.8448024669589589, 0.7332145942708045, -0.09382417843177941, 0.6185144349670023]], "3": [[-6.083448179432839, -0.7912021474269394]]}