{"Train": 1.475865890126118, "Val": 1.4761823609743145, "Test": 1.4737142765000395, "max_epoch": 3, "stop_reason": "Weight gradients converged", "num_hidden_layers": 3, "total_hidden_units": 8, "unit_combination": [2, 1, 5], "learning_rate": 0.5}