{"0": [[-0.24708818776036345, -0.162659754397958, -0.4778695359017139, -0.444375763083094], [1.1473547552941423, 0.4418544186369003, 1.6049931884780078, 1.566011762788007]], "1": [[-0.8399597716205301, 8.523603243449537]], "2": [[1.9643924880435724], [3.233996950191825], [2.6023923718528046], [-6.364890147289296], [-2.6465446787789473]], "3": [[2.2436866007038856, 8.712739289955579, 3.8089517104220376, 5.038103762583409, -4.589905323607394]]}