{"Train": 0.14931111317959556, "Val": 0.1472001935777707, "Test": 0.14840922890227637, "max_epoch": 3, "stop_reason": "Weight gradients converged", "num_hidden_layers": 2, "total_hidden_units": 10, "unit_combination": [5, 5], "learning_rate": 0.9}