{"0": [[-1.3153670295497384, -0.8259566100845868, -1.222452083970088, -1.353019325055336], [1.5939816409338978, 1.0884902857810699, 1.5521605167791463, 1.7226405606011095], [2.228881411125767, 1.9480387982668206, 2.779458715504064, 3.060988155142413], [1.0279795908413984, 0.6057242939710248, 0.9006598670068906, 1.0118440780194766], [-1.119277543621241, -0.6926830509967591, -1.0108947216091426, -1.1415379029095292]], "1": [[0.6271355652575615, -0.6279178775136759, -0.6281629612988965, -0.5794114590203504, 0.6042883893063621], [0.7188746483045074, -0.7186845078292198, -0.6959669248096733, -0.678675605397861, 0.6954476143815665], [0.05887949061271883, -0.10449015215424602, -0.5316759580785148, -0.01342658243443065, 0.02411888597621024], [-0.924908307303929, 1.2723267670772902, 3.9040410817350235, 0.6149891381486059, -0.755298919229693], [0.4844257562634478, -0.47866980315869867, -0.2736965212793241, -0.4377532219257354, 0.4599821055573663]], "2": [[3.3004351717779747, -3.144464750683214, 3.554457359534955, -6.641314725908192, 4.3132802527300775]]}