{"Train": 0.11354966668168186, "Val": 0.11344648773480688, "Test": 0.11335233101493887, "max_epoch": 3, "stop_reason": "Weight gradients converged", "num_hidden_layers": 3, "total_hidden_units": 9, "unit_combination": [2, 3, 4], "learning_rate": 0.9}