{"0": [[0.21850634246389775, 0.044346182551538306, 0.28454356024587174, 0.26561004682383704], [-1.2563101173726483, -0.022709685452673923, -0.37355345249718447, -0.5100608198199298]], "1": [[0.2868476734781006, -2.202793228751897], [0.2620001881607368, -0.9410604407556966], [0.14534205032889475, 2.527350250494796]], "2": [[-2.2048190021990925, -0.6480839299800973, -0.0010556038260470387], [1.066618351279599, 0.36304142760383373, -0.7785040668122926], [-1.1815992421282386, -0.37075185580968534, 0.7167220455775782], [1.9125332124248862, 0.6382547247585666, -0.1917613821097095]], "3": [[4.030556740298019, -2.7703614318907426, 3.7920656228425704, -1.5086555989638761]]}