{"Train": 1.462941541150336, "Val": 1.4611522503950325, "Test": 1.4617261496130742, "max_epoch": 4, "stop_reason": "Weight gradients converged", "num_hidden_layers": 3, "total_hidden_units": 7, "unit_combination": [3, 1, 3], "learning_rate": 0.5}