{"0": [[0.12082814080792244, -0.09821315313553111, -0.5386195997848304, -0.566880881268809], [0.20194313663997523, 0.14297511007447572, 0.7801750280372097, 0.8149499520388969], [-0.05964200761268471, -0.030864580208446186, -0.2199355994480658, -0.21217671981236455]], "1": [[5.182438052055699, -6.337473594299141, 2.4274706359941924]], "2": [[-2.45827046641141], [0.04592718306046412], [1.5577784063919022]], "3": [[3.5152641482619846, -0.07586588232897884, -9.307738594897137]]}