{"0": [[0.25369126061215935, -7.0629544493815954, -5.12415436810738, -4.837107910894506]], "1": [[-2.606030998139455e-12], [-4.177064560890865], [3.0054122597394656e-11]], "2": [[-2.606030998139455e-12, -6.72457265546081, 3.0054122597394656e-11]]}