{"Train": 0.1493111121706848, "Val": 0.1472001925853921, "Test": 0.14840922776714702, "max_epoch": 3, "stop_reason": "Weight gradients converged", "num_hidden_layers": 3, "total_hidden_units": 13, "unit_combination": [5, 4, 4], "learning_rate": 0.5}