{"0": [[0.3547134526316678, 0.10656579279809973, -0.015752254972284052, 0.009980705352611365], [-0.6848972944468866, -0.3241468333754122, -0.08253629650427222, -0.1742380135853272], [-0.7599641084286963, -0.37868563366631014, -0.11495781085083075, -0.2234155439797207], [-0.8800292231999767, -0.6812386689014028, -0.3644814581019127, -0.508858102356264], [0.4560005852746116, 0.18060589538310629, 0.004785432457705084, 0.05349922516819814]], "1": [[0.2062442121661294, -0.39561666357488073, -0.41492581450959376, -0.5171337778416665, 0.26587964654716445], [0.06937799851148764, -0.20123766912729252, -0.20011690406255578, -0.2885343241669229, 0.112006611750373], [0.2921313867278694, -0.671872730952725, -0.7852650430220532, -1.3040200994083972, 0.400575149313431], [0.018696648382480984, -0.07102729416364245, -0.10457396791767255, -0.1409185472287827, 0.04707535572526095]], "2": [[-0.7239047825260665, -1.046414662210672, 0.8386742428553543, -0.9920634003553669], [0.23497704529670366, 0.7572101171921191, -2.452559656359163, 0.8652154385013434], [-1.1388893219945373, -2.1883435951543815, 2.5347388824817805, -2.264833388180498], [-0.7633758389757346, -1.156713257309684, 1.017319349795981, -1.1381330103871181]], "3": [[10.902421958496648, 15.423370165949972, 4.667431099505094, 10.915920654792394]]}