{"0": [[-1.2461547000823472, -0.4865127185897883, -3.170504495245616, -2.811531399834488], [1.950275646242352, 0.8001329987756097, 5.290954471512256, 4.6842735295263775], [-1.570151181489033, -0.6365939077344798, -4.074544575532587, -3.617990651035587], [-1.6067322401574615, -0.6520613713047705, -4.123381858015596, -3.6766407249912616]], "1": [[2.249438327911605, -5.660524356618915, 3.3278327380302963, 3.677825694912766], [2.0107333651093606, -4.992302485936634, 2.9565548569438813, 3.293836604793777], [-1.2813469693411164, 3.0158464152676765, -1.8551269563336739, -2.024937617265237], [-1.2963317336341815, 3.462151427712587, -1.9670446577594145, -2.2007703983410956]], "2": [[2.0743487250394623, 2.2390612367539067, -2.515957223768843, 1.4964704669087259], [-3.2730626636417233, -1.9169783013305755, -0.41697818547554844, 3.752249168275261], [4.877003213943058, 4.29740516587525, -3.3508314181645558, 0.23395455003324728], [-7.949591355148549, -5.493122862392768, 1.279505969710312, 5.848229442189972]], "3": [[-8.473452993425397, -10.025612823591269, 20.67669518324468, -11.38208031044532]]}