{"Train": 0.1493111131822433, "Val": 0.14720019358041941, "Test": 0.14840922890494457, "max_epoch": 4, "stop_reason": "Weight gradients converged", "num_hidden_layers": 3, "total_hidden_units": 8, "unit_combination": [1, 2, 5], "learning_rate": 0.2}