{"0": [[-2.752746042368557, -3.227596146375686, -6.443900525061294, -4.843654249290743]], "1": [[0.7853499653321278], [14.998490616514879]], "2": [[0.9169143316255062, -0.6888744713960692], [-2.744313531734464, 3.421591666600519], [1.1729112701366966, -2.424654445710626], [-1.9212910238390064, 1.7423255284030013], [-1.878747983676366, 1.7820810779389757]], "3": [[-1.5915523756184116, 14.598261673137682, 1.367120175315912, 1.9631904866664383, 1.9504602128634705]]}