{"0": [[0.7592333107709763, 1.1468635114945795, 0.7888570531737749, 0.7737141681901052], [-0.6402103405304609, -0.9710665789291187, -0.6533041780302677, -0.6448275808038405], [0.855088195963731, 1.2739976959339891, 0.8706248536949639, 0.8345369192112039], [-0.11784821635666617, -0.24807798993729652, -0.1335221707583293, -0.1335951690951341], [-0.04952412871828633, -0.07831959252865173, -0.018025157121766413, -0.03206959936088402]], "1": [[-0.13770572015294563, 0.05863151604724781, -0.18636340315947203, -0.012082898109200671, -0.0007399365982612705], [1.841897044412867, -1.554179943595533, 2.0373053771889476, -0.38042090621507635, -0.10834183900978256], [-0.3871599068428466, 0.38386406876941537, -0.3587631532896441, 0.1619202439368662, 0.04640239530167453]], "2": [[0.6983218296686369, -2.3629645489224247, -0.4627493073500766], [-4.304850379769871, 5.052426801528959, 3.4227529359152293], [2.395136217601266, -3.1023769949005624, -1.892336787385275], [-0.07276088679950637, -0.9907893193993722, 0.14447797159407427], [-0.2987108728756485, -0.7330258857168801, 0.3056609342009367]], "3": [[26.300718998567138, 8.177042541380764, -5.25548486703969, 24.841547060371692, 24.597304364123996]]}