{"Train": 0.14931111307093983, "Val": 0.14720019346925634, "Test": 0.1484092287938226, "max_epoch": 3, "stop_reason": "Weight gradients converged", "num_hidden_layers": 2, "total_hidden_units": 4, "unit_combination": [1, 3], "learning_rate": 0.9}