{"0": [[1.441005140694814, -0.8309993335612941, 2.595594084901288, 2.3672932598412286]], "1": [[-4.88148427466412], [-0.05404356885603857], [-5.998036487003346]], "2": [[6.135072827941644, -0.3912957414738932, 5.183698471004451]]}