{"0": [[1.4152111787607664, 2.0846349213173245, 1.6807294672969244, 1.6622941696045754], [-0.6017485685419363, -0.8937338127082882, -0.7268396783383263, -0.705343039688244], [1.6529851004369087, 2.471100002015578, 1.9927331223746698, 1.9872640605059226]], "1": [[-2.2660490830532902, 0.8737385450427264, -2.825989087289205], [1.0491891404518556, -0.41626451626662236, 1.3126831856360046], [-2.8748794128777964, 1.1412181242651103, -3.619317088595637]], "2": [[2.2669143450012568, -1.0216431020388694, 2.9980035004838728], [-3.1423655494506937, 1.4125292888684047, -4.118385813964531]], "3": [[3.9599678610640665, -5.5600890402545575]]}