{"Train": 0.16813680973800457, "Val": 0.17001781908965652, "Test": 0.17275772670073403, "max_epoch": 13, "stop_reason": "Weight gradients converged", "num_hidden_layers": 3, "total_hidden_units": 5, "unit_combination": [1, 3, 1], "learning_rate": 0.9}