{"0": [[-1.8566238105785466, -0.09127107568115614, -2.0151676790162845, -2.0152198292649053]], "1": [[1.8948211314311565], [3.4137446364744033], [-0.6849810026570585]], "2": [[-1.915697635950504, -3.5586001154170845, 0.6845997120870105]], "3": [[-12.201380901787536]]}