{"0": [[-4.05747445347052, 0.6495726523635663, -3.7792671349108145, -3.809654322094265]], "1": [[-2.3340151817488652], [-0.4142542802941587], [3.689521883978859], [4.11767914183478]], "2": [[4.545302681561643, -0.571942061255548, -13.036536274105062, -13.966110313006375]]}