{"0": [[-0.9481494719659724, -0.18291202668280473, -1.0459380472819528, -0.9963977618998868], [-0.09053921349425643, -0.005613113660361374, -0.10759968566087189, -0.11195584376053129], [-0.18659159595704441, -0.027726878553336796, -0.156581012040306, -0.17574579845615826], [-1.224481932183228, -0.23907138697292668, -1.3415168027225473, -1.294959300097336]], "1": [[1.8196070745971533, 0.18482741381830703, 0.28279632599795473, 2.4213872333209387]], "2": [[-0.14342614382427848], [1.5721413126954116], [-2.4403077917269567], [-0.0906270501028359]], "3": [[0.24972692692119783, 12.686334415818202, -13.561390290728959, 0.16842540034006198]]}