{"Train": 0.1492967085211563, "Val": 0.14718580728523428, "Test": 0.14839484800245442, "max_epoch": 49, "stop_reason": "Max epochs reached", "num_hidden_layers": 3, "total_hidden_units": 7, "unit_combination": [2, 4, 1], "learning_rate": 0.2}