{"0": [[-0.031200655747617483, -3.3395744988266434, -1.9498431268772276, -2.0400905376514795], [-0.07182722263750023, 4.863578095595928, 3.2046381300359497, 3.3616671485190808]], "1": [[-1.179802823487724, 1.2334479553083346], [-0.3967869357131327, 1.2180128081323296], [-1.8350533484648317, 1.84509233566499], [1.4209290217306636, -1.3701981257035123]], "2": [[-2.7994494190140236, 4.036475632180642, -5.372478505603494, 3.072733520655241]], "3": [[5.412997881868669]]}