{"Train": 0.1135496650893407, "Val": 0.11344648605718384, "Test": 0.11335233042661969, "max_epoch": 3, "stop_reason": "Weight gradients converged", "num_hidden_layers": 3, "total_hidden_units": 10, "unit_combination": [4, 2, 4], "learning_rate": 0.9}