{"0": [[0.6919194266705277, 0.6585736223242684, 0.6298470130343196, 0.6364694084939159], [-1.2119122811282663, -1.1968525442974094, -1.158985007962333, -1.1483179556265015], [-0.009804448474732318, -0.03303365958413152, -0.016548378535591532, -0.035309991280444486], [1.311323467561273, 1.3098012189064663, 1.2604927714773155, 1.2558543871079253]], "1": [[0.5741070618665716, -1.1627276112890097, -0.019006455155376172, 1.3350779894434843], [1.2411429512828747, -2.4856255693371088, -0.036107079473796745, 2.8382646131507845]], "2": [[1.55923981447473, 4.017484656785338], [-0.6344597136196088, -1.624965522923264], [-0.8479413864476762, -2.1799340065068304], [-0.36672052539574745, -0.9694802576429654]], "3": [[-4.806203842279133, 1.7678590750170153, 2.3991675242111135, 1.0377992301174699]]}