{"0": [[0.5006969298972601, 0.588553410655228, 0.5090354388660501, 0.5040927343667962], [0.7912207152590978, 0.8688053369091552, 0.7361529413679124, 0.7145088728115642], [0.4043859901782197, 0.42254779634215794, 0.3924519778469155, 0.37851963643620445], [-0.29701741918834224, -0.32897395110861083, -0.27916703628270484, -0.29491819441303274], [0.2337710071310478, 0.2585258950688515, 0.21907273584905543, 0.20819271457077265]], "1": [[-0.8314466501579972, -1.248924180433621, -0.6223385106087014, 0.4620953041589563, -0.36859489455250155], [0.33466050985470314, 0.5159205459960762, 0.26332639643010597, -0.2048877957233274, 0.14915362276175168], [0.534615528496858, 0.833374603891432, 0.4076127636923897, -0.30356534530286927, 0.21548908039612816], [0.23529148131910313, 0.3609677970023998, 0.1556064010467202, -0.12499392435435397, 0.09834914052309786]], "2": [[0.5725800458448678, -0.19485736469080445, -0.34246578774166603, -0.10472184469648993], [-2.146869453984443, 1.1147475544297802, 1.544518452545956, 0.8334141042460194]], "3": [[17.530283085651654, -22.175718313511013]]}