{"0": [[0.5533765019865426, 2.215073200898726, 1.8293586874998282, 1.9477113383189653]], "1": [[-0.020278124794365197], [6.464627192734307], [-0.055926987889433066], [-0.04308140338801262]], "2": [[0.01877555024826448, 0.09002375644266422, 0.0009276494283680951, -0.02637830909940976], [-3.190288110526694e-08, -8.462448257389845, -2.1599997843616526e-08, 2.0724107934530582e-08], [-0.016789088732252953, -0.24641568598868602, 0.008807715369044471, 0.042337782471016217], [-0.022357509787829924, -0.24115279307079246, 0.011694380221141925, 0.04493344018278765], [-0.030195343290623282, -2.3326553210118632, 0.011467581121716143, 0.060408758702641396]], "3": [[0.9680280995389433, 8.827226407309086, -0.8190312158021984, -0.8079265854283577, -0.30747012162200543]]}