{"Train": 0.1493107412632748, "Val": 0.14719982213562247, "Test": 0.14840885759937494, "max_epoch": 3, "stop_reason": "Weight gradients converged", "num_hidden_layers": 3, "total_hidden_units": 8, "unit_combination": [4, 1, 3], "learning_rate": 0.5}