{"0": [[-2.7856775568606977, -0.1304324508589931, -2.015831831200731, -2.275501243362475], [-2.17175957427461, -0.09017437509460845, -1.6031461202321065, -1.8498227197660886], [-0.0413232406187896, 0.000937491573079152, -0.011707150473797947, -0.042635382393837885], [-3.1292344796363385, -0.13952483969656174, -2.3126754914453644, -2.5007211216169085]], "1": [[8.722047184265726, 0.45440421070015413, 0.2570318014576238, 1.9371485973835452]], "2": [[-0.014593413064736617], [-0.15029341655827388], [3.708117752176904]], "3": [[0.0026280426672087402, -0.006030791688623818, 7.249198677700597]]}