{"Train": 0.16813680944284953, "Val": 0.17001781879398106, "Test": 0.17275772640246037, "max_epoch": 3, "stop_reason": "Weight gradients converged", "num_hidden_layers": 2, "total_hidden_units": 8, "unit_combination": [4, 4], "learning_rate": 0.5}