{"0": [[-0.2683048692581982, -0.4197575592146836, -2.395937153226539, -2.461850803898198], [0.2599647614930279, 2.22410038854163, 1.4102532314495524, 1.4974691750675655], [0.3147299386781646, 0.49306432695116764, 4.837758029600412, 4.9082578479700665], [5.04239507027079, 7.060065163364017, 3.7247923660696545, 3.7689976774225427]], "1": [[4.7388750665926835, -1.5993732638677853, -6.215940653501868, -7.262171781974346], [-0.7419260205528984, 0.17039648187145598, 1.4376805229500542, 1.0758353536072027], [3.482196839804833, -1.1739244723203224, -4.632639022464314, -4.462122397377872], [1.2590067178853859, -0.5386174178225303, -1.3033119564242734, 0.36989790402191985]], "2": [[4.50174395702592, -0.4655656414027239, 3.275088581861838, 2.544176306732965]]}