{"0": [[9.529192127185864, 0.7134104630666723, 18.408573377397442, 18.505203622641734], [2.770412642657025, 0.20958126199948485, 5.496482357528747, 5.551761633204218]], "1": [[6.80181230665015, -1.502773384608083]], "2": [[-2.065603448110455], [-1.4403693553314134], [0.3465025494982478], [-2.6879465610306386], [2.74531769607742]], "3": [[-1.8000825929828084, -1.2376387489137382, 0.2691075225200095, -2.6474898454377107, 2.3433541613501654]]}