{"Train": 0.11354966699060219, "Val": 0.11344648796288478, "Test": 0.11335233233118899, "max_epoch": 9, "stop_reason": "Weight gradients converged", "num_hidden_layers": 2, "total_hidden_units": 10, "unit_combination": [5, 5], "learning_rate": 0.2}