{"0": [[-2.117136559670966, -0.16071137415748343, -1.2964887715934277, -0.9018330232377154], [3.290306587686396, 0.10138609143783328, 1.749952416494777, 1.263938205270063], [-1.7078558027711108, -0.22311883494502469, -0.9664757097677452, -0.6260189306276942], [0.4005908410613805, 0.2070744411329987, 0.2834130019181495, 0.16125184087142547], [-0.006107612200445832, 0.019882964071882454, -0.002889780754840353, 0.006602375494994984]], "1": [[-1.365862220097886, 1.660391474799547, -1.257009696013942, 0.3156748417222126, -0.006670920920357348], [-3.1939772839651304, 4.132980021911377, -2.8436925841112406, 0.7077615342081038, -0.018994715341387164], [-1.9829036398796838, 2.1490283746946575, -1.8183746675963994, 0.5685248448755288, 0.0024583333540403656], [-3.36520222691665, 4.313450596818831, -3.007862908325225, 0.7596723814855908, -0.018241602632875203], [1.9820119339446025, -2.4283725179616718, 1.7821051124517138, -0.45732458383127567, 0.009562365973656803]], "2": [[-5.1505655397092465, -8.423105573655615, -8.791646520309383, -8.088867391857125, 5.478384514355291]]}