{"Train": 0.11354948328670794, "Val": 0.11344630392720034, "Test": 0.1133521482612263, "max_epoch": 3, "stop_reason": "Weight gradients converged", "num_hidden_layers": 3, "total_hidden_units": 14, "unit_combination": [5, 5, 4], "learning_rate": 0.5}