{"0": [[0.830304258222957, 1.2891557088686698, 0.809354599853173, 0.7160733308667753], [0.6176924378025113, 0.9706858251034689, 0.6060044056217087, 0.5513203350000673], [-0.9063711555697967, -1.4051400448683522, -0.8790893428963157, -0.7604509157255762], [-0.0878687939867492, -0.1381682975561064, -0.06931044467961375, -0.08657995856141214], [-0.07445043447397034, -0.11810067869849232, -0.06524921272931622, -0.06179957546485569]], "1": [[-0.25987898018699873, -0.18989180463160976, 0.2963530164957899, 0.024975634225657455, 0.018209513803598296], [0.5654444184233732, 0.390582455934788, -0.6482919756552099, -0.04921727779034096, -0.03427859384905806], [1.7443803521678682, 1.195429692544633, -2.0051094631972246, -0.15769197263282, -0.13028312065489006], [-0.22003639955406254, -0.15088651715003687, 0.2405217976973858, 0.015984051621375908, 0.012721141882392905], [-1.1711602279305329, -0.8097593346919053, 1.340259263328568, 0.10438784271686331, 0.09671167847070247]], "2": [[-0.19408739208798145, 0.3924987831351392, 1.5091514520159919, -0.15334310446667884, -0.9013155617116835], [-0.031621513348738604, 0.07167295734967392, 0.2957345135628926, -0.027452247870020825, -0.1719303399628577], [-0.3451222181558945, 0.7655111204300511, 2.775955323523859, -0.2886476088510716, -1.6419009306589585], [0.18946729057424175, -0.4262173689566284, -1.4914607610156365, 0.15584414390993645, 0.8954234663043944]], "3": [[-1.8502383030834806, -0.3495536029027124, -3.6947758652946496, 1.8420730684000761]]}