{"0": [[-0.605948351438596, -0.5249862532934242, -0.586925858998041, -0.6058177325551816], [-0.8490406698506979, -0.7263803296111526, -0.850506112932539, -0.8116842109936195], [0.5575816023761901, 0.48735548310065885, 0.5433340063855456, 0.5383089569532247], [-0.6319842633453504, -0.5403628652439699, -0.6151854977218317, -0.615499396027646]], "1": [[1.1983830997306242, 1.7316381229008921, -1.0912899370606075, 1.243459762312291]], "2": [[0.44043673623677004], [2.623192047462006], [4.043086770968928], [-2.7504201391162737], [2.4799856754746963]], "3": [[-4.64817504940143, 4.436800552735944, 18.39813828145116, -3.825459894534726, 2.8930265876603105]]}