{"Train": 0.14930881809883473, "Val": 0.14719790224351503, "Test": 0.148406937302051, "max_epoch": 7, "stop_reason": "Weight gradients converged", "num_hidden_layers": 3, "total_hidden_units": 8, "unit_combination": [1, 5, 2], "learning_rate": 0.2}