{"0": [[0.4816173235182144, -3.6740866728050285, -1.8369931986151065, -1.8880592049280234]], "1": [[0.19794760415712997], [0.008397549603781177], [0.01670390871322558], [2.1999654834222904], [31.06732200989855]], "2": [[-0.4220849858034495, -0.039422912985458435, -0.04004650170726195, -3.000579117192351, -1.6784395680911302], [0.14446013920974235, 0.006107968360951472, 0.014157891053175836, 0.5871258723720365, 0.630618846302643]], "3": [[-5.92033153809189, 0.49110222345238635]]}