{"Train": 1.4245372537177285, "Val": 1.4233503705742383, "Test": 1.4248307236891968, "max_epoch": 3, "stop_reason": "Weight gradients converged", "num_hidden_layers": 3, "total_hidden_units": 7, "unit_combination": [2, 1, 4], "learning_rate": 0.9}