{"0": [[0.825698696959219, 0.4685686246025935, 0.5498909822727438, 0.5376646861876754], [-0.04004629900813658, -0.017893401180732234, -0.07951054400663853, -0.08826629481127463]], "1": [[0.19836276238516745, -0.12283527599117863]], "2": [[5.370989691246895], [-6.110575423977083], [11.224041525829344], [-0.8819447100752023]], "3": [[-30.393598955554072, -23.685413261885017, 20.867361243679227, -1.0803107263340224]]}