{"0": [[1.195964182964251, 0.30569013050942806, 1.0387725270945316, 1.0326697915685077]], "1": [[-1.2582798165188271], [-0.7145235169616415], [-0.6349312338241191], [-1.128685388532269]], "2": [[1.1112276045536569, 0.6556399748356446, 0.588544799871667, 1.0012546349785407]], "3": [[23.493221825066698]]}