{"Train": 0.14931111318134618, "Val": 0.14720019357954647, "Test": 0.14840922890262034, "max_epoch": 3, "stop_reason": "Weight gradients converged", "num_hidden_layers": 3, "total_hidden_units": 13, "unit_combination": [4, 5, 4], "learning_rate": 0.9}