{"0": [[-0.02730860097162143, 0.05840484029981427, -0.025076070021098355, -0.03131171208439825], [0.5686883899367184, 0.8659541022186946, 0.4600256880332186, 0.44228728941043044], [-0.27398327241155285, -0.5797395786398694, -0.20469758819243392, -0.19827548472438342], [0.0031912777892220117, -0.0026342381340650626, 0.00069570424007012, 0.013448154293222074]], "1": [[0.09303461187639993, 0.82175924354531, -0.7151943430105229, -0.0033929508780619505], [-0.04114466787304469, -0.46023656245565064, 0.3742705642311061, -0.009547413405943483], [-0.05640093512485987, -0.37868780035080263, 0.24977581503952023, 0.007452363070232355], [-0.016693500491388267, -0.3595054783223668, 0.3327389721168461, -0.01695695049795389], [-0.03180464449446002, -0.16233370698158947, 0.0808624336977323, -0.00959684270661485]], "2": [[-0.7835990438336206, 0.25498485256155723, -0.6935616242956282, 0.7746430641247344, -0.7020775172771576], [-0.6395453903986891, -0.011419490606862606, -1.6350476007069255, 1.101216088679851, -1.4960440333651102], [-1.0178206774994447, 0.29513185640538886, -0.9932771217235756, 1.0284207451923306, -1.0003135134791357], [2.7069431512015236, -0.5623139439817827, 3.3842806014230495, -3.117148890398499, 3.3153347634394197]], "3": [[12.221898002444084, -18.440413332239928, 12.255071030273857, -9.824680213240217]]}