{"Train": 0.1681368097552138, "Val": 0.17001781910690464, "Test": 0.1727577267181116, "max_epoch": 3, "stop_reason": "Weight gradients converged", "num_hidden_layers": 3, "total_hidden_units": 9, "unit_combination": [5, 2, 2], "learning_rate": 0.9}