{"0": [[0.600338649855393, 0.38003561416964043, 0.7775525077055923, 0.7880100102877162], [-0.15252092697960482, -0.10004704395925307, -0.18904943261841203, -0.175769787344148], [0.19263331773277204, 0.10313403701246422, 0.25822193415528344, 0.2299094295109442], [0.9592723607893165, 0.599988501307763, 1.2429101860709963, 1.2416084204512716], [0.07700892270575407, 0.061733050261787915, 0.12087403165416431, 0.10120974106502205]], "1": [[1.0893117863776505, -0.2678309524793546, 0.34122185026873186, 1.7552892753770781, 0.1613262041884948], [0.7074131109318109, -0.1543765123029921, 0.21320462285039676, 1.1950421473018238, 0.10080609470581203]], "2": [[3.5947313990099303, 3.433530831209557], [2.4903583031619347, 1.910580323128333]], "3": [[8.553879614105856, -22.851410987109134]]}