{"0": [[-0.4881298349939367, -0.9409516959539186, -0.5324459457493758, -0.5518696271470374], [0.5655146238447561, 1.1173952092794397, 0.6516238154608984, 0.6462105833888789]], "1": [[1.0688604988927553, -1.4436827250961948], [-1.0899623569570944, 1.448508829083598]], "2": [[-2.0688865877957032, 2.1004193887542892]], "3": [[-10.548676537382661]]}