{"Train": 0.11354966679893364, "Val": 0.1134464877713383, "Test": 0.11335233213876005, "max_epoch": 3, "stop_reason": "Weight gradients converged", "num_hidden_layers": 3, "total_hidden_units": 10, "unit_combination": [1, 5, 4], "learning_rate": 0.9}