{"0": [[1.3393733258964438, 0.5441263593918231, 1.0390781944435319, 1.2235998017060603]], "1": [[0.48498764908524805], [0.41118802361400686], [-1.785079022359498], [-2.2988785377206202], [-1.6738095734456535]], "2": [[-0.014712598387595985, -0.019327834819954263, 0.11532351768355179, 0.16003558886429342, 0.10400643738354749], [0.04135405366159261, 0.04886152338990349, -0.25715934310042177, -0.37899216081733594, -0.23475003149711046], [-0.45138676351465573, -0.37084319061376464, 1.8477598091653051, 2.66904725045334, 1.6989311907747957], [0.16653664154644673, 0.15140061556593692, -0.7365361900472054, -1.0827026887268458, -0.6827465846429307]], "3": [[0.2673001443622458, -0.737331792825283, 7.836978498297568, -2.5731785266814824]]}