{"Train": 0.16813680870196818, "Val": 0.17001781805129138, "Test": 0.17275772565453884, "max_epoch": 3, "stop_reason": "Weight gradients converged", "num_hidden_layers": 3, "total_hidden_units": 9, "unit_combination": [3, 3, 3], "learning_rate": 0.9}