{"0": [[-0.21051195196404182, -0.26796536742874477, -0.2190363308890845, -0.23806863211414722], [-0.020467979839824655, -0.035724322129930854, -0.00738905902971348, -0.01414823404873738], [-1.477263516350429, -2.0154774328145435, -1.7422004594620273, -1.7403629882827854]], "1": [[-0.016251164198326392, -0.0012583601531456156, -0.26518044900938553], [0.3870422369165588, 0.020634561442478154, 4.269774996907198], [0.26686122875065754, 0.03299043353774815, 2.7607776142683678]], "2": [[-0.17191528381212762, 3.435468555268847, 1.9635099988314104], [0.19380352890312016, -3.6389446350832158, -2.08027283280441], [0.06219053252137655, -1.1583624623359345, -0.6516952518486109]], "3": [[4.284895558987494, -4.597021559502825, -1.3384056387692334]]}