{"0": [[-1.2950421046193725, 0.07454693425306085, -1.2863170003966737, -1.3025691128204522], [1.1586476469493967, 1.2874014826722713, 1.1385742853609029, 1.1000749202738127]], "1": [[-7.063346788206745, -10.651536458000416], [1.0770886472187073, 2.930174945514609]], "2": [[15.001665218760214, 25.660205105193942], [4.193472325478489, -2.5516089366387518]], "3": [[-15.867946895696692, -3.2613952819035132]]}