{"Train": 0.16813680959922211, "Val": 0.1700178189509685, "Test": 0.1727577265603273, "max_epoch": 4, "stop_reason": "Weight gradients converged", "num_hidden_layers": 3, "total_hidden_units": 8, "unit_combination": [2, 3, 3], "learning_rate": 0.2}