{"0": [[0.7677582801246091, 1.2997802056240033, -1.9877512389257195, -3.1930245992233828], [0.6278676757781684, 1.2603630527915053, -2.3292796798163073, -2.8362827199216993]], "1": [[-1.5912614003750052, -1.5530039947682892], [-0.6528569736048552, -0.5721916380636879], [0.376672659521894, 0.298986576038618]], "2": [[-2.9158432133410455, -0.3875359568592295, 0.33731309693259665], [1.7025044622843755, 1.131564365421316, -0.5836286938570286], [1.9140212291228835, 0.5806011210477746, -0.29580418449618107]], "3": [[2.1781215260572164, -4.316921152338474, -4.7028420722634365]]}