{"0": [[0.8617860543180599, 1.4112284089492568, 1.3641565583444846, 1.453455856544784]], "1": [[-2.9015628394065196]], "2": [[8.351581975884587]]}