{"Train": 0.11354840143834359, "Val": 0.11344523828767455, "Test": 0.11335105599752898, "max_epoch": 6, "stop_reason": "Weight gradients converged", "num_hidden_layers": 2, "total_hidden_units": 9, "unit_combination": [4, 5], "learning_rate": 0.2}