{"0": [[-1.5995665607922993, -1.2410268687510362, 0.11437453728334608, -0.19150197633496743], [2.131512617695639, 1.311649274851674, 0.34389138309148215, 0.6793463303059999], [-0.5814351355214888, -0.4686406775549431, 0.5092855991150552, 0.39109184535289426], [3.589203767416234, 1.8335640961525643, 1.2228995626789703, 1.4743484227847354]], "1": [[0.1345255796341888, 0.7736586606164312, 0.8511618788818702, 2.7053537537828354], [-0.0016046777479169197, 0.09468554573078179, 0.02050388557755662, -0.015418644176694094], [0.601945483530056, -0.753453037285205, 0.1424913344461176, -0.33416722941880056], [-0.35466017506427355, 0.4946890570557176, 0.010865213932925527, 0.312883824108655], [0.571031374161141, -0.6973780129660588, 0.07944555247980271, -0.3139562082961267]], "2": [[-5.765753641051827, -0.682958168875184, 0.2965710033349452, -0.4158347717873983, 0.33281446027958245]]}