{"0": [[-4.747840627985483, -2.7834634176145854, -3.8021016401573657, -4.209199318385677], [2.06557866500491, 0.884083125942585, -0.3251164204859375, -1.0831467841542999], [-3.127800683033808, -1.635123571096849, -2.2558202462169574, -2.4030370085248958], [4.269615962718894, 2.395511296824115, 3.3479794744058267, 3.6901678586871736]], "1": [[0.8752027710091795, -0.9966848267106185, 1.2975623936679743, -1.297312373433096], [-1.0126409293065237, 0.934088074449716, -1.351566532188335, 1.4142411510728365], [0.001228735486317237, 0.26655617713131907, -0.0878030645341572, 0.056602074643495835], [-1.5422931726198883, 0.9953209520775689, -1.863953991392194, 2.03946633090226], [1.4237884278016304, -0.8449836519842507, 1.7061987599810557, -1.8804668594699405]], "2": [[0.3116190457008296, -0.4034598168828365, -0.19259690202433566, -0.6768016948073383, 0.6137157296283992], [1.069563725362367, -1.075965594870466, -0.2419145749850458, -1.1460821935112342, 1.0468840574046254]], "3": [[-0.00215806517912637, 6.9412100683657005]]}