{"Train": 0.16813679839461865, "Val": 0.17001780772173025, "Test": 0.17275771524514918, "max_epoch": 3, "stop_reason": "Weight gradients converged", "num_hidden_layers": 3, "total_hidden_units": 8, "unit_combination": [5, 2, 1], "learning_rate": 0.5}