{"0": [[0.1296288328297741, 0.08095812011655448, 0.09055140929792148, 0.09478708349013049], [-0.7248467136398528, -0.6079569333989733, -0.7415676005930106, -0.7686218844307928], [0.27480100734490026, 0.20753920832239156, 0.2669424386989085, 0.25800845186645754], [-0.30653653741204906, -0.24785200264308033, -0.2940054078036458, -0.31181683317994496], [-1.0308893524057727, -0.9002681038183233, -1.1063883868275393, -1.1061252745405228]], "1": [[-0.1968484514885877, 1.469226417258208, -0.5043671008001971, 0.5763903657667868, 2.291793379266401], [0.02574493185124707, -0.24484996302599676, 0.06385369571134672, -0.10124669858335396, -0.3602769747841937]], "2": [[2.882629623959126, -0.4339672115766615]], "3": [[8.998481200514002]]}