{"Train": 0.11354965134749533, "Val": 0.11344647227923735, "Test": 0.11335231666360414, "max_epoch": 9, "stop_reason": "Weight gradients converged", "num_hidden_layers": 2, "total_hidden_units": 2, "unit_combination": [1, 1], "learning_rate": 0.5}