{"0": [[5.315841490810718, 1.9255884274981143, 1.5226008787396796, 3.773114589922841]], "1": [[-14.475665118909461]], "2": [[8.771693799577335]]}