{"Train": 0.11354964603847875, "Val": 0.11344646698614537, "Test": 0.11335231132566463, "max_epoch": 3, "stop_reason": "Weight gradients converged", "num_hidden_layers": 3, "total_hidden_units": 13, "unit_combination": [3, 5, 5], "learning_rate": 0.9}