{"0": [[-0.19286100615804805, -0.15369986244937084, -0.20227965473287549, -0.1836276736804328], [-0.8675256766615295, -0.6658498201959883, -0.9458152898287495, -0.9436934992602815], [-1.1463693979390193, -0.9408260541589757, -1.3254419003943823, -1.2819962334890576]], "1": [[0.12589248734472985, 0.601474601468175, 0.9669804098276769], [-0.20927376987743868, -1.1751816174380851, -1.8740119111223774], [0.24080686552587113, 1.2260612722935789, 1.93836414662586], [0.05834474936648591, 0.2227758945913182, 0.3599183120612138], [-0.1259665342708049, -0.5632612622766113, -0.8870135920312517]], "2": [[0.6764193313817902, -1.4186367434265401, 1.509226161763174, 0.2504799983712429, -0.6205576283253429], [-0.391069954400929, 0.7805888541533863, -0.8191110690703624, -0.13548014877020761, 0.34837976074600807], [0.7467822382830762, -1.6017079319608953, 1.6611316627512238, 0.28254970676753843, -0.701250098107529], [0.32554467852894403, -0.7092085428641485, 0.7322080887766598, 0.10998811250613785, -0.3133003627391374], [-0.3124156751017878, 0.6492117342010026, -0.6934713336752301, -0.11180210614184612, 0.27202766891035557]], "3": [[2.4607566220452872, -1.276606216329512, 2.810544647086511, 1.1356022185510368, -1.0540879294140841]]}