{"Train": 0.14931111318255838, "Val": 0.14720019358073408, "Test": 0.148409228905259, "max_epoch": 3, "stop_reason": "Weight gradients converged", "num_hidden_layers": 3, "total_hidden_units": 7, "unit_combination": [2, 3, 2], "learning_rate": 0.9}