{"0": [[0.24477525115227047, 0.13775176929152788, 0.20129270118253298, 0.1939953443080036], [-1.3467694450426766, -1.0076271033551287, -1.3826302876676524, -1.341614627885873]], "1": [[-0.37779813162436815, 2.8115814200751483], [-0.4691248765803762, 3.5622215502501855], [-0.4467515672712685, 3.6009286601164137]], "2": [[8.779191095356234, 3.9895093253693266, 4.046403578953601], [-0.3503008298384602, -0.5542655786851395, -0.5472709067278185]], "3": [[17.69475201136919, 1.273891240061606]]}