{"0": [[0.9753788902617959, 0.14232899597944385, 4.132406738185759, 0.8597538873865583], [3.153956818635179, 0.6146580280446132, 16.05311271632545, 3.7955143157416824], [2.536756875787495, 0.6401072554454267, 15.447371157761406, 3.7583308744606216]], "1": [[-0.3137208005965469, -3.258376295597182, -3.798623180717623], [-0.08976312726659176, 1.639586097667255, 1.7499778855434167], [0.0729147293247394, -1.353306140622139, -1.4540799560365605]], "2": [[2.792753116288614, -1.9866871909191617, 1.666600920535284], [2.446625570258288, -1.6074267613191127, 1.3308422499245318], [2.0002816802315357, -0.780984496213513, 0.6892603034142543], [-0.8188205801099284, -8.57881886530961, 6.750961664311697], [-0.9349125329909782, 0.2669099622663643, -0.24642878097330065]], "3": [[-2.130198802869198, -1.6096589148876799, -0.5804441628520739, -3.7586176703783947, 0.10045233758842065]]}