{"Train": 0.11354966699060197, "Val": 0.1134464879628846, "Test": 0.11335233233118874, "max_epoch": 10, "stop_reason": "Weight gradients converged", "num_hidden_layers": 3, "total_hidden_units": 11, "unit_combination": [4, 2, 5], "learning_rate": 0.9}