{"0": [[0.6389558667430364, 0.4545796577492343, 0.657436639752513, 0.6617195227266421], [1.2731214942958686, 0.9148236177582353, 1.3029300371514472, 1.3167725493591884], [-0.9483130858362475, -0.6743114707197606, -0.9518016197203035, -0.9778492413689197], [-0.9214599956283609, -0.6650312133672255, -0.9571343967789763, -1.0035883455786447]], "1": [[-0.4691830537335232, -0.4008322775395657, 0.47778443603225873, 0.4870914609829835], [1.2956124146410297, 2.592869045570747, -1.88535429518889, -1.8888372543968388]], "2": [[4.8259385656283795, 5.6320227820052855], [0.41691883637371113, 2.548525127925797], [0.5631982142786265, 3.045526789287429], [7.043687235346548, 7.235618965523109], [5.958084830679693, 7.240522279732608]], "3": [[8.125758116602332, -23.71076977599705, -24.23023789338213, 11.774863330405287, 11.479563022021274]]}