{"0": [[-0.9026197105292675, -1.0659829939978986, -0.9868387317479419, -0.96593409601555], [0.5087625442088205, 0.5858017186220871, 0.546556303359863, 0.5546563911509557], [1.1133602925786945, 1.3376397853359656, 1.216889214065276, 1.2216983844732323]], "1": [[-1.2127774087349528, 0.6420218795160123, 1.6003686278896996], [0.44241244688659126, -0.23270106181537106, -0.5934691714795985], [-0.10317433161015152, 0.03728262904364999, 0.12564101796374236], [-1.6679932093995917, 0.8940479245007488, 2.189157467930451]], "2": [[-0.969231898341989, 0.5933387403922773, -0.1730326196679128, -1.1608505232736364], [-0.0034294780011322745, -0.005383925707819039, 0.019122421102657217, 0.002970804109444971], [1.3644314785715104, -0.4894448944277485, 0.12326320770324063, 1.949583021915125], [1.610524584020567, -0.5813365283752944, 0.15039575787373327, 2.280427034315848]], "3": [[9.155077093409005, 0.40765076711149584, -9.561861844716763, -9.995358530393347]]}