{"0": [[-0.7877048518236365, -0.9374749792013327, -0.7484011292740756, -0.7602855259019593], [0.3744499654355889, 0.4521950806586723, 0.35162506712793684, 0.33821587597240643], [-0.3825408307319048, -0.45321760897290536, -0.3494613385733112, -0.38563993607613467], [0.9391485071649437, 1.0874480305870267, 0.8804716970164629, 0.8823316241870525], [0.6076410114363393, 0.7055975752123173, 0.5835562603180023, 0.5882296334825087]], "1": [[-0.9462262783651454, 0.4432487407619713, -0.46072864608258685, 1.1521095092847204, 0.731261216002588], [1.276845562000535, -0.5734966616066745, 0.5790404333007237, -1.489026775723189, -0.9383103118546853], [-0.5855580663445871, 0.26399016566037625, -0.2880563367248661, 0.7025216820748577, 0.44964324276203776], [-0.04849526710454078, 0.02508403952942483, -0.027399260945275315, 0.09365470296322931, 0.06898985881244417]], "2": [[-1.7945421043829743, 2.3574032843361943, -1.0964271006935824, -0.1282800145529722]], "3": [[7.335731223463921]]}