{"Train": 0.11354961583858023, "Val": 0.11344644387735568, "Test": 0.11335227357190024, "max_epoch": 3, "stop_reason": "Weight gradients converged", "num_hidden_layers": 2, "total_hidden_units": 6, "unit_combination": [2, 4], "learning_rate": 0.9}