{"0": [[-0.7630492021434484, -1.3056642618627157, -0.7374567320529681, -0.7081030300965493], [0.8914412099966079, 1.5820241219787743, 0.8992265796402165, 0.8448387974668753]], "1": [[-0.872241245832574, 1.3980121241909222], [-0.9002350284547682, 1.4383256639397615], [1.2269826326475646, -1.9670553839983744], [1.2261105302118316, -2.000489291898614]], "2": [[-1.7243778037274322, -1.771680362492723, 2.6226537757395274, 2.676502930151492]]}