{"Train": 0.14931111318050577, "Val": 0.1472001935786746, "Test": 0.14840922890317887, "max_epoch": 3, "stop_reason": "Weight gradients converged", "num_hidden_layers": 3, "total_hidden_units": 12, "unit_combination": [5, 2, 5], "learning_rate": 0.9}