{"0": [[-0.5546715583674935, -0.3052968888778659, -0.29844269204391155, -0.38689245885074486], [0.31555260114776906, 0.12581834736872857, 0.09215253836771543, 0.16035991960717133], [0.7526078690999436, 0.6455585334685023, 0.663754420500262, 0.8510960999803948], [0.272476673101195, 0.12294604637366698, 0.11435420937340514, 0.13638848823278832], [-0.5962051797957691, -0.32707955012400064, -0.3101454330952844, -0.43760076416671473]], "1": [[-0.43255557076677054, 0.19980664341637003, 0.8893538472688401, 0.17595765630806978, -0.483229072216799], [0.5427643267293066, -0.20915609988859143, -1.1697353686088892, -0.2114789981488963, 0.578507865427887]], "2": [[0.05283927502873573, -0.11035750421402926], [-1.1322173132582665, 1.5903321629255693], [-0.06131839758854013, 0.12794858906694495], [-0.008953518359375336, 0.01927200948803507], [1.9851991617008178, -2.09150710259111]], "3": [[0.12329302310192897, 14.04448430458075, -0.15265691108959434, -0.022050487377061667, 0.4497921626966598]]}