{"Train": 1.462941541280694, "Val": 1.4611522505253245, "Test": 1.4617261497433929, "max_epoch": 6, "stop_reason": "Weight gradients converged", "num_hidden_layers": 3, "total_hidden_units": 12, "unit_combination": [2, 5, 5], "learning_rate": 0.9}