{"0": [[-0.5179760610386454, -0.8908241310983664, -0.037055391417186084, -0.31993855542381094], [0.19374087970160775, -0.2210901531356339, 0.3592007923067707, 0.25222668260850933]], "1": [[0.5329535324301004, 0.3890123422149684], [0.2987529352516289, 0.38757072401267895], [-0.4083358892841334, -0.24752213534072562], [-0.7250710061590903, 0.07018516750231613], [-0.6802781950661072, 0.10184344230850428]], "2": [[4.3497323578460545, 6.421875229275621, -2.0691185009353155, 7.382700660045871, 7.336949271387591], [-4.04767386681014, -5.938111075476539, 1.9260797757888009, -6.781857798840301, -6.781154295713199], [0.01900895703366701, 0.10866290818706516, -0.010732108813016764, 0.368561852161089, 0.369154394908883], [-3.662896139661767, -5.41413360142731, 1.7542600163407467, -6.180135575391113, -6.174066013065861], [-0.5856666340287389, -1.0323182486635651, 0.2510372258527961, -1.6017129639490224, -1.5682823637604886]], "3": [[14.075681672805612, -15.988467150368336, -22.765145179554406, -16.942251585910476, 24.91000365044335]]}