{"0": [[-2.4561591025671383, -4.87532745440118, -0.46111658442186154, -0.97844698689999], [-2.5016604566152956, -6.022848403139908, -0.7069396857097069, -1.3675899280926271], [-0.3235971394939022, 0.1889992377644837, 0.16337827387318588, 0.17655543800506251], [2.248701859142819, 3.8418780972627045, 0.2978255280254381, 0.67508888706439]], "1": [[0.740975898649517, 0.7126874864024276, 0.22020793772232997, -0.7158134927849555], [-0.836676422812929, -1.4563443676368706, -0.1881239011050132, 0.7012402579631906], [-0.7711782357701673, -1.040828495988273, -0.23977376106658208, 0.7040229542031127]], "2": [[-0.28771861361578194, -0.02947646149086744, 0.41611452668837984], [0.6426071414449608, -0.19601144386840727, -0.7862257614898894], [0.40210475549526215, 3.2203754619266376, 0.15715888356996396], [-0.12093670112560871, -0.16237085587932099, 0.2242869680412406], [-0.08703153206340335, -0.18068452059212012, 0.20248843773133984]], "3": [[-3.1517721271917862, 3.335591790245078, -5.4574284083546845, -3.0203151659272645, -2.9983473991273697]]}