{"Train": 1.475865890127884, "Val": 1.4761823609760798, "Test": 1.473714276501802, "max_epoch": 3, "stop_reason": "Weight gradients converged", "num_hidden_layers": 3, "total_hidden_units": 10, "unit_combination": [1, 4, 5], "learning_rate": 0.5}