{"0": [[0.9913753815953092, 0.6805398980854718, 1.3073991626977932, 1.282845287802557]], "1": [[2.0019228537635705], [-1.6837203806728558], [0.8429212987255141], [0.12553778085090544]], "2": [[1.5594617186967137, -1.2679694404373991, 0.6147655874580781, 0.08789719067108664], [-0.07093891404587599, 0.08822835090398012, -0.08155092540472306, -0.007911111653035539], [1.0325593516230491, -0.834294745922639, 0.39940574799569567, 0.060528510184312906], [-0.9408124869443849, 0.8407185039435828, -0.5084132243811833, -0.0900744926164128], [0.9990434560547564, -0.8062960850027807, 0.40049404815891554, 0.06094638971351597]], "3": [[4.444081867362401, -0.11916000620987983, 5.080024057712504, -1.7656672614950344, 5.077080321249413]]}