{"Train": 0.11354966697647073, "Val": 0.11344648794883612, "Test": 0.1133523323169579, "max_epoch": 3, "stop_reason": "Weight gradients converged", "num_hidden_layers": 3, "total_hidden_units": 8, "unit_combination": [4, 1, 3], "learning_rate": 0.5}