{"0": [[-0.9238907623306424, -0.6827797162786466, -0.5623285864254015, -0.6129955214831689], [-0.1351156040031438, -0.13594289029096873, -0.11760855020471038, -0.12874812936072233], [-0.6777321308834141, -0.5190118531737625, -0.45882901634353673, -0.47749224595389095], [0.1333027317803093, 0.13046784769095018, 0.12941684594766573, 0.1293008233667653]], "1": [[-1.4088763505816648, -0.22594323504935132, -1.0010305180416887, 0.22152388941088103]], "2": [[2.7611077960027806], [1.5317228343347105], [-5.2576448186104505]], "3": [[1.9986617024164723, -2.57611487507391, 11.975941170845779]]}