{"Train": 0.14931111313589462, "Val": 0.1472001935341237, "Test": 0.14840922885865496, "max_epoch": 3, "stop_reason": "Weight gradients converged", "num_hidden_layers": 3, "total_hidden_units": 9, "unit_combination": [4, 1, 4], "learning_rate": 0.5}