{"0": [[-0.0688532888781799, -0.022317413743886218, -0.08476708032659247, -0.09129012687311365], [-1.0338084736005284, -0.379640016006326, -1.0475744204879223, -1.0083996858593773], [-1.0547363810211288, -0.37533201135962174, -1.0638743384046732, -1.0319521643677974], [0.7192437962214531, 0.2445132539066392, 0.6773640270580702, 0.6840951863226391]], "1": [[-0.1386424665806325, -1.9950413509503286, -2.040902164284155, 1.2753988206626456]], "2": [[0.250680463006128], [-2.795499656920918], [-0.680919599214072], [3.5090115472657226]], "3": [[0.4675357649439772, 11.230816219041813, 9.714919252496518, 5.058676601015759]]}