{"0": [[-2.1071791981694514, -0.15626282003996267, -0.7422203087013869, -0.07691221919659683], [-19.18510451859574, 0.3512222603259054, -2.1718412688991324, -3.969914163184418], [1.8241872171077251, -0.5800992951342749, 0.048471900550077135, 0.9480009445986616], [-0.4967756047590811, -0.10368159392651466, -0.28428532161985154, -0.14427724570202932]], "1": [[-2.5819045781887127, 4.9350414411878205, -1.0685832491125187, -1.5977551450891778], [-1.128130896468076, -0.04002795675704365, -1.3286653044084455, -0.22480709288042766], [-0.30407227089330596, 0.4337577095619225, -0.004329218926286408, -0.22448685997683884]], "2": [[7.4232328880157965, -2.712804451474296, 0.7059834212764249], [-1.2828169295216119, 4.850715003592347, -0.04749175563278688]], "3": [[7.449626460599833, -1.5882989430579295]]}