{"Train": 0.11354950184538884, "Val": 0.11344632401804332, "Test": 0.11335216561560349, "max_epoch": 3, "stop_reason": "Weight gradients converged", "num_hidden_layers": 3, "total_hidden_units": 12, "unit_combination": [2, 5, 5], "learning_rate": 0.5}