{"0": [[-2.656325191134913, 0.0007314589115288937, -1.5242218411023387, -1.3962131972148595], [-4.0753704552566825, 0.01678179594999811, -2.8785390644232005, -2.6594245317568963]], "1": [[-0.9721719556798664, -0.9763916307867377], [1.5063434402159004, 1.8532231798552092], [-0.6703798789210466, -0.7163512187177091], [-0.49578138506750125, -0.4781230376203087], [0.721469650081211, 0.7441322964060949]], "2": [[-0.4222189634512172, 0.15592110283366656, -0.47936096772593034, -0.13825791076680696, 0.4275319145555709], [0.5783965293465372, 0.05906550397934132, 0.6238620560956489, 0.12737404117707327, -0.4909447684406302], [-0.44956078148636525, -0.18139917193048372, -0.41939132465873347, -0.02133287787374597, 0.47786991896822867], [0.35906663326497246, -0.14989597796353993, 0.4051659043383973, 0.04961972143724176, -0.4273700154730254], [0.6495512308182957, 0.23369774529184742, 0.6902402522627575, 0.09725475532292113, -0.5308737733271603]], "3": [[1.9554260197343432, -1.797036516832484, 1.331359915622881, -1.9357672802390282, -1.6516375017213996]]}