{"0": [[-5.780160583804717, -0.6791432344667809, -1.266358100764192, -0.09065381539739815]], "1": [[-1.2554333592462508], [-25.46739625564879]], "2": [[2.0052397799161916, 1.4514485335310556], [-0.5349029166059353, 1.9340222037467858], [0.12042257322450887, 0.33829580013049915]], "3": [[-7.219574743831924, -1.229618942488146, -1.5516382678613736]]}