{"0": [[0.803293830826751, 0.6930767518716487, 0.7601793279900514, 0.765289326204328], [1.533745529951254, 1.3753430464391965, 1.4533495254513658, 1.478882651682068], [-1.6832993086731571, -1.5076038605860158, -1.5918180498153935, -1.624382068443942], [1.0106725893341675, 0.9016491228034147, 0.9622543643880311, 0.9893787485222079]], "1": [[0.4238429619749395, 0.9030005360743916, -1.00296585390828, 0.5514666810718412], [0.7314028614028868, 1.5018390829594161, -1.703496037272035, 0.9324469712602894], [0.8391993854603585, 1.7329556810506934, -1.9379054732720224, 1.0950565677610242], [0.8407924445696723, 1.7689336091453087, -1.991661236332101, 1.09614113060291], [0.5108508204843715, 1.0324967202747477, -1.179521853719083, 0.6534425595879296]], "2": [[-1.5299281749567182, -2.632363498756353, -3.054469365587016, -3.117340876036946, -1.798298095130625]], "3": [[10.122331878035144]]}