{"Train": 0.16813678623297443, "Val": 0.17001779553180216, "Test": 0.17275770296540308, "max_epoch": 3, "stop_reason": "Weight gradients converged", "num_hidden_layers": 3, "total_hidden_units": 7, "unit_combination": [3, 2, 2], "learning_rate": 0.9}