{"0": [[-1.2141383784895239, -1.165145667288989, -1.3205871656783328, -1.3106571641428046], [1.20914284259604, 1.1601417239938008, 1.3274244257062904, 1.3101619828805269], [-0.031042934123727172, -0.03203847386911631, -0.04902599318070319, -0.039251692164863836]], "1": [[0.2893310917063707, -0.2789380293138912, 0.009965167550611994], [-3.026884590993155, 3.019557397459626, -0.06998586393968541]], "2": [[0.18385146572558253, -2.5525287453885053], [0.35844710346527786, -5.068940402224344]], "3": [[2.629280391177188, 5.996316017887914]]}