{"Train": 0.16813678523245595, "Val": 0.17001779452986912, "Test": 0.1727577019538819, "max_epoch": 4, "stop_reason": "Weight gradients converged", "num_hidden_layers": 3, "total_hidden_units": 11, "unit_combination": [4, 2, 5], "learning_rate": 0.5}