{"0": [[-14.650959070863895, -17.953235403521496, -8.579858187981268, -8.847520562374305], [-1.1047467688772104, -1.3534206451895894, -0.6413242289034209, -0.6619976920034786], [-2.2859899447969503, -2.8117795076809897, -1.327268068035262, -1.3607383146467993], [-36.66988236320016, -44.72151928337919, -21.545858593759228, -22.22760276534036]], "1": [[-3.799088730376046, -0.5383589898833203, -1.3563905193743804, 0.7838722737374438], [-0.953221909736219, -0.1299610750755745, -0.3028946872403451, -0.40554001308871296]], "2": [[0.40751548114073216, 0.3272527381461158], [-0.565226896754123, -0.45027914798437785], [-0.733287018286307, -0.4710239107077425], [4.313309967873054, 0.8257759099463696], [-4.380966615094621, -1.0562585543938354]], "3": [[-0.551603872022063, 0.8749605965544613, 1.9342558799859229, -4.192018359408964, 1.7860218606816636]]}