{"Train": 0.3220013434807919, "Val": 0.3231000836060572, "Test": 0.32323599519737084, "max_epoch": 2, "stop_reason": "Weight gradients converged", "num_hidden_layers": 3, "total_hidden_units": 7, "unit_combination": [2, 1, 4], "learning_rate": 0.2}