{"0": [[0.0083947341667269, -0.008506201742725705, 0.0017155200411610263, 0.0007100858251872895], [-0.00429738566900674, -0.007520322709337721, 0.009724106852406659, -0.01296272618217145]], "1": [[-0.005976065152700654, 0.009904285051804284]], "2": [[0.009111245531176695], [-0.003185714407685009], [-0.008715904687079624], [0.00843832732283211]], "3": [[0.007159686553528909, 0.0034291655910878393, -0.007629383591099143, 0.0008553416974134955]]}