{"0": [[-8.752199716156554, -4.3430245517268915, -0.23755497096714695, -2.9132829733163375], [11.266426595753959, 3.750563329674506, 7.339637882525536, 6.147742612856882], [-5.341377717900605, -1.4707625314248152, -1.5289628280888037, 1.258999200855422]], "1": [[4.434595156596632, -1.9958118804855374, 5.190927983676963]], "2": [[2.5756032354133215e-42], [31.174657521797652], [1.7601896710423322e-42], [-1.7416284436387144e-42]], "3": [[-2.5756032354133215e-42, -1.3693291772127933, -1.7601896710423322e-42, 1.7416284436387144e-42]]}