{"0": [[0.8899113076045583, 1.288690679100922, 0.7271205587194932, 0.8181050538575623], [0.5886044223535936, 0.39452614116240475, 0.20454957621427397, 0.2539501416941291], [0.7495003280000219, 0.6240448288008228, 0.2947453508755994, 0.3804776034694152]], "1": [[-1.8865529237885197, -0.5528124779136792, -0.7897442798005164]], "2": [[8.148887823427751]]}