{"0": [[-2.111448938914144, -0.5503113097291374, -2.136668469946132, -2.11992970725488]], "1": [[-4.688575768444719], [10.906883259620104], [0.2054498088060682]], "2": [[-1.5176018846600692, -2.6732423823302187, -0.11139412335812769], [0.43796228409405247, -0.5684023719818712, 0.009285766954742205], [4.888843159172829, -48.25493381341557, -0.6019565069864625], [-0.3425616022756413, 0.49135848159074846, -0.005402362860170328]], "3": [[-13.715326033863814, -2.431048703557953, -26.879495657965286, 2.0339747337387775]]}