{"0": [[-1.1379732548996218, -0.9441863282532404, -1.0778933720496446, -1.0672840727735962], [-1.0854894015702214, -0.8166165091795033, -1.0391071720905736, -1.0311207991802493], [0.2045912630206452, 0.05388521883390247, 0.18873287553318302, 0.1767759527201508], [-1.1953727478398357, -0.966678995042611, -1.1292918250203188, -1.1036735003712126]], "1": [[-4.229574437282844, -4.171817278715082, 0.384432437951277, -4.221364359416337], [1.5695129866138822, 1.366405295106897, -0.06353089879553543, 1.659307457774042], [-1.7634295702914036, -1.5386458579380062, 0.08511503124847737, -1.856830133117791], [-27.91348693625827, -27.300182987629714, 2.450412100113295, -28.142235516644988], [-8.707320242262695, -8.514043042477514, 0.7708587547290147, -8.74677741587291]], "2": [[-50.65209696906613, -55.75298074713911, 55.83422481842654, -2.8651476701270635, 18.586639832012423], [1.089961528034791, 2.690783574870661, -3.0186489871999242, 0.5436353126675698, 0.12417992502673873], [2.0749859005270426, 2.331664233570466, -2.3690995756463016, 1.6464648442157117, 0.5386178804680395]], "3": [[3.5405233581008293, 27.386091356051402, 9.620470260838486]]}