{"Train": 0.11354965736048633, "Val": 0.11344647830788189, "Test": 0.11335232268595646, "max_epoch": 3, "stop_reason": "Weight gradients converged", "num_hidden_layers": 3, "total_hidden_units": 8, "unit_combination": [2, 3, 3], "learning_rate": 0.9}