{"0": [[1.760077140404362, 0.4310245868007209, 1.628507903110794, 1.6802411811739826], [-1.8938998731268388, -0.45502364200017653, -1.7671427819475036, -1.8162191109321122]], "1": [[0.35587776965293894, -0.3802325507972942], [-2.091281624371378, 2.32658390655173], [-2.489984538374559, 2.7363928288281785]], "2": [[0.32850784801398436, -2.018216770747346, -2.4354226617609385], [0.285200362886365, -1.7426639136532822, -2.10018484651717], [-0.2918794292747888, 1.8747907735162008, 2.266729061889063]], "3": [[-3.236212163058285, -2.7801222348154098, 3.0013882065955375]]}