{"Train": 0.1681367832008732, "Val": 0.17001779249255075, "Test": 0.17275769990398832, "max_epoch": 19, "stop_reason": "Weight gradients converged", "num_hidden_layers": 3, "total_hidden_units": 5, "unit_combination": [3, 1, 1], "learning_rate": 0.9}