{"0": [[-0.47793980743843406, -0.03160244566947401, -0.5200264417388173, -0.44204152772936106], [-4.007949128318886, -0.9456437641277124, -5.438173255511585, -4.505931772732534], [1.2128700385015645, -0.06213087883822872, 1.131948497988885, 0.867913787931598]], "1": [[-2.914103491144471, -15.097743539914966, -9.847160389946154]], "2": [[-1.9593003476471031]], "3": [[8.884307126791226]]}