{"Train": 1.4245372314337788, "Val": 1.4233503482931753, "Test": 1.4248307011924226, "max_epoch": 3, "stop_reason": "Weight gradients converged", "num_hidden_layers": 3, "total_hidden_units": 9, "unit_combination": [4, 2, 3], "learning_rate": 0.2}