{"0": [[-1.329366393651979, 0.009230923635009183, -0.21529844500089826, -0.09872512234869463], [-0.8338886405521234, 0.011040252148526742, -0.17031008154684066, -0.14902678781587025], [1.536396956204788, -0.00136387429235226, 0.22630541633032514, 0.11418292052698216], [-1.5585556867903754, -0.001192791264371943, -0.20779168441149637, -0.12589938936986497]], "1": [[1.4447755437662477, 0.9664787287052777, -1.448473288362802, 1.4707838710934595], [0.48189739210033666, 0.23659264650240222, -0.7551336010615902, 0.7849318567080942]], "2": [[-1.8694466374088556, -1.333878985918198], [-1.8257933353347215, -1.3802902967759891], [1.5418880675270918, 2.657078218590554]], "3": [[5.186402609798638, 6.758406519174595, 2.4432365797631457]]}