{"Train": 0.1681368096735212, "Val": 0.17001781902528715, "Test": 0.17275772663508357, "max_epoch": 3, "stop_reason": "Weight gradients converged", "num_hidden_layers": 3, "total_hidden_units": 13, "unit_combination": [5, 5, 3], "learning_rate": 0.5}