{"0": [[1.0193593143809283, 0.7965483048555777, 0.9681560738572151, 0.9582075096039184], [0.3853465571196686, 0.2735023909063191, 0.34727432493797206, 0.3194356209384709], [-0.30949134007764134, -0.23529304202170231, -0.28986584781448194, -0.2857556714726586], [0.5420074721169778, 0.3875615884867371, 0.504476553940713, 0.4952979258187402], [-0.4088200276209009, -0.3087968244286928, -0.38136663029142964, -0.3809687818494391]], "1": [[-0.38032544635079485, -0.12328403505034118, 0.10867128716216982, -0.18904809355996596, 0.14282213296187615], [-1.5497116749680246, -0.5222016107968714, 0.4191556725372812, -0.7337184586147999, 0.5804283445145652], [-0.906533264573232, -0.2938240789584126, 0.2431127718216034, -0.4451936176237445, 0.32581378240263714], [-0.7660260814132368, -0.25613224161392273, 0.2391863963269495, -0.3892244245655747, 0.2727805528112697], [0.47275525107165545, 0.13796562356746775, -0.1144319637300109, 0.2191652056963054, -0.1496846000629392]], "2": [[0.27190981778228734, 1.0672707683195015, 0.6092660099698097, 0.5344742958725588, -0.3379829898248004], [0.37769792279207115, 1.4603396111270186, 0.8621057399408387, 0.7273358359748854, -0.43527209935898886], [-0.07942362406709552, -0.5830366667226285, -0.2621202166137304, -0.2308147163687077, 0.09253338674895736]], "3": [[4.085005726561914, 4.619307937859843, -3.4918986756422283]]}