{"0": [[-0.4202664161014431, -0.13260746085090871, -0.36851874044678856, -0.369908484398621], [1.6076416971745964, 0.5664623082564445, 1.456989905517473, 1.4598513821143249], [-0.8333178172478863, -0.30424375489243266, -0.7425026773634604, -0.742323869807542], [-2.0349688410551448, -0.7385347399680111, -1.8956464118990994, -1.8710271175194093]], "1": [[0.6885716945068904, -2.86525426895272, 1.3970247553174189, 3.9125086363809283]], "2": [[-5.6118640278810785]], "3": [[-27.60313413338771]]}