{"0": [[-0.6180941416604848, -5.527106761221746, -2.754659459043953, -2.904031484181299], [-0.5156809309447489, -1.3390802235097568, 2.425970613773638, 2.392249077162594]], "1": [[-1.6373253870818016, 2.226177957453479], [-0.43271405094428217, 0.48877711424484593], [0.43552083748375486, -0.49988539005276217]], "2": [[-12.903344612970182, 1.0852106012249947, -1.1797959131264273]]}