{"0": [[10.965280009019786, 25.687533052657866, 15.337460729124443, 13.50962582360588], [-5.740932740002159, -8.404205776601927, -4.764426309376528, -4.803485639747318], [9.011169975621659, 12.556238018983825, 6.986522446487611, 7.037904341088159]], "1": [[-0.18744961689217643, 13.705080306125687, -6.668320781262041], [1.3375048447466302, -0.024676451907906256, -1.3819008848743906]], "2": [[0.27910854579541344, -1.1312392309913133], [6.9074452072666706, 1.711075745250949], [-1.0149038425448123, 0.15577697500519438], [1.864661560754039, 0.16802882500917646]], "3": [[2.8389746783206475, 6.783119862051332, 2.9900881687254994, 4.387667059299236]]}