{"Train": 0.11354966699060211, "Val": 0.11344648796288472, "Test": 0.11335233233118891, "max_epoch": 10, "stop_reason": "Weight gradients converged", "num_hidden_layers": 3, "total_hidden_units": 9, "unit_combination": [1, 4, 4], "learning_rate": 0.5}