{"0": [[-3.1430049278338905, -0.1302724092641701, -1.504544517764406, -2.2363700521855976]], "1": [[-0.5113833051583865], [0.03518500506616851], [-1.078749559027557], [-0.02579420052837346]], "2": [[2.7073041450492803, 0.116327271824643, 4.287919760574464, -0.4854470955975823], [-2.9188899441749028, -0.10588992707308559, -4.74662617711472, 0.45660226660079284], [-3.232961392216299, -0.143340734520652, -5.169017782279039, 0.546163504620671], [-0.11626628177400665, -0.0018309056737836262, -0.09032706476838875, 0.022381942366790086]], "3": [[-3.7106993265985113, 9.490955191056006, 4.924334563114661, 2.408638435423447]]}