{"0": [[-1.509719725944692, -2.049671745423116, -1.0675902653129103, -1.0274385361929865], [-1.3184816470018326, -0.6632044294616187, -0.2114307190913301, -0.0969179056689406], [1.4693181579591807, 2.164157746465387, 1.131042573916251, 1.1044804429314208], [-1.3688989346177693, -0.9152398050069313, -0.35635120531112885, -0.2582134684860619], [0.6079012627654462, 0.3080104433650178, 0.12059710288205572, 0.0018435629102351455]], "1": [[3.8880577649025017, 1.5991892292206784, -4.063112369156263, 2.408626177172797, -0.4316248175738257]], "2": [[1.7415120854864983e-45], [-1.5798686033763398e-48], [-3.441057702837183e-46], [-4.940522174314182], [3.0208457918496464e-43]], "3": [[-1.7415120854865017e-45, 1.5798686033763738e-48, 3.4410577028363746e-46, -6.505786999706302, -3.0208457918496464e-43]]}