{"Train": 1.4629415403705874, "Val": 1.4611522496157656, "Test": 1.4617261488335795, "max_epoch": 3, "stop_reason": "Weight gradients converged", "num_hidden_layers": 3, "total_hidden_units": 8, "unit_combination": [2, 1, 5], "learning_rate": 0.9}