{"0": [[1.0802903980398366, 1.170115103660194, 1.3024576138452293, 1.140622537947113], [0.7649532979994901, 0.7960111210705456, 0.9072302003980868, 0.793900857122224]], "1": [[2.5390873328635015, 1.690929708559803]], "2": [[0.06039222034931947], [1.2970183455877937], [-1.0386287777165635], [-0.8234814607755491], [0.11646397699948957]], "3": [[-1.971374965200751, 4.882643620541506, -4.834197643719728, -4.71048345732175, -0.11130386962185976]]}