{"0": [[-0.6108012862567705, -0.5690079946808061, -0.4739021987731581, -0.5053097846969555], [-1.1172610995351278, -1.0522300072559752, -0.9034357603562827, -0.9185239739462042]], "1": [[0.35696794401482396, 0.7174676770418332], [0.2342578910592774, 0.4398305529169712], [0.45803908427755313, 0.9604513135851235], [0.8908804051798022, 1.745642142941513]], "2": [[-0.11539145898956463, -0.1253339990669356, -0.10582032971339105, 0.015970224900285494], [0.04708107126584585, 0.013145386107678125, 0.11969634703392865, 0.3933063288191787], [-0.6098159374426805, -0.39038898300641217, -0.7922254805073722, -1.4129881836025748], [0.10368749754620045, 0.08723793146264744, 0.12426962472132687, 0.2144914925270948], [-0.5017122382303117, -0.31679144810955984, -0.6374595201549176, -1.1382169102242115]], "3": [[1.5587962078966726, 3.621570845398016, -5.234858084566475, 0.006735022742728865, -4.84768560397827]]}