{"0": [[-1.310299862763547, -2.771417753739224, -1.3714643823979977, -1.3550157337092714], [-1.48991411755491, -3.136202244182532, -1.5699450685508989, -1.5355672836576977], [1.1429980767506336, 2.4080401518968273, 1.1831171590060823, 1.1837972244919366], [-3.509702308503817, -7.037161968976264, -3.4613720577055886, -3.48230649821541]], "1": [[12.473077489877785, 12.091528973563625, -3.9401731551397132, 5.11741436879222]]}