{"Train": 0.16813680921956756, "Val": 0.17001781857236378, "Test": 0.1727577261771512, "max_epoch": 5, "stop_reason": "Weight gradients converged", "num_hidden_layers": 2, "total_hidden_units": 5, "unit_combination": [3, 2], "learning_rate": 0.2}