{"0": [[-1.8377568615147681, 0.644388222333677, 2.814937812116791, 3.3503819934884906], [-0.8058837801617974, -0.553633094434921, 0.7205887594410523, 2.010641820105147], [-2.575889405352561, -5.3046135817398525, -1.8119355919974736, -2.282056252176674]], "1": [[-2.1661495510294624, -0.7205230381609236, 1.9889046439757156], [0.6268640457500092, -0.61455188724143, -4.5670441884700645]], "2": [[6.312662461485364, -4.189382573776637]]}