{"0": [[2.317350781781512, 1.5020272266676131, 2.6574741301019094, 2.611784814116966], [-0.48132002110244176, -0.27633402346237684, -0.5265389776777315, -0.5122599997770798]], "1": [[-0.22045841484420511, 0.025915546983963502], [-5.004184493988498, 0.7661973720025256], [3.337406704434173, -0.5121728594823006]], "2": [[-0.13088729354611237, -3.275369606963966, 2.057900815779009], [-0.13639146897058366, -3.47668774433243, 2.1767280405475127], [0.09836417786918245, 2.42918439492518, -1.4924198526061005], [0.05723593648316755, 1.6992484901652671, -1.068465731211422]], "3": [[-3.993446637562127, -4.251379718516117, 2.8966174165413316, 2.0233655525147425]]}