{"0": [[-3.9959676906553194, -1.4292190829314295, -1.256911977056694, -1.2450248499624672], [1.7287672593491328, 0.6303744298519761, 0.34412763907098326, 0.5704060144673266]], "1": [[-1.4895424988159383, 0.8784984589916338], [-6.985152376883969, 2.556071117831731], [0.7541222683887931, -0.5673520370210562], [-1.7897802947482384, 0.9659553099792233], [2.7186541420025305, -1.2916292954395174]], "2": [[-4.322347945994469, 8.528875410371242, 2.131755902739516, -4.446077044934387, 4.308148989391306], [1.5206533826998059, -0.04651763885377745, -0.6257441716487525, 1.6759941967794751, -1.8301785328679738], [-0.9519378453392938, -0.20752777030455608, 0.38059795099568033, -1.0783373068163589, 1.14476094618782], [-1.0895291494657962, -1.7155871703103496, 0.3391480932934382, -1.323244086492156, 1.6060717555127215], [0.8025466968295693, -1.3505558660967512, -0.34375442847861065, 0.8506729753657036, -0.8865124805472799]], "3": [[-9.394163687720669, 2.134080926149592, -1.2403327146215002, -1.578889902840029, 1.9140436549129412]]}