{"Train": 0.11354966698546706, "Val": 0.1134464879577454, "Test": 0.11335233232603795, "max_epoch": 6, "stop_reason": "Weight gradients converged", "num_hidden_layers": 3, "total_hidden_units": 11, "unit_combination": [4, 4, 3], "learning_rate": 0.9}