{"0": [[0.5050026363079582, 0.44321974674590536, 0.5494860138991835, 0.5239645937112224], [0.4474798547259634, 0.38092392105638934, 0.4472247471498572, 0.4620016604392748], [-0.7061987300392282, -0.6654116896886546, -0.7907584724126269, -0.7966950437498659], [-0.4925026160317692, -0.42587587730429366, -0.512495011484481, -0.5118859902487971]], "1": [[0.6641065079705781, 0.5520965997612632, -1.260339896382768, -0.628087191321267], [0.9093866579881907, 0.7804587518996883, -1.3010690696223797, -0.8724817589599729], [-0.8513733968976505, -0.7254354809272948, 1.2457565125838965, 0.8157866807491475], [0.5546887912758344, 0.4977471136300915, -0.7526493172710638, -0.5399131291398923]], "2": [[2.089560903335146, 1.7263826707228942, -1.7808110626530298, 0.42895749241678194], [9.713245604739283, 7.775391887628622, -7.999680415190633, 1.9728144655666782], [-2.3208701344491836, -0.5325445215288559, 0.5573636622123702, -0.08891804868766695]], "3": [[-8.171308083290766, 4.324487303856044, 8.959523033385945]]}