{"0": [[-5.705448621083933, -10.539614431885944, -5.384895769617144, -5.404763609559348], [-4.057571616117865, -7.473345203752524, -3.837654422547848, -3.8240603705367064], [-3.5222197483178412, -6.46787249555524, -3.2914552728583844, -3.3207376791791585]], "1": [[23.219415914122273, 38.10339185170593, 29.066903041765837]]}