{"Train": 1.4758656196657212, "Val": 1.4761820906412664, "Test": 1.4737140065913272, "max_epoch": 3, "stop_reason": "Weight gradients converged", "num_hidden_layers": 3, "total_hidden_units": 10, "unit_combination": [4, 4, 2], "learning_rate": 0.5}