{"0": [[-0.8627292268978936, -0.5526792443631389, -0.9500792028211075, -0.940464246102188], [1.0099613664347569, 0.6405011761465229, 1.1343305965675416, 1.1206001697459183], [-0.9661806019766833, -0.6015116617179208, -1.100858189677994, -1.051262534154584], [-0.07435373938485805, -0.019558775074227885, -0.046644597101257235, -0.06942276142589485]], "1": [[0.4051384450271461, -0.5290440908638989, 0.4942421489627794, 0.027529819255131892], [-0.7576616975209717, 0.929341134489303, -0.881200506585067, -0.05369085837395174], [0.24488156415976348, -0.30645791281088636, 0.2900619892001363, 0.00027926105855713104], [-1.5772754098775716, 1.9041925143308835, -1.7970237751765912, -0.09952556620377966]], "2": [[-0.7376206522787954, 1.4362538558276303, -0.41385812670471783, 3.2961318402150654], [-0.7522499698038473, 1.050261058420849, -0.48268463327008665, 1.653151167412428]], "3": [[2.978998620843269, 5.187865103614418]]}