{"0": [[-1.5498491477458969, -0.1520390923574919, -1.7783362529021605, -1.9421023453976778], [-1.5934870042832157, -0.004309605033161926, -1.4971168471905385, -1.8920347463097813]], "1": [[-5.369000558618541, -4.378480315174719], [0.10331649850730218, 0.9119071841652109], [-2.1955320236236693, -1.951720161605464]], "2": [[-3.170233810762466, 0.9371438548984938, -3.1023550752236773], [1.8666200163945315, -0.9526816936118694, 1.9359083166961057], [2.4393147215988407, -0.7412442679358096, 2.369440327327036], [-2.6051724645841947, 0.7719387393353276, -2.396932364111787], [-33.457742998838484, 39.37073919715139, -37.63045801358417]], "3": [[2.14884508522848, -1.4245935736644046, -7.176250244938729, 33.020412519906884, 6.249079066442306]]}