{"0": [[0.02225859610763566, -0.007756703818248101, -0.013872415134506672, -0.0005724069605382694]], "1": [[-0.008492492689543659]], "2": [[-0.006553371438871713]], "3": [[-0.0017659285095814833]]}