{"Train": 1.4629415412776736, "Val": 1.4611522505223058, "Test": 1.4617261497403735, "max_epoch": 4, "stop_reason": "Weight gradients converged", "num_hidden_layers": 3, "total_hidden_units": 9, "unit_combination": [1, 5, 3], "learning_rate": 0.5}