{"0": [[3.8318540305457125, 1.3972138238399125, 3.5619361126283486, 3.1924499495525533]], "1": [[-0.026901024356723945], [-0.08497615751244492], [-0.3391631258977127], [0.16052540419501424], [3.794956142307843]], "2": [[0.01668545574434198, 0.028954673341228088, 1.0118985396562845, 0.4619882668883699, -1.6260488671171416], [-0.013474669087903167, 0.008615084462059344, -0.2490922738332785, -0.13616003596844578, 0.34744997779949865], [-0.07184010462980972, -0.002581466500849313, -3.066120345847232, -1.727254756943793, 4.204140815453759]], "3": [[-8.452781100754109, -0.12569102019468462, 5.844796270117512]]}