{"Train": 0.11354966698834089, "Val": 0.11344648796069146, "Test": 0.11335233232883472, "max_epoch": 3, "stop_reason": "Weight gradients converged", "num_hidden_layers": 3, "total_hidden_units": 10, "unit_combination": [4, 4, 2], "learning_rate": 0.5}