{"0": [[-0.240275886832823, -0.11672668244043609, -0.25019129652916655, -0.24589484771028064], [0.8116279332207881, 0.44814405193532253, 0.8593390369156503, 0.8364658462908747], [-0.29646034737781624, -0.1674423726958879, -0.2975900078176538, -0.3041760187425856], [-0.8326828937384891, -0.45904156535233015, -0.849484857417603, -0.8720180382888959]], "1": [[0.05780445039890518, -0.26178958222450355, 0.0941690358524185, 0.253567828874958], [0.26753953566002703, -0.9694503008963689, 0.33844193406373113, 0.9887757623484543], [0.32126782971305146, -1.1325723646259185, 0.3822913190781773, 1.1638112940005387], [-0.13411921791950207, 0.5149347737521428, -0.17347993163454883, -0.5240050194236506]], "2": [[0.34808823181636894, 1.2440113693058141, 1.4642577515989976, -0.6749768471527563], [-0.1468039340865333, -0.6726242616083967, -0.8041338519988852, 0.3184792279657582]], "3": [[7.286231739391009, -6.395434583895074]]}