{"0": [[3.6177491154737482, 0.2785494426343421, 2.2528659133125526, 2.183884300463511], [-2.2405961752112473, 0.6943238303037191, -3.29386697234143, -2.3654722428335777], [2.775925500064102, 0.45980985263096363, 1.4454312616886094, 1.4766586292312325], [0.7532501136312796, -0.4552447851890259, 2.894144932353149, 2.070334604235373]], "1": [[2.0396529772165786, -3.584984247699079, 0.32111015894090683, 3.1947633666647968], [-1.3130047502193383, 3.4610116593615006, -0.390037648126558, -2.8199652474232453], [-0.36100127316610164, 0.10137518305041646, -0.2449646416537981, -0.37882993671712795]], "2": [[-2.869306630551118, 3.3816398492562096, 1.4788225112163969]]}