{"0": [[1.2596706338422785, 0.3289124646646131, 1.1940624255253145, 1.2228390283988309]], "1": [[-1.9200014542910984], [0.5137227488968932], [-1.1196727720417636], [1.4397618302043926]], "2": [[-2.0266562210264656, 0.5132187701923879, -1.1283983190508544, 1.4702911597800925]], "3": [[-8.68533573061863]]}