{"0": [[-0.4133021482093076, -0.5263871313043689, -0.34239264933675584, -0.330496878409357], [-0.40590826783052003, -0.5557173270190483, -0.3333251956442025, -0.3185062076612143], [0.8144670988808603, 0.9466479157023394, 0.6533506914179533, 0.6391627661115945], [-0.7619880127693042, -0.9073933730355617, -0.6178159781878547, -0.6206051421559643]], "1": [[0.1262519581191769, 0.11852817103417357, 0.017994783663628056, -0.005855047829303517], [0.5809511307520883, 0.57825674383268, -0.652084144404558, 0.6714892977960428], [0.7485268358670635, 0.7558467265345891, -1.4601467467368088, 1.3859984913948507], [0.5272511848910326, 0.5211868322325623, -0.5901245795445504, 0.6125176220650894], [-0.5255891740954005, -0.5444658355137896, 0.5279145622173631, -0.5504802655864549]], "2": [[-1.8292020929148336, -1.651062709070869, 2.0663304670504554, -1.5219630924319267, 1.7956794399068106], [-1.149207706191843, -0.4874043226238326, 2.4832774357528455, -0.37274632178155187, 0.9563780578974909], [-1.0286014897861895, -1.3863151190101848, 1.131838461230394, -1.3331394785400297, 1.1483901916527786], [2.4537468164430436, 2.0131968599755274, -2.800309054885246, 1.8547636992213887, -2.37231246655677], [1.7781249577704477, 1.6321091797627738, -1.9965955101165118, 1.4813857342144474, -1.7477476301764412]], "3": [[-3.3511718704580433, 14.14566408687627, -1.9365852423976222, 6.395924082280296, 3.2140645627841304]]}