{"0": [[1.1705942225964576, 1.477743920740708, 1.191906729672643, 1.1821070737835024], [-1.596404769468742, -2.0537761756403485, -1.647535356749961, -1.6655328236474842], [-1.2708248166123473, -1.5943358076970706, -1.2755669665070555, -1.2675796967083794], [-0.08077171047405593, -0.09474231360265212, -0.07929222496895152, -0.10046451686544837]], "1": [[1.312421838615594, -2.0360268406930166, -1.4264223625246584, -0.08227012129009073], [-2.3961307226342363, 3.7259326262504495, 2.6173210928951707, 0.1619326393756444]], "2": [[-2.1751114464242054, 4.551427155919086], [-1.9381974611117532, 4.054488893430907]], "3": [[5.388304036282449, 4.718907685790875]]}