{"0": [[6.863353364695164, 0.9439093891632181, 0.9206348422836806, 3.983872676272422]], "1": [[8.313296773314056], [0.8729196918443798], [0.5372329067281905], [-0.09373747001901761]], "2": [[1.967878199346944, 0.8871191688919455, 0.7004861918744809, -0.3238811390587511], [0.16643723000224564, -0.035541940147374995, -0.05706346368708892, 0.13913050374734226], [-2.067939379443337, -1.002417945174142, -0.8207116709173985, 0.3713166442855522], [2.2736782902224317, 0.7633527343250665, 0.5562007571298144, -0.2046348174728771], [-0.04251648992892976, -0.32415124828133446, -0.2518352376744236, 0.09164748635499864]], "3": [[-6.5437752053824125, -3.086327301892457, 6.172374036327474, -8.467552730392157, 3.278317415164426]]}