{"Train": 0.14931111310710524, "Val": 0.14720019350538646, "Test": 0.148409228829868, "max_epoch": 3, "stop_reason": "Weight gradients converged", "num_hidden_layers": 2, "total_hidden_units": 10, "unit_combination": [5, 5], "learning_rate": 0.5}