{"0": [[4.050326982576524, 1.2610472529056496, 1.8465892512584088, 2.0505519872530997], [-1.881728052904906, 0.2296897202354099, -1.873061015643202, -1.713603633451981], [-1.9007382659266137, 0.24044414439362816, -1.8905067055047828, -1.743450786138316], [-2.2168011530321063, 0.6894474661232304, -2.6400412559213553, -2.357523874249382], [-0.5750861683546395, 0.11345328024488138, -0.6323451122928982, -0.5854146512550182]], "1": [[0.3470143455123744, -0.5262206324510779, -0.5441908280441596, -0.6799665018863846, -0.255662701551998], [-0.5242971524757435, 0.575480468663395, 0.5654524923868041, 0.6571237938172112, 0.32841741785834305], [-0.5721613563407426, -4.095731176257326, -4.166090016339281, -6.259004161822952, -1.5788652866085036], [0.27429897184260105, -3.1121430316691603, -3.159727390302311, -4.614446221955966, -1.189152866268738], [-0.5094921858052011, 2.7475192989809707, 2.83185736280706, 4.035234163106693, 1.0280676994897116]], "2": [[-2.8568717145740314, 2.0875022618693237, -0.0010461028012239127, -2.9787046016516707, 3.662769065092644]]}