{"0": [[3.095866568709856, 0.009769532803276654, 1.899370531109477, 1.6842363415565718], [-0.9785298054415271, 0.03987829050441464, 0.4747861185978012, 0.302202966705439], [-1.4328729910922822, 0.01791799917674316, -0.6129382201564801, -0.5398508553329869], [3.1507338544323917, 0.0076261132326352656, 1.7908126352418199, 1.5253447882210769], [0.5746507886226266, -0.024499008991552978, -0.2760858977079453, -0.18513451879318682]], "1": [[-0.1450572361717143, 0.3555844452028454, 0.30397468837407793, -0.16900726229996582, -0.2507856830860165], [-0.9421962743483028, -1.1144714315133748, -0.045911972135105394, -0.47717721889997683, 0.6359071539275544], [-1.0447585296729105, -0.021274158345139953, 0.7905106838191668, -0.8741439110378417, -0.02416567072455544]], "2": [[6.305888313533756, -6.624618518001766, 5.963283699344746], [-0.9619290228648001, 1.6426674886057302, 0.7708881326070605], [-2.6965391294118786, 2.474805470726611, -2.5626682262324114], [2.851631877934713, -2.6213904898540363, 2.670486004391673], [1.1707029868691132, -2.3235667116155243, -0.9465875398266668]], "3": [[-5.239748807751789, -7.522944156348141, 3.632812811597104, -3.547051514086395, 9.169545022472192]]}