{"Train": 0.14931110860093327, "Val": 0.14720018900476256, "Test": 0.14840922433127798, "max_epoch": 4, "stop_reason": "Weight gradients converged", "num_hidden_layers": 3, "total_hidden_units": 9, "unit_combination": [1, 5, 3], "learning_rate": 0.5}