{"0": [[-1.5863279952319929, -0.9541567855910009, -1.5521238064264986, -1.5671005690169968]], "1": [[1.1199223624832177], [-1.8873638728312758], [1.2733150598867222], [0.9688621908062909], [2.277613732635311]], "2": [[-0.9826056237923085, 1.627158523871398, -1.094983157051282, -0.8519528519129419, -1.9913559074023068], [0.329284126428544, -0.31296126290676446, 0.3326466199643799, 0.31272578940463247, 0.27291144619081015], [0.6283513888826184, -1.070627486371846, 0.7318101943399302, 0.5572672709519245, 1.296826148579104]], "3": [[-5.459076203383901, -0.34977598223993567, 4.289217922184191]]}