{"0": [[-1.1292268337718931, -0.7086933969611205, -0.7019306006384596, -1.3957575959562367], [-1.6277234849461097, -0.39945148513786227, -0.6501938591238939, -1.0681141611688336], [-1.0833263516500082, -0.6452305813896182, -0.5133637523320771, -1.1536723841736052], [1.0950255921153782, 0.1167153839086821, 0.4929749234338763, 0.6512575391928416], [0.6993913480076307, 0.0701946625668221, 0.3310697192085338, 0.4504304638907516]], "1": [[-4.095909507640354, -2.702666735631737, -3.8478545684339167, 1.2517026396764162, 0.8034477174979029]], "2": [[-5.585659079783424]]}