{"0": [[2.592904089575395, 1.7165852015633125, 2.758122498821216, 2.595680869571073], [1.29487604374207, 0.8250526843402207, 1.3363170960491455, 1.218817638711547], [1.958759286498187, 1.2724571893997436, 2.0296179775855805, 1.9230869786232925], [-1.5321348685786609, -0.986474666423759, -1.5788929041230009, -1.4665489761939121], [0.12773977060853003, 0.0644101222275843, 0.12792508471329544, 0.12646806279406397]], "1": [[1.2588415124836578, 0.5428440247996649, 1.0106217343384152, -0.747655200226711, 0.0037150830805581393]], "2": [[-1.7197435695569196], [0.055330993015900685], [14.035640001713416]], "3": [[9.984479313955555, 0.055325903955443595, -13.397212990184544]]}