{"Train": 0.11354966698367114, "Val": 0.11344648795595488, "Test": 0.11335233232422864, "max_epoch": 3, "stop_reason": "Weight gradients converged", "num_hidden_layers": 2, "total_hidden_units": 4, "unit_combination": [3, 1], "learning_rate": 0.9}