{"0": [[-1.2727926461425427, -0.9333256746850032, -1.8317438720083523, -1.8797249290259983], [-1.851556564919425, -1.5384510403501657, -3.0035553034113933, -3.082588051892467], [-1.5495939822084726, -1.1962315338340934, -2.350318096539451, -2.423758869999091]], "1": [[0.7203936741344162, 1.2701868934776464, 0.9796937925874761]], "2": [[12.70858736216126]]}