{"Train": 0.1493110977382739, "Val": 0.1472001781569271, "Test": 0.1484092134894028, "max_epoch": 3, "stop_reason": "Weight gradients converged", "num_hidden_layers": 3, "total_hidden_units": 9, "unit_combination": [5, 1, 3], "learning_rate": 0.9}