{"0": [[0.32954758822305086, 0.1278733538245813, 0.26218544794603493, 0.3019920183267208], [0.2977228308383553, 0.130914009432653, 0.23204622139601994, 0.27192850722633444], [-0.8453749565957185, -0.49931565169463643, -0.9005344433994937, -1.0052647916341357], [-0.90229405768591, -0.5583329053340041, -0.9864450709398717, -1.0996887247087581], [-0.7091554730450909, -0.3527183283115523, -0.6510701379359719, -0.7577284472324315]], "1": [[0.4020974290813925, 0.36136616507624786, -1.4771959280994509, -1.6369647258887625, -1.0399340814659812]], "2": [[-3.653203946732153], [-1.865048764465856], [-0.0004151356649994708]], "3": [[17.483885701730554, -9.055216240839671, -0.0013826918860113532]]}