{"Train": 0.16813680975548068, "Val": 0.17001781910717217, "Test": 0.17275772671838113, "max_epoch": 3, "stop_reason": "Weight gradients converged", "num_hidden_layers": 3, "total_hidden_units": 11, "unit_combination": [4, 4, 3], "learning_rate": 0.5}