{"0": [[0.5585014202037446, 0.3073719040114931, 0.9552372222998032, 0.9544486024225743], [1.771844015548313, 0.7700584263469713, 2.642032235666279, 2.6360266970092647], [-0.42290494843877763, -0.2654463276710336, -0.798901441381338, -0.7984360085099543], [-0.0973755689244925, -0.09656726596774927, -0.2572005622682225, -0.2762931645145368]], "1": [[2.5407727498922927, 6.169970084055603, -2.0588427032066634, -0.8618087043159889], [0.24572115818389825, 0.6148094042199922, -0.1993672043258369, -0.087914077609636], [2.5703845789856867, 6.202734034404733, -2.093241267221063, -0.9124281492419573], [1.9864793961610632, 4.671799076660413, -1.635074949200106, -0.715288079899954]], "2": [[-5.074372165411279, -0.6241268274738021, 10.446938915329854, 20.366897538692342], [-1.9311775206441097, -0.23854346400784662, 2.595976638972732, 5.442079528449769], [-1.6374021586955896, -0.1760771618981574, -0.06310704840551995, 0.8065801279921115]], "3": [[-20.08275371022568, 9.735220475823768, 8.288372473922962]]}