{"0": [[2.21953695900646, -0.011712187725999681, 3.249316835046069, 2.840243043226269], [-0.789959586188393, -0.08442176337609342, 5.566177169308566, 3.865234662846231]], "1": [[1.4340194617518247, -7.258720445374849], [6.624026632949829, 7.053985669963146], [-2.6356950428505947, -8.876693505351046], [-9.653482466391145, 0.3413058459957885]], "2": [[1.762574048644223, -2.0085965997334645, 2.1317997222655696, 1.912578764547713], [6.7559320965954015, 2.4096632223900754, 3.5854624435560036, -10.383749268797057], [-4.20378905385891, 0.3239945233887514, -2.898636399064527, 3.0297680218214493]], "3": [[5.734251133257821, 1.0490136692261, -8.046606870485688]]}