{"Train": 0.11354965505806162, "Val": 0.11344647600058642, "Test": 0.11335232037909589, "max_epoch": 5, "stop_reason": "Weight gradients converged", "num_hidden_layers": 3, "total_hidden_units": 5, "unit_combination": [3, 1, 1], "learning_rate": 0.5}