{"0": [[-0.20770325513337706, -0.16100584625751693, -0.2337938684483393, -0.20673922679510875], [1.2284890265793613, 1.0113999670166651, 1.537100116786425, 1.351047200839171], [-0.3976138549852536, -0.3175408636372931, -0.4939837120307166, -0.43558651997110304]], "1": [[0.408609467129606, -3.041932271370784, 0.8415768513017311]], "2": [[3.352394772233725]], "3": [[8.929408346006644]]}