{"0": [[-0.7279429966863957, -0.3184599388028297, -0.46830521639006834, -0.6997173628766951], [-0.8059456643978473, -0.3789626578101812, -0.5627508487650461, -0.7824472854357419], [-0.30538921549843023, -0.1356415786280029, -0.19794820215057868, -0.287937668913915], [-1.5298558770611308, -0.7212523971951993, -1.0683233743946976, -1.5786659144545565]], "1": [[0.012117214634493653, 0.036943800711831495, -0.015663782887415628, 0.10507914150567609], [0.7213066484982001, 0.826639400984978, 0.30480837471129385, 1.765115640587925], [-0.6680347119806941, -0.7695931993822459, -0.2737691315485606, -1.651978721449778], [-0.2175640482013021, -0.27136462276409823, -0.07473775964641734, -0.6027666623197133], [0.1574262726716313, 0.19113627526529503, 0.057477172426358684, 0.47318796287922493]], "2": [[0.14713944239209198, 2.171140744758759, -1.9882421354210502, -0.6164200362091946, 0.4759498511190436], [0.056486568106346335, 0.3868528546640708, -0.3827435231559878, -0.3147655909453865, 0.2573201615968645]], "3": [[16.345144078203433, 7.11341204030741]]}