{"Train": 1.4629415238649406, "Val": 1.461152233140394, "Test": 1.4617261323074695, "max_epoch": 5, "stop_reason": "Weight gradients converged", "num_hidden_layers": 3, "total_hidden_units": 13, "unit_combination": [4, 4, 5], "learning_rate": 0.2}