{"0": [[-0.07687828724065014, 0.3201886170660427, 0.5277297433525611, 0.4928581880038144], [0.6609997832854145, 0.8261117116672059, 1.4766239369623264, 1.3855883293657163], [-0.22653718273027773, 0.21495120529669734, 0.3207413457907325, 0.2864992908584741], [0.5016074799798016, 0.7308411447885399, 1.293069057694911, 1.21697179786703]], "1": [[0.3293120547526986, 0.9409458547947189, 0.2009653073542532, 0.7923720979039471], [0.1854517211180028, 0.4137534366279051, -0.0251991695641535, 0.49503316573106815], [0.1755117285350252, 0.3963978863334795, 0.043299824560077506, 0.39811424271907464], [0.008216518044080714, 0.8952865241503735, -0.10113189846162636, 0.6775273694333073]], "2": [[-1.1679425189743546, -0.41630337837232123, -0.4209186154307442, -0.3704088994145416], [0.7202593684698759, 0.4102885584500576, 0.27460317344947155, -0.5400517565867654], [0.887127553033336, 0.41876795041417675, 0.3398057421149474, -0.27400464233363675], [0.9012085597734116, -0.03451812895492003, 0.18723548977793356, 0.6192667568219866], [0.1394003827762505, -0.0033451191240958336, 0.0413053166908098, 0.13645630564325487]], "3": [[-3.2296995123169903, 3.309217619152476, 3.2960975281515976, 1.8716741781839945, 0.2335061116505261]]}