{"Train": 0.11354948998968317, "Val": 0.11344631054870559, "Test": 0.11335215502562006, "max_epoch": 3, "stop_reason": "Weight gradients converged", "num_hidden_layers": 3, "total_hidden_units": 9, "unit_combination": [3, 5, 1], "learning_rate": 0.5}