{"0": [[0.6977638877077964, 1.0809845184614377, 0.7479916929551699, 0.6618491759757148], [-0.2790314418616617, -0.42526442933204084, -0.29833502513153276, -0.2621566489115335], [0.8779664994379044, 1.3855936571290028, 0.9533007130447536, 0.8540872709683991]], "1": [[0.12449341252335491, -0.05219938553184528, 0.1815152859543422], [0.20409244077969843, -0.0818055668413003, 0.2875985384193339], [0.24681204960660008, -0.09377540675111702, 0.34954266713313414], [-1.6685244444417113, 0.617463393157001, -2.2586400144714087], [-0.37695697572841724, 0.15183975668753152, -0.5060075371504233]], "2": [[-0.22658514949212183, -0.3607559714834376, -0.4351564316427672, 3.0385803663742945, 0.6460871619765175]], "3": [[7.565705459604689]]}