{"Train": 0.14931111305501635, "Val": 0.14720019345334215, "Test": 0.1484092287778808, "max_epoch": 6, "stop_reason": "Weight gradients converged", "num_hidden_layers": 3, "total_hidden_units": 8, "unit_combination": [1, 3, 4], "learning_rate": 0.5}