{"0": [[2.0718523606804267, 0.1272357033137774, 9.080310632098058, 2.355280769513485]], "1": [[-0.8018704127851577], [6.084982093769141], [-2.295213179260119]], "2": [[-0.5031104251024859, 1.6113214442164692, -1.570451587998869], [0.6702626760692271, -1.5643704481070102, 1.9876711500769138], [0.33258264821253897, -1.4807376186836827, 1.2418829899512103], [0.5739241848509964, 2.4135930575030655, 1.8392858571395012]], "3": [[-5.015477468449426, 6.311368556561893, 0.5910807033575685, 2.9673912047235826]]}