{"Train": 0.16813680974893297, "Val": 0.17001781910069344, "Test": 0.17275772671171438, "max_epoch": 3, "stop_reason": "Weight gradients converged", "num_hidden_layers": 3, "total_hidden_units": 10, "unit_combination": [2, 5, 3], "learning_rate": 0.5}