{"0": [[0.49483066601731374, 0.3117946262137393, 0.6580770470520193, 0.6402345662423128], [0.6592219702003265, 0.5402087135821891, 0.8924975910509738, 0.87268556550048]], "1": [[0.28286337246089666, 0.4649288803046075], [-0.2437216136860034, -0.2285332487007763], [-0.6838260674834651, -0.9522484130482711], [-0.5594486985988418, -0.8071056225721618], [0.12178164002139252, 0.026364932911878948]], "2": [[1.3107853044792417, 0.7055042990559617, -1.3827746661938825, -1.347699154972953, -1.1300232906025856], [0.04262483958084473, -0.1516269114230135, -0.11671202132212749, -0.11191553004217145, 0.14417651896388103], [-1.6593919716600145, -0.2941288853984001, 2.5610198916375873, 2.3300952366381376, 0.723486492050081]], "3": [[15.600768618614545, -11.613869746514615, 24.99342935513804]]}