{"Train": 0.1135496632558721, "Val": 0.11344648466702668, "Test": 0.11335232810155149, "max_epoch": 3, "stop_reason": "Weight gradients converged", "num_hidden_layers": 3, "total_hidden_units": 7, "unit_combination": [3, 3, 1], "learning_rate": 0.5}