{"0": [[0.40835978769628095, 0.00984871560328097, 0.3458557954047909, 0.3166988307845802], [0.5723024427839992, 0.01649476212750273, 0.49833825060424497, 0.44951033486116854], [0.9132917004437188, 0.035179581726884096, 0.8202196958566378, 0.7294234195982884]], "1": [[0.08940152372348574, 0.12913896156137747, 0.2445287919247342], [-0.6222674929514959, -0.8900589554284434, -1.5067890502391241], [-0.01631131697982372, -0.055747466495703286, -0.11881852338067508]], "2": [[-0.2788400416996502, 1.6885008619574335, 0.12751104663937995]], "3": [[10.354860599148196]]}