{"Train": 0.14931111317683934, "Val": 0.14720019357483763, "Test": 0.1484092288988552, "max_epoch": 3, "stop_reason": "Weight gradients converged", "num_hidden_layers": 3, "total_hidden_units": 10, "unit_combination": [4, 3, 3], "learning_rate": 0.9}