{"0": [[-0.2403535955148546, -0.34742995897422135, -0.15054824025979616, -0.15159070129839053], [-0.11533955079154878, -0.1574340775182885, -0.03601253547210728, -0.04132737483512093], [0.07171469753385186, 0.11866020654479213, 0.03105836468267441, 0.027671369479431326], [-0.8030242603577121, -0.913363155890036, -0.6984713690914609, -0.6546513519072976]], "1": [[0.33056873813153753, 0.18228791996099203, -0.12779271615707238, 0.3680937270095696], [-0.5451276315714283, -0.2513881972885825, 0.18554798595135516, -1.4439668662049268], [0.09426226864745248, 0.042370148016161874, -0.037443827973362806, 0.0980024609871417]], "2": [[-0.18767834523039287, -0.7571217922658539, 0.0793828239911403], [0.07653522207370386, -0.25156002360836555, 0.1667374142430547], [1.2576239026086056, 2.894225950864741, 0.4912838066347633]], "3": [[1.7674346248390438, 3.2753819218950686, -11.678067238598315]]}