{"0": [[0.4895670490265121, 0.2794139258524249, 0.4664042986509683, 0.45265297309503205], [-1.176338554958142, -0.6682604629172014, -1.123132408425458, -1.116165572651947], [0.8815680271776561, 0.466486847181445, 0.8532498870928832, 0.8171805195558373], [-0.02110637871764296, -0.02335492480213361, -0.03610339707712767, -0.033150582933589814], [0.7445717917589192, 0.4005941674384957, 0.7170010495782992, 0.7108613224842021]], "1": [[-0.381429305425109, 0.9098958578555866, -0.6632217539255376, 0.025468060574339195, -0.5860645403909668], [-0.821610550110109, 2.2855263353592776, -1.5666995480147548, 0.05354847362004587, -1.2919119134291153]], "2": [[-0.7867614052057676, -3.551464530583777], [3.1918511084070245, 4.59941477489319], [1.8368288459184632, 1.5516998928380612], [-1.5898005475142862, -1.9142676287805362]], "3": [[0.6615393553448454, -3.7800853028522097, -7.7544132854389565, 8.244559022497409]]}