{"Train": 0.14931106308124695, "Val": 0.14720014356379146, "Test": 0.14840917886422528, "max_epoch": 5, "stop_reason": "Weight gradients converged", "num_hidden_layers": 3, "total_hidden_units": 9, "unit_combination": [2, 4, 3], "learning_rate": 0.2}