{"0": [[-3.484502807339548, -1.931337780223956, -0.7526442204209287, -1.1376217962025068], [1.6680707680624907, 1.3506122026479177, 1.0396314238357534, 0.9670869997002786]], "1": [[-1.4276432970360398, 0.9964984665051513], [-1.167610372298827, 0.9387866068814307], [-1.1019128949882309, 0.9409702829998323], [-0.9172121172151452, 0.8382023631954615]], "2": [[0.2387360056517462, 0.19300007045882053, 0.1863639258042591, 0.23865111780450365], [-3.614590010479433, -3.3514115761176932, -3.3099672760945107, -3.451919179098943], [1.1574747660417894, 0.9909800834343144, 0.9622008188229634, 1.0138550596073865]], "3": [[-2.2830321709927253, 1.7836543920499899, -4.925154715807702]]}