{"Train": 0.11354966699037132, "Val": 0.1134464879626537, "Test": 0.11335233233095747, "max_epoch": 5, "stop_reason": "Weight gradients converged", "num_hidden_layers": 3, "total_hidden_units": 6, "unit_combination": [1, 3, 2], "learning_rate": 0.5}