{"0": [[-1.4058608282813718, -0.9552721301780501, -1.5280438629632398, -1.3407859723900144]], "1": [[-1.2341192672973258], [-2.244060245551631], [-1.7271263919963136]], "2": [[-1.0154850927277173, -1.881395870725296, -1.4398728886838348], [-0.6973882006656061, -1.3084352030697617, -0.975035530498128]], "3": [[7.590235126694674, 6.8066093594956385]]}