{"0": [[9.122162116290102, 1.4010164577002284, 8.444171185499837, 8.102205852557947], [-4.445648397198424, -0.8116967278465979, -3.9339337844224818, -3.770544661505322], [9.446041931814042, 1.5821385996679835, 8.603823905376169, 8.239262824478459], [-180.96819496313134, -27.113267165089944, -168.93602747433866, -162.00037731485742], [-216.9520991091408, -32.31450490795143, -202.52891606046128, -194.22707569433013]], "1": [[-192.5654119149353, 225.72370901256667, -220.96316722936868, -129.87347077137917, 10.813229429591237], [-4.722907570403055, 12.360011572645433, -14.02353081172266, 21.795076191928448, 20.886289854555276]], "2": [[-16.68385103680572, 45.32941629903818], [-124.63895460431456, -95.46037749211543], [-9.507233879601339, 22.266055152622286], [-5.116690382502579, 16.288862232528935]], "3": [[-42.27773701247224, -5.852489898944157, -22.165927505151302, -16.495900191694265]]}