{"Train": 0.16813680955509402, "Val": 0.17001781890633266, "Test": 0.1727577265160341, "max_epoch": 3, "stop_reason": "Weight gradients converged", "num_hidden_layers": 3, "total_hidden_units": 7, "unit_combination": [2, 3, 2], "learning_rate": 0.9}