{"0": [[1.4069939381125123, 2.3722739929470227, 1.6403688202323112, 1.6527420153595345], [1.6050753742229373, 2.7081810127327226, 1.89724341331421, 1.8861509714635647]], "1": [[0.8484416384760592, 1.0726237760390902], [-2.5393058428131376, -3.179824394717238], [3.169230120533725, 3.971093995239814]], "2": [[-1.0075785924587717, 3.159428792829571, -4.169890883124756], [0.9411497293737782, -3.002805083945177, 3.9562386315266527]], "3": [[5.654090735467616, -5.327403916779934]]}