{"0": [[1.0339916294235663, -0.02244796779949758, 2.680112633390042, 2.504916544854749], [4.67400233151137, -0.11876782055306882, 11.282836930178114, 10.59318996937511]], "1": [[1.0842118631288855, 5.165016333808693], [-0.7132187785942846, -3.572919899986009], [-0.14382879706212862, -0.7147184070453986]], "2": [[7.851839123711796, -6.2876004823609675, -0.692903711046961], [6.359412688457284, -5.137446290913921, -0.5925995940712439], [0.990624690125601, -0.8154837320223982, -0.11561395736787612], [-7.48716848335465, 6.020538340962023, 0.6643472973578133]], "3": [[7.248134238973039, 6.345910117965209, 1.0308845942530098, -7.005790327254241]]}