{"Train": 1.4629415398653955, "Val": 1.46115224910847, "Test": 1.4617261483283923, "max_epoch": 5, "stop_reason": "Weight gradients converged", "num_hidden_layers": 2, "total_hidden_units": 8, "unit_combination": [4, 4], "learning_rate": 0.5}