{"0": [[0.2563979721339759, 0.648098276802436, -2.2296238003547297, -2.5810518191223157], [-0.25607240768871703, -0.6222710661987528, 2.066278675159402, 2.35969619669616], [-0.22422222610993903, -0.4330803206816935, 1.2689592387171609, 1.4519550428423866], [-0.24758171414411143, -0.5489763607524288, 1.7104918542903094, 1.9718443762459945]], "1": [[0.7682642250414182, -0.6526085470402124, -0.33807571690515786, -0.5101136832907008], [-0.031480984940795105, 0.05208921127413689, 0.06386707430024909, 0.06310670844159137], [0.03230524484492423, -0.02656009894626848, -0.006135825179048607, -0.004326300569587923], [-0.8025890697079052, 0.7172235394817976, 0.3980150411005743, 0.562776026506169]], "2": [[-5.544939857325663, -0.6898282089400368, -0.3894022355537791, 5.641597391540077]]}