{"Train": 1.4245372468566693, "Val": 1.423350363711254, "Test": 1.4248307168256442, "max_epoch": 41, "stop_reason": "Weight gradients converged", "num_hidden_layers": 3, "total_hidden_units": 8, "unit_combination": [3, 3, 2], "learning_rate": 0.2}