{"0": [[3.5291069969869153, 5.861225937982296, 9.093557457078818, 8.08400226355946], [-3.1738113669398147, -5.227885111941773, -0.703808998473189, -0.9067964002358595], [2.1107737243361067, 1.3372108475415772, -3.3192786475756644, -2.7402956265715823]], "1": [[-3.2866740438497946, 3.34880280676396, 2.241332547950683], [1.6289122506801335, -1.723038016093524, -0.042895470435012385], [-1.519143989441415, 1.6617458195192438, -0.08551090919478974]], "2": [[2.1494738840832843, -1.4791545294878432, 1.434867927005763], [0.7961260261764869, -1.4092013698324655, 1.3456555564738906]], "3": [[-1.6462103335536076, -8.359830739474617]]}