{"0": [[5.186718189004431, 5.097546668473974, 1.98437153364948, 1.2914877844030237]], "1": [[0.11382568624736403], [-0.08372485847668437], [5.065754678191886]], "2": [[0.08939443362356737, -0.06583778399922657, 1.9685776660281682], [-2.8556091745424232e-06, 2.109686182669604e-06, 6.946666861903529]], "3": [[-3.228877232430269, -4.062686655780596]]}