{"Train": 0.11354951499628003, "Val": 0.11344633680944298, "Test": 0.11335217901919158, "max_epoch": 3, "stop_reason": "Weight gradients converged", "num_hidden_layers": 2, "total_hidden_units": 7, "unit_combination": [3, 4], "learning_rate": 0.9}