{"0": [[1.216413406741238, 1.820206456901524, 1.3946930147254426, 1.4100331264624126], [0.6079703460534612, 0.7268198237329131, 0.62096632588592, 0.6404063935085], [0.4726174042694659, 0.5307820434734831, 0.4741597197464286, 0.47899711674347967]], "1": [[2.775730506945924, 0.4597208081064505, 0.3016527393603049], [2.6710490155293565, 0.44392192275420467, 0.3031185263015241], [0.2244780091588248, 0.03337321178425446, 0.007726847380410072], [3.1074783905773105, 0.5267084657038635, 0.3678072221710033]], "2": [[-2.334894685155726, -2.135062018081702, -0.3893262770907022, -3.1137269738504325]]}