{"Train": 0.11354966368785123, "Val": 0.11344648465525715, "Test": 0.11335232902061906, "max_epoch": 3, "stop_reason": "Weight gradients converged", "num_hidden_layers": 3, "total_hidden_units": 9, "unit_combination": [3, 4, 2], "learning_rate": 0.9}