{"0": [[0.6913351063213784, 0.6662118612102659, 0.7239669300450315, 0.7352140718032076], [1.5412868445463037, 1.5078153263236285, 1.6916964969711514, 1.6701775812661739], [0.05727275566397446, 0.07169822842941634, 0.05942147551058696, 0.06016722049316908]], "1": [[-0.7171935435061794, -1.856068024461197, -0.075564008171817], [0.927169612881079, 2.3551851360975022, 0.06711586241165056], [-0.8287238291698819, -2.1734327088271947, -0.0764039508007361], [-0.0014306313703864222, 0.010064928513443705, 0.014564933332483576]], "2": [[-1.8830924616432188, 2.4096747747448166, -2.2021208233033533, 0.011674125428492638], [-0.3641448884329549, 0.5732733821065313, -0.49691457038085657, -0.006030728389062938]], "3": [[-6.188740809121442, -3.7794402422400535]]}