{"Train": 0.1135496669902075, "Val": 0.11344648796252281, "Test": 0.11335233233073831, "max_epoch": 3, "stop_reason": "Weight gradients converged", "num_hidden_layers": 3, "total_hidden_units": 8, "unit_combination": [3, 1, 4], "learning_rate": 0.9}