{"0": [[0.42781973625236047, 0.2575045116871212, 0.4009574457732915, 0.3914706462963433], [-0.8461792857990338, -0.5426131294710168, -0.8290941292150849, -0.8184458359750003], [0.19265942410903042, 0.10553353972599003, 0.16430012537186564, 0.17121268308352036]], "1": [[0.7802356814689403, -1.722540635844925, 0.3255312627841134]], "2": [[2.3765460916663437], [-0.5526951120451453], [1.8232039118320118], [-0.06623387764688414]], "3": [[-8.476324485557967, 0.6832286848210699, -6.006680331976254, 0.07022469981785384]]}