{"0": [[0.38768510616251367, 0.11704081549813715, 0.46250945088854334, 0.427607482190039], [-1.2279472942420087, -0.43619090710770997, -1.6296400840306855, -1.4265843310049218]], "1": [[0.12247018654780505, -0.47813557127045353], [-0.4366989997316531, 1.7045377093299718], [0.5738748588960048, -2.235924007787678], [-0.19567693887016935, 0.7571691914043045]], "2": [[-0.4942401951346425, 1.8061189947258411, -2.4236285351604483, 0.7854074506032168]], "3": [[12.835038473219145]]}