{"Train": 0.16813680959166535, "Val": 0.17001781894298662, "Test": 0.17275772655296318, "max_epoch": 3, "stop_reason": "Weight gradients converged", "num_hidden_layers": 3, "total_hidden_units": 9, "unit_combination": [4, 2, 3], "learning_rate": 0.9}