{"0": [[0.7039157347303956, 0.6463991893805945, 0.7364519870058102, 0.7435441642361953], [1.2146003491303639, 1.1418361562534776, 1.2972256462373783, 1.2875317227665113], [1.5185030489912146, 1.4155267597786838, 1.6163272513249478, 1.6065869758658582], [-1.8619110854603496, -1.73487460171661, -1.9929791170795532, -1.9947203572760406]], "1": [[-1.104205092477561, -2.0031590203960845, -2.5900907006120675, 3.3899887557386337], [0.9176000203741179, 1.6440122813460067, 2.1101991519507424, -2.773382791566946]], "2": [[1.0347871845550594, -0.8302970432200807], [-3.442201243465349, 2.70699605182236], [3.9530376089619703, -3.110514968232148]], "3": [[1.3268840056334323, -4.537836891929398, 5.279743528705194]]}