{"Train": 0.16813639940303166, "Val": 0.17001740827592446, "Test": 0.17275731140198738, "max_epoch": 3, "stop_reason": "Weight gradients converged", "num_hidden_layers": 3, "total_hidden_units": 8, "unit_combination": [1, 2, 5], "learning_rate": 0.5}