{"0": [[0.9661803147997363, 1.2340178110838436, 0.9820812813321316, 0.9745369594436885]], "1": [[-2.3363771031119023], [-1.8156109901475634]], "2": [[-1.024872019483279, -0.7592550327329215], [-1.5428982834560103, -1.1049909480704156], [0.8464413326984543, 0.6082984339206778], [1.3638510132523292, 0.9597876588759587], [1.2051475366342026, 0.868510248389207]], "3": [[-1.2761333546198785, -1.9840820972948003, 1.031712188636128, 1.7085956261243562, 1.5031892024233298]]}