{"0": [[0.2509107574436463, 0.19683745871290032, 0.23885756980163333, 0.2047132204087861], [1.4694176763460007, 1.3602545073626728, 1.346154874655178, 1.3201402889507132]], "1": [[-0.4421119715472567, -3.6217968737415838], [-0.04135906866470185, -0.2982055297850503]], "2": [[3.137721517147677, 0.21511054100202107], [-0.7656692846001303, -0.05439874935557447], [1.460522949860764, 0.11415505502128676], [-2.2474181869261423, -0.16608984663487106]], "3": [[3.2496692024945637, -0.7601817433390617, 1.4495814649196272, -2.2637144012573356]]}