{"0": [[0.37093873025932, 0.3704312625158434, 0.3650185380207699, 0.31916776514415773], [-1.2186912149177047, -1.234700084671691, -1.2537200899633727, -1.071525959553577], [0.034496895133156354, 0.014924739551145538, 0.027458931213388025, 0.019863194048404104], [0.9556138806728469, 0.9910850581693857, 0.9643381018693719, 0.8495573965091555], [0.41230325274957796, 0.4247960732669647, 0.418411634795779, 0.371078100486127]], "1": [[-0.17858046104659292, 0.5629345703249754, -0.004915008471195557, -0.45011160313389614, -0.21565467688698794], [0.2356439228409634, -0.7161224553609874, 0.017086054159335423, 0.5709862928918137, 0.24035774067286958], [0.5022020368892605, -1.801635560215293, 0.0342897607869843, 1.3529991222533206, 0.5664805581611138], [0.4467473043281952, -1.69023784701126, 0.032675660891540455, 1.2922739785896917, 0.5326269444148027]], "2": [[1.076113465252237, -1.4207161933022001, -1.193504930645964, -1.2627236853872323], [-0.4416895173919015, 0.67708650752378, 2.1111240464482877, 1.9857156688901951]], "3": [[-21.3629316584676, -14.041321539177176]]}