{"Train": 0.1493111131825614, "Val": 0.14720019358073708, "Test": 0.14840922890526204, "max_epoch": 3, "stop_reason": "Weight gradients converged", "num_hidden_layers": 1, "total_hidden_units": 2, "unit_combination": [2], "learning_rate": 0.5}