{"0": [[-1.9826793149910005, -3.593736532626456, -1.7832902695442343, -1.7363752209156258], [48.460135258222614, 122.30249130031719, 60.66403557169382, 59.90528857900791]], "1": [[11.986270424086502, -9.54575567700608]]}