{"Train": 1.46294154032023, "Val": 1.4611522495653442, "Test": 1.4617261487832212, "max_epoch": 4, "stop_reason": "Weight gradients converged", "num_hidden_layers": 3, "total_hidden_units": 8, "unit_combination": [2, 2, 4], "learning_rate": 0.2}