{"0": [[-20.609114049263084, 0.5549419846415771, -28.39797768898083, -26.655441370560254], [-20.66008837196766, 0.5427561270677582, -28.341360988897804, -26.648180193538174]], "1": [[9.87823150250694, 9.868020731725734], [10.026793807804575, 10.059149920075736]], "2": [[1.9159469502844064, 1.9611485459966842], [-2.5752038037019176, -3.2357041920001826], [-1.6560788732099276, -1.9377891097631312], [1.5491658366021892, 3.2739464126879363]], "3": [[-4.872939630565289, 2.9894252027150054, 4.870386988078737, 1.7351962453553222]]}