{"Train": 1.462940254755904, "Val": 1.4611509646548835, "Test": 1.461724863607451, "max_epoch": 7, "stop_reason": "Weight gradients converged", "num_hidden_layers": 2, "total_hidden_units": 6, "unit_combination": [1, 5], "learning_rate": 0.9}