{"0": [[8.885685861775588, -1.055168520243481, 7.793171192064464, 4.993569219362738]], "1": [[1.4733038130812124], [-2.204382562524185], [0.08845465781179013], [-0.004661000360261847], [-2.526221351702773]], "2": [[1.6613327466721692, -2.7021264157424607, 0.08873615735578429, -0.005387481491487776, -3.287414529667621]]}