{"0": [[2.1129887339130513, 0.22485740135995438, 1.7624749364379395, 1.7343369880938269], [0.5689445478800721, 0.04930057190450429, 0.405473725213431, 0.4059937624754303], [1.5720684478900036, 0.17668625628067394, 1.2255366831372816, 1.2042648174000499], [-1.0264145698002975, -0.10529133357306251, -0.771844514654562, -0.7672403754096061]], "1": [[1.3531714780633093, 0.31862160557377134, 0.9448503802816278, -0.6585248391209704], [-0.6550247533190454, -0.12716161716106336, -0.43127392104307277, 0.2816522361559328], [-1.1359740456074277, -0.26896502413699713, -0.7889714760052454, 0.547580931997419]], "2": [[-1.8264694283471525, 0.993952691090391, 1.559401652481331], [1.2151875305631967, -1.2875970197885682, -1.2558295077007708]], "3": [[14.965566202735646, -4.098343776074645]]}