{"0": [[-0.962548988756193, -0.955798134470899, -0.9606038508753739, -0.9569112014187909], [0.7680278598830156, 0.7531419237286602, 0.7356743229838785, 0.7380028068410438], [0.6150223206205216, 0.6138993165893628, 0.5933124671378193, 0.6033023685769152]], "1": [[-0.9335619660683615, 0.7115937430825873, 0.5731066556519355], [-0.7039621149911046, 0.5325567287495809, 0.4174726313116357], [-1.4993836096002653, 1.1175294434277143, 0.8920398905563554], [0.8557700662608698, -0.644343183308676, -0.50510477638041]], "2": [[-1.1728130263394598, -0.8928313572715615, -1.8813863392498604, 1.0608506835932072], [0.4731829101176841, 0.3077181127788317, 0.844596867516781, -0.4232880807517114]], "3": [[7.165713574076086, -5.84080393701908]]}