{"Train": 1.424537245299418, "Val": 1.4233503621561268, "Test": 1.4248307152678379, "max_epoch": 3, "stop_reason": "Weight gradients converged", "num_hidden_layers": 2, "total_hidden_units": 8, "unit_combination": [5, 3], "learning_rate": 0.5}