{"0": [[-0.4096396022867319, -0.6513417213942894, -0.3814009538967464, -0.3814261329855545], [-0.7809420390663858, -1.3996362258628914, -0.7113504162147934, -0.700140265660949], [0.5930760144633838, 1.019743648838204, 0.5284780895574283, 0.5359308748803153], [0.6523095514863112, 1.155784187423623, 0.5967667610976162, 0.5813404124575101], [0.8260208498514513, 1.514636135678419, 0.7648185290008347, 0.7460438816751513]], "1": [[0.6185345374521148, 1.3768735783411086, -0.9771401410908878, -1.1128307080989666, -1.4852731220748765], [-0.598797800860931, -1.3641488145885585, 0.9525850802120859, 1.0860097214497249, 1.5065821438455351], [0.7357306374727112, 1.214759919876696, -1.0044221897718488, -1.0811105456178924, -1.2355853723574648]], "2": [[-3.4741920925485354, 3.489668038912452, -2.9325638394518174]]}