{"Train": 0.11354963126291202, "Val": 0.11344645785785412, "Test": 0.11335228587537215, "max_epoch": 3, "stop_reason": "Weight gradients converged", "num_hidden_layers": 3, "total_hidden_units": 7, "unit_combination": [3, 1, 3], "learning_rate": 0.9}