{"0": [[-0.8350217383212328, -0.1279081623869564, -0.7774358785668718, -0.8101538985417086], [0.034413189262690554, 0.031545773360305056, -0.0013335535626314383, 0.035329063814824785], [-0.19588382974492888, -0.03462741642532374, -0.1578297154479408, -0.17467453633944974]], "1": [[1.6357817505837817, -0.04255875840291574, 0.31046354889015393]], "2": [[-0.6789630858007185], [-0.4059286865767521], [-2.155323894852431]], "3": [[-3.5247828068918707, -0.278169264653216, -7.135229917478798]]}