{"0": [[0.5892749142962436, 0.17436426031711497, 0.6073396043966354, 0.5871432895496289], [1.8565556957579905, 0.5465978965411276, 1.9428778668555724, 1.9203415777408503]], "1": [[-0.10635081705866994, -0.45456029772699935], [0.6724791306145106, 2.462095880407995], [-0.5811270716976834, -2.1037145418113257], [0.5179237852034213, 1.9076424926025415], [0.16204489457613117, 0.6400380542612002]], "2": [[0.41193913414788236, -2.0577288275128636, 1.7582899140019292, -1.595185135484712, -0.5587205812375919], [-0.20994578328460595, 1.2077901244458693, -1.020722239656396, 0.9153129702984235, 0.31309973431241656], [0.07819607306142676, -0.7794565648484996, 0.6278027483012754, -0.5449267938560596, -0.11789216925786719]], "3": [[16.509264398157576, -15.179215402584054, 14.734618792457681]]}