{"0": [[0.3224329046658298, 0.15999433550934047, 0.25202979726135605, 0.25508351684598357], [-1.5886176250587598, -0.8957785800811426, -1.319921629116422, -1.3013180327461418]], "1": [[0.0006739191323008784, 0.05393332472004171], [-0.23865931779403307, 1.393773386278731], [0.31687089809649505, -1.9319148204733532], [-0.09847828281255872, 0.6202270207779609], [0.30380922464205584, -1.822268079457597]], "2": [[0.0356871065152103, 0.7325097143358384, -1.051851381677526, 0.3320372228881927, -0.9782870567040703], [-0.03913676302550286, -1.2036381705863426, 1.6686489756676202, -0.5291996134956976, 1.577646735704693]], "3": [[11.162349059378183, -12.111136979533754]]}