{"Train": 0.16813680963910016, "Val": 0.17001781899262797, "Test": 0.1727577265912257, "max_epoch": 3, "stop_reason": "Weight gradients converged", "num_hidden_layers": 3, "total_hidden_units": 11, "unit_combination": [5, 3, 3], "learning_rate": 0.5}