{"0": [[-0.12674452579765508, -0.2264288862212905, -0.24048836923467562, -0.2515313476184406], [0.15230848556723228, 0.3010484402124675, 0.3347107545184004, 0.363496943646371], [0.17029875473299938, 0.3064779540341781, 0.34051029570523167, 0.40292671034469707], [0.1021656845056805, 0.2077709143517981, 0.20013585158181701, 0.22543269530771057], [0.013418470205303823, 0.06482445945045265, 0.04885676948659047, 0.06122248975400659]], "1": [[0.16027247023571958, -0.2168059395194274, -0.23741803119093075, -0.13194138443603015, -0.04706568023801644], [-0.42953217989702086, 0.5811717613953, 0.6079322093665044, 0.38901690911108316, 0.10310987434743238], [-0.04685890621720372, 0.027994739770267667, 0.01813813215753654, 0.06741251697605924, 0.006918878597738362]], "2": [[-1.6557324996324958, 1.8763420542940965, -1.2752033153469313], [0.664274097425996, -0.7555562101592146, 0.34043211953382224], [2.313920942000961, -3.0066690488937806, 1.3100167295236853]], "3": [[3.3727845685065256, 1.533262427660141, 13.876233139714047]]}