{"Train": 0.14931094264631245, "Val": 0.1472000232782158, "Test": 0.14840905771084292, "max_epoch": 3, "stop_reason": "Weight gradients converged", "num_hidden_layers": 2, "total_hidden_units": 7, "unit_combination": [4, 3], "learning_rate": 0.5}