{"0": [[-0.8251054286158395, -1.4945913276135847, -0.7514134175298763, -0.7310696156219216], [0.307777144035634, 0.5568389530619641, 0.2668752774174254, 0.25824876789315065], [0.9989393915786434, 1.928336294089462, 0.9300329097909493, 0.9218020369600164], [-0.2952161265926841, -0.5014471544257492, -0.2792718643021681, -0.2562066669960546]], "1": [[-1.6329604322070879, 0.5418463335539868, 2.574908687484598, -0.4978900640450939], [-0.6135535806204881, 0.21408551079754212, 0.9747283618615256, -0.18871204145028084], [1.4474634744496153, -0.45992149633359986, -2.3157362206909786, 0.45278846150817115]], "2": [[-3.532364178713306, -1.1914278702233592, 3.0468904982540015]]}