{"Train": 0.11354966685929728, "Val": 0.11344648783777331, "Test": 0.11335233219114693, "max_epoch": 3, "stop_reason": "Weight gradients converged", "num_hidden_layers": 3, "total_hidden_units": 8, "unit_combination": [4, 1, 3], "learning_rate": 0.9}