{"0": [[0.2961942570222498, 0.1165481624089512, 0.31235409335750486, 0.28539273600652426], [0.39513939489152033, 0.1389935758608992, 0.37159809636672925, 0.37684693384592216], [-0.9717298798499081, -0.33917755375009, -0.9552040590409947, -0.9401207843770287], [-0.1647701020568447, -0.06399138747822603, -0.11918690743274725, -0.14437396728663573]], "1": [[0.5282507522849765, 0.6835676370619964, -1.8181001744310052, -0.2600028140795121]], "2": [[-2.207322223205366], [-0.729234784908565], [1.172183282338354]], "3": [[7.544054624680265, 1.4689867171764117, -3.7282992793361696]]}