{"0": [[0.7766973886629868, 0.12286926321662833, 1.829672697765184, 2.1512403573985526]], "1": [[-0.1757621265870707], [3.5841175503191054], [5.064598742205584], [4.739808488187873]], "2": [[-4.357063494280511, -1.8503220553564068, -1.7811322428821117, -0.966349335196552], [0.2903844499252262, 0.1340456162006001, 0.13665438166481741, 0.005818877042245762], [2.63676099229897, 1.6439728243455496, 1.479239754818295, 2.0058298173536158], [12.810954060216229, 5.783894671723571, 5.310253055658008, 4.145923973529511]], "3": [[3.5274891933709016, -0.3530062611356528, -0.8042099609701502, -4.932285159007387]]}