{"Train": 0.11354966032119809, "Val": 0.11344648127619632, "Test": 0.11335232565134878, "max_epoch": 7, "stop_reason": "Weight gradients converged", "num_hidden_layers": 3, "total_hidden_units": 7, "unit_combination": [2, 2, 3], "learning_rate": 0.2}