{"0": [[-9.600572553435061, -0.7391160782480597, -4.3914298039418505, -1.7422711544842697], [5.073174795507564, 0.43201513241761336, 2.863717424727645, 1.137650293970334]], "1": [[-6.164290411082783, 3.1118762439890832], [3.727694072716884, -4.167518163470388]], "2": [[-15.34730697203361, 6.076939340814296], [-14.325754704996314, 10.16387080595894], [-27.011407854898287, 16.62194570631015]], "3": [[-0.9172284009893614, 2.482284839080239, 7.632887314162212]]}