{"Train": 0.1135490193009844, "Val": 0.11344584036323069, "Test": 0.11335168207648237, "max_epoch": 3, "stop_reason": "Weight gradients converged", "num_hidden_layers": 2, "total_hidden_units": 6, "unit_combination": [5, 1], "learning_rate": 0.5}