{"0": [[0.6354216173370365, 0.32200888230231145, 0.49385511764588136, 0.48677442130116005], [1.8432653814372855, 1.0426982758747962, 1.4688374518242047, 1.4278516044263765], [-2.408677150442575, -1.4468721478975997, -1.9740722372111055, -1.9164832173457467], [-1.47989787200718, -0.7979990805570747, -1.1639033704021724, -1.1421921710195218], [-1.370808513980839, -0.7477119512303354, -1.0743633604659963, -1.0580881164262566]], "1": [[0.5172955796447994, 0.9306581941063456, -1.1392108436196955, -0.8231712317961564, -0.807399539384728]], "2": [[-6.922184784707922]]}