{"0": [[0.27056342269609884, 0.06004946001160494, 0.25746463712561796, 0.30379411841351056], [1.0817017338175174, 0.2587095018183827, 1.1678539984394822, 1.2234692824449955], [-0.8318748801284794, -0.17092031868763705, -0.8922880272790915, -0.9139468281586065], [0.7623055492739541, 0.161319859983463, 0.8093190338613083, 0.8081153303582069], [0.7358478137856688, 0.1438381896678699, 0.7793212646558545, 0.8214317990991057]], "1": [[-0.48746511090046035, -2.2385079876613694, 1.6152715902760868, -1.4420694309944628, -1.4126560197591895]], "2": [[-4.08981446539646], [7.808726428983916]], "3": [[-25.055138274174617, -3.3074255219440722]]}