{"Train": 0.1135702061649685, "Val": 0.11262373338135538, "Test": 0.11412509453992056, "max_epoch": 8, "stop_reason": "Weight gradients converged", "num_hidden_layers": 1, "total_hidden_units": 3, "unit_combination": [3], "learning_rate": 0.2}