{"Train": 0.11354961730536384, "Val": 0.11344646727262975, "Test": 0.1133522730199049, "max_epoch": 42, "stop_reason": "Weight gradients converged", "num_hidden_layers": 1, "total_hidden_units": 3, "unit_combination": [3], "learning_rate": 0.2}