{"0": [[6.207267448071175, 2.555326462019016, 0.6723887097264166, 2.1653170911916195], [-4.422458992854086, -0.4916565677443058, -0.4745855789987513, -1.3768927041840178], [4.011378770295475, 1.251170239000314, 0.44965584402079334, 1.3009875968781506]], "1": [[-5.4667119215865645, 3.266688499495148, -2.673363317640582]]}