{"0": [[-0.7098162927866699, 2.918941252283652, 4.0746756139556375, 3.723345277521265], [9.438673690732164, -1.3539525340877978, -2.0508193099781393, -2.3662110756259866], [-2.9271134043963474, -5.6112122729315566, -0.8426082969248562, -3.137282023866265]], "1": [[0.14061977838379308, 0.3726697353657581, 9.850317160876198]]}