{"Train": 0.16813680975242973, "Val": 0.17001781910411456, "Test": 0.17275772671529982, "max_epoch": 3, "stop_reason": "Weight gradients converged", "num_hidden_layers": 3, "total_hidden_units": 7, "unit_combination": [4, 2, 1], "learning_rate": 0.5}