{"0": [[-0.5143405512812154, -0.8795545771385526, -0.5281659099596984, -0.5612926354195604], [0.5849339511967931, 1.0536401398149073, 0.669398428770355, 0.7022273071762093], [-0.38840624788025285, -0.7208293038511027, -0.45741235714516576, -0.4586063441098495], [-0.12555365486138823, -0.21285454754553151, -0.13507556173631885, -0.1433218222709801]], "1": [[-0.5576659887007934, 0.736776988188625, -0.4410410366173487, -0.14014673828855762], [1.3511728049267622, -1.7975601151127318, 1.039145065084634, 0.28227701509154685]], "2": [[-1.0481970742922038, 3.241495801769467]], "3": [[13.081210444779746]]}