{"0": [[-0.04827983193186087, -0.40956546528996995, -0.9126139715241327, -1.8646474506541577], [-2.926238889121682, -0.6377201471876386, -1.504620129506543, -0.7250940007148581], [-2.5983749122046653, -0.5232946293490234, -1.3653109146788898, -0.7003082247182812], [1.989897087266988, -0.04856057244497808, 0.8302494689726401, -0.1524358280254595], [2.4039368954231644, 0.4594441787912558, 1.264737836218387, 0.6753614407265848]], "1": [[-1.9067419127927299, -0.9378466711399482, -0.8305680254670421, -0.018163590998531935, 0.7531665338116671], [-1.4559048962039545, -0.8055493598346143, -0.767683487615078, 0.609589772041168, 0.7445982802905292], [0.06985611675080805, 1.277407861932634, 1.1002292760396133, -0.6449081829478069, -1.0010500039318384]], "2": [[2.224505962418321, 1.2335737876463229, -0.8811007044484538], [-1.9630224212520513, -0.9911662009371901, 0.5315725226113911], [-2.264779420852916, -2.4664632488671008, 2.7873579119230567], [0.4384761959025016, 0.7000984967807092, -0.9148347786328539], [-2.7420884512096046, -2.639834733289975, 2.5131561159048985]], "3": [[-5.203029003138839, 4.800998711523221, 6.083467893901811, -4.287000781204144, 5.634882725918369]]}