{"0": [[0.6693803353320513, 0.68373507634911, 0.5780983479748358, 0.5962574263645042], [0.2786867567977085, 0.27225882487850467, 0.22536357726263737, 0.20536018376392354], [0.5306542343747066, 0.5357113214698436, 0.4616119670424869, 0.45834077502050263], [-0.5794632126658863, -0.5653504007413369, -0.4943207035391917, -0.48088531104770954]], "1": [[1.2947726731901832, 0.4967192704828987, 1.0020939367269315, -1.0780659122391902]], "2": [[-0.16993116590496657], [0.01987537786122988], [-0.3845082354199727], [3.194788054894588]], "3": [[-0.5889164642600943, 0.025355592873649604, 0.7017649139669496, -9.564274121787534]]}