{"Train": 0.1135496669904961, "Val": 0.11344648796280339, "Test": 0.1133523323307517, "max_epoch": 8, "stop_reason": "Weight gradients converged", "num_hidden_layers": 3, "total_hidden_units": 10, "unit_combination": [4, 3, 3], "learning_rate": 0.5}