{"0": [[-0.8425528337097863, -0.06038825444860029, -0.4076359437263829, -0.5114404584007972], [-0.6768673573597551, -0.05197299961053801, -0.3083783316438354, -0.3725691488355132], [-0.14925703318744304, -0.014208892899386205, -0.026388537011414654, -0.03739355861686454], [-0.23575261327365696, -0.0175264771277834, -0.08506741807989439, -0.10034288148223598]], "1": [[-0.16744667777239763, -0.17407366233439303, -0.05175433405902292, -0.12024739768857834], [0.9729302265830814, 0.7392085797872556, 0.1472765256967108, 0.25744973770987667], [0.6350692311720125, 0.4767791750482422, 0.08939899855921041, 0.15147067428291064]], "2": [[0.8046469462306052, 2.5336048190533873, 2.1636534670395697], [0.20024209101467372, 0.1657393300273823, 0.21048614453328393], [-1.224900825613403, -2.9376499034198313, -2.800156327090603]], "3": [[21.55537761283319, -3.612752577841631, 4.682029674596859]]}