{"0": [[0.021790833190371256, 0.01671453485972824, 0.39317192353261454, -0.16497299968907436], [0.5868944788078829, 0.10412494548612623, 1.912856306945936, 0.32986047440403765], [0.4974154447245932, 0.09282679981523745, 1.6274215750830134, 0.1997699389356953], [-0.6864768267900427, -0.12870738636106974, -2.2214898086929495, -0.42086872508535567], [-0.031087801647931852, -0.004944410862966771, 0.30297560172818133, -0.16324241597931766]], "1": [[-0.036062025554824885, -0.028201414584703866, -0.023795550436831087, 0.03589934767581615, -0.0344065723870313], [-1.3592484094086836, -3.037505238651447, -2.829787765620847, 3.199204342709728, -1.2353543419481494], [0.05780520888335003, 0.10986001239166358, 0.10999463420738821, -0.1111036389810277, 0.04378642670018301]], "2": [[1.2212445427556884, -2.7234495583743024, 0.1787817721523908], [4.66235052666815, -5.956152800504573, 1.1850327008587878]], "3": [[3.8684349257531574, 11.066038677500863]]}