{"0": [[-0.413604800982854, -0.633972989576502, -0.4290630140818443, -0.4086346608887135], [-0.19136369709333964, -0.2699851999924239, -0.18971482839767986, -0.18396916476819136], [-0.1262881516882058, -0.17995940751906708, -0.1258507916783807, -0.1343388940807892], [-0.996019644517442, -1.4945748316543026, -1.0219221134392906, -1.0091880549707162], [-0.1513200031442597, -0.21820405261412568, -0.1262527941142546, -0.12729038582486754]], "1": [[0.8126977543518094, 0.3493943681601792, 0.23671553489227973, 2.184090199457022, 0.2666318486632372], [-0.25290879182655696, -0.11011419983443806, -0.0847105255372848, -0.7116107141999091, -0.0948083108855655], [0.2301290329538841, 0.1055148794467257, 0.05101567570004569, 0.6516641856148846, 0.07375803342500999], [0.4071066475778948, 0.18360672692759233, 0.1274148953897223, 1.144426068753706, 0.12980364427309898]], "2": [[0.10617709147934058, -0.04374567565410948, 0.04940651137532407, 0.06504559336779696], [-0.16931148636159124, -0.17246770072772913, 0.16524564599352376, 0.11574522275843294], [1.5350601249380014, -0.5415017371318386, 0.4861305650105175, 0.8135170244001323], [-1.579043286263384, 0.5347337404461779, -0.5036658392816755, -0.8313036932609604], [-0.6103576636673632, 0.10819136651131192, -0.08797681198487908, -0.2117377707696263]], "3": [[-0.05000858288537791, -2.3549448742430403, 3.881262306388676, -3.927941927169234, -2.8410782557071577]]}