{"Train": 0.11353051346975797, "Val": 0.11342728493172312, "Test": 0.11333314857443297, "max_epoch": 49, "stop_reason": "Max epochs reached", "num_hidden_layers": 2, "total_hidden_units": 4, "unit_combination": [1, 3], "learning_rate": 0.2}