{"0": [[9.183902477818666, 1.650871590565875, 1.0044817085468507, 2.2797021974970435]], "1": [[-8.023025199004988e-11], [-7.051362475575811], [-3.3090560031821715e-11]], "2": [[-8.023025199004988e-11, 5.216551838905538, -3.3090560031821715e-11]]}