{"0": [[-1.5356806505308194, -0.2868729302528557, -1.7460770315716658, -1.7405165192100385], [1.1830683700796045, 0.20774048395370234, 1.3364826805341006, 1.3482495495457094], [-0.8878257483195979, -0.17348426763350652, -0.984047672539915, -0.9788354943578661], [-1.111899658978381, -0.2238828947228738, -1.232103030196535, -1.22194403188562], [-0.1994451200068501, -0.016797336251241902, -0.23493973333657708, -0.22515289404903727]], "1": [[-1.258290517202313, 0.9467482328383444, -0.6874858951642641, -0.8641147910948397, -0.13382802744231423], [1.9990079049181178, -1.4654595312161247, 1.0582807942976256, 1.3337985368482073, 0.23740843299738681], [-1.865510924251586, 1.3616355384617633, -0.9712210429615517, -1.2650252662785177, -0.23428461272819945], [-0.9678912039925645, 0.7205736170976316, -0.526362091760764, -0.6635198682311424, -0.11490247178600971], [-0.4176787536271485, 0.31538588598120393, -0.23832014148537298, -0.2933965355436225, -0.050672750964077105]], "2": [[-1.9596382227580718, 3.1473501527787637, -2.9213249772429286, -1.4937552179369598, -0.6508855544327578]], "3": [[10.827720575590947]]}