{"Train": 0.11354956318443271, "Val": 0.11344638631388519, "Test": 0.11335222628511897, "max_epoch": 3, "stop_reason": "Weight gradients converged", "num_hidden_layers": 2, "total_hidden_units": 7, "unit_combination": [2, 5], "learning_rate": 0.5}