{"0": [[-1.0922903594270068, -2.0504960735284623, -1.1187441459658736, -1.1234868865741894], [-0.9787727142313937, -1.8206887306441137, -0.9779948380961848, -1.0051572539295726]], "1": [[1.7246818480731154, 1.4499588353529789], [-0.16675549142686813, -0.12083868324308594], [0.47035814308690976, 0.42497214953157586], [-1.6402375276679022, -1.4069570308197852], [-2.185834448074379, -1.8628262129039934]], "2": [[2.290150702177421, -0.20685201248013102, 0.6325631268662388, -2.192414803977793, -2.957659281662831]]}