{"Train": 0.11354966448947255, "Val": 0.11344648558887431, "Test": 0.11335232968971265, "max_epoch": 3, "stop_reason": "Weight gradients converged", "num_hidden_layers": 3, "total_hidden_units": 6, "unit_combination": [3, 2, 1], "learning_rate": 0.5}