{"0": [[0.40831078545079563, 0.17678860092880513, 0.4439887289292548, 0.3959146479448605], [0.7964350526226421, 0.34458181601626486, 0.8968028178425638, 0.7816625558792936], [-0.23972365371129198, -0.0959337299861179, -0.274432846689683, -0.23929109893531983]], "1": [[0.7499878203157597, 1.6675065397863358, -0.44489137899635417], [-0.13141397644207495, -0.35791150654673476, 0.07096592247969878]], "2": [[1.8801748871513528, -0.34669086940999294]], "3": [[-10.231474334908143]]}