{"Train": 0.11354966667207232, "Val": 0.11344648764449748, "Test": 0.11335233201167631, "max_epoch": 3, "stop_reason": "Weight gradients converged", "num_hidden_layers": 3, "total_hidden_units": 8, "unit_combination": [2, 4, 2], "learning_rate": 0.9}