{"0": [[0.5478402510623729, 0.46952475666659743, 0.567723570498832, 0.5417664105821863], [0.98473579343708, 0.7481601072275383, 0.9682053739789543, 0.9468648495310387]], "1": [[0.40551633841365187, 0.7904207119116305], [0.06598199787076614, 0.01412347522951307], [0.20508581976929827, 0.45103331181403267], [-0.9515370687179582, -1.6232617309663318]], "2": [[0.35343663737434683, -0.23723652259156586, 0.3594868024674957, -0.4242276357842388], [-1.2071040455806823, 0.28388699622615904, -0.8891077753282376, 2.0806468769634145]], "3": [[19.67949034980456, 24.357387364299534]]}