{"Train": 0.16813680975548265, "Val": 0.17001781910717412, "Test": 0.1727577267183831, "max_epoch": 3, "stop_reason": "Weight gradients converged", "num_hidden_layers": 3, "total_hidden_units": 11, "unit_combination": [2, 5, 4], "learning_rate": 0.9}