{"0": [[-4.810464227567339, -0.8427170022218795, -5.592851878595422, -5.590454596449442], [-33.85994292886015, -6.556166981596025, -40.062096342054645, -40.069100612898325]], "1": [[-0.807181496014262, 1.1712282462096684], [0.609895086011001, -1.0035095429214982], [-13.088654542001255, 21.868771591507684], [-10.731370204781543, 17.581107182696343], [-16.979357944821185, 29.53774617360141]], "2": [[2.147167005204408, -0.5223499444994824, 5.195932505611381, 7.786495346924389, -6.0921935722894105], [1.324056820641044, -0.4802910852291191, 9.441612240732784, 9.330800293419756, 6.317069692235982], [0.01430839206335897, -0.004354704171818104, 0.055754555968234046, 0.04533253470173536, 0.04947505154384743], [-0.2785663134988687, 0.15058782043896216, -4.317675373638703, -3.6097103565831357, -5.235442043309337]], "3": [[-12.654710204095892, 34.1308048297263, 0.33302891552756636, -23.489853034848938]]}