{"0": [[-3.3094546488984067, -3.140360428469708, -1.6198728162291687, -1.6936147141952869], [-1.3309098115393319, -3.091003187685892, -1.542925273992453, -1.5855135873333936]], "1": [[1.1357298088274803, 1.740879746008151], [1.9674464902784754, 1.6827906203725107], [-1.7541054587303104, -1.6331799446790167], [-1.6392622276376458, -1.5359371333251768]], "2": [[1.8005935682712104, 4.55213876080097, -3.0383893787306935, -2.697287830784851]], "3": [[6.78856441783196]]}