{"0": [[1.5752766790091361, 0.12109810613251965, 1.5266998073323081, 1.4714198716815963], [-1.7913617974990106, -0.14524499392100046, -1.7312609466916193, -1.6630675935086965], [2.5500083969333938, 0.19036371479576636, 2.477323494518436, 2.454102235308707]], "1": [[-1.7191398835039267, 1.539880788074892, -23.643389533748547]], "2": [[2.3155880431310836]], "3": [[10.41370322412888]]}