{"0": [[-1.3290988750206199, -0.0038446579928861605, -6.858678878112787, 0.15349478041266912], [-1.8032209459822246, -0.06348136480905574, 0.025053161813615183, -0.9422636886673154], [-1.1794086274476678, -0.016935109841112687, 0.8800187159473604, -0.7345156758716148], [-0.8407165572317968, 0.03478236563915283, 2.4045371026274096, -0.7338926712294785], [-0.3371086682622615, -0.12520023196801502, -5.473872576103811, 0.5464369434470577]], "1": [[-3.566317810441324, -1.829294777808563, -1.0309178099563847, -0.3103267710489779, -1.912197357298429], [-1.7889487678410718, -1.2164823526441044, -0.7880756911566473, -0.4671372968400289, -0.5332146836447302], [-1.0020128937438086, -0.5193375418551376, -0.22876288319667817, -0.020650225355691793, -0.3459739619533682], [-0.42332549167489336, -0.20740292722059064, -0.05439071779899407, 0.1332059638553731, -0.2407113091325561]], "2": [[-6.646971268446764, -4.934636439965262, -3.370080843736434, -0.6904297051373303], [-0.3806678062757046, -1.218662017786511, -1.359174126635577, -0.654725932745486]], "3": [[2.210786478277427, 6.644654497654185]]}