{"Train": 0.14930631513254514, "Val": 0.14719540164801304, "Test": 0.14840443876871276, "max_epoch": 49, "stop_reason": "Max epochs reached", "num_hidden_layers": 3, "total_hidden_units": 7, "unit_combination": [4, 2, 1], "learning_rate": 0.2}