{"0": [[0.13864218352512248, -0.02579352898306432, 0.08312728603851706, 0.06021896819463364], [0.572394642196696, -2.662020095346771, -1.4216133922757104, -1.4259073604318677], [-2.01958964959328, -1.0348386501916502, -3.6500863605587974, -3.278178886309502], [-0.1730144562465568, -0.18305853818537512, -0.30856413778937014, -0.3006734982709334]], "1": [[0.19348116332056123, -0.5217364859981111, 3.6539681512652136, 0.39516869228741885], [-1.2125061152092969, -4.043493990725586, -5.05212331567562, -1.3336283582556465]], "2": [[-3.112364185107999, 4.656135581774572]], "3": [[-5.962692411335465]]}