{"0": [[-1.9946320293968924, -0.96585346441786, -1.8821045207626177, -1.8391806322955946]], "1": [[1.983706104609187], [2.09864307886201], [0.6365730399131632], [-0.5149201563774641], [2.6103232422391507]], "2": [[-1.7982922031921864, -1.9110275626336763, -0.5691639170405256, 0.4572611976544023, -2.387460803030576], [0.8980348889991828, 0.9396366217175536, 0.2906930828208865, -0.2395310595830461, 1.1938111693828803]], "3": [[7.393306096840785, -9.231980232577943]]}