{"0": [[0.0081278239661003, -0.0037452539833638236, -0.001059436019546319, 0.00048600731759510137]], "1": [[0.004874656774255764]], "2": [[-0.006281647016101994], [-0.0019704848438027336], [0.008888825702523924]], "3": [[0.0262459600277148, -0.0011214863800616014, 0.005447220341491082]]}