{"Train": 1.424537252086777, "Val": 1.4233503689424893, "Test": 1.4248307220579677, "max_epoch": 3, "stop_reason": "Weight gradients converged", "num_hidden_layers": 3, "total_hidden_units": 10, "unit_combination": [3, 4, 3], "learning_rate": 0.9}