{"0": [[0.8323783447496519, 0.5838672934251913, 0.8897442023292277, 0.9048448657779274], [-0.10850606993508582, -0.08935782283094404, -0.14596221283245775, -0.15255462841403641], [0.7389437847368546, 0.4891591671134804, 0.7970613082292001, 0.7925273225123882]], "1": [[1.4343526563607318, -0.1643344523973596, 1.1617226131508789], [0.551519537799683, -0.09474505016487673, 0.5136580692865945], [0.3668667965527941, -0.068129318944303, 0.3321699627598389], [-1.226166118641757, 0.1593490082676927, -1.0203430002034704]], "2": [[-1.4561141653827574, 0.04248713301555249, 0.0414439105317337, 0.9067287488069142], [-1.9207451688433927, -0.5026309009458158, -0.3207435051226864, 2.0071180875207966], [2.0997999470373254, 0.9044075791618101, 0.5689137974486334, -2.3146874594828186]], "3": [[15.98034186545642, -3.964786331214926, 22.370153592812212]]}