{"0": [[3.421520403522691, 0.6971164062402385, 0.2028276657920662, 0.17669561273038611], [1.889704996233226, 0.3743979051208394, 0.10061031971911577, 0.13069749989528903], [-1.7232758679124394, -0.3427817829444838, -0.0871826949503482, -0.10658985401486269]], "1": [[0.6220788373023619, 0.42705904461832156, -0.416107232479478], [0.5896383283329817, 0.5954285045653507, -0.5876867106063141], [3.620679306255874, 2.7371920745335543, -2.5849318672811816]], "2": [[-2.1409259238132785, 0.7607412578454636, -5.564221587490939]], "3": [[-2.4832188845380805]]}