{"0": [[0.36744599884817675, -0.03699618881440103, -1.183065390539603, -1.457297358233056], [-1.8643875771072147, -5.041717154404521, -3.3847157338009497, -3.1997016897108024], [0.3798576988160296, 0.07277214971272294, -1.3212896507579923, -1.487772636321931]], "1": [[-29.139453580826356, -24.632366214943076, -29.42945616953614]], "2": [[5.007303708408921]], "3": [[-6.866370985734984]]}