{"0": [[0.11229962304329333, -0.037830643415410675, -0.14728269323618734, -0.12350890256301311], [-0.04720695444397164, 0.8398737789345255, 4.3324467392009085, 4.4122129117639535], [0.38882473022482944, 0.49017038695553555, 3.5231628119559515, 3.6049927245100197]], "1": [[0.22642298314454998, -5.892593559006676, -4.674586387277713], [0.2421076847907615, -5.949155085497513, -4.711353650871207]], "2": [[-1.8842498739490285, -1.9123537981448295], [0.7983754163991812, 0.8367459671888234], [2.0310956328770944, 2.067574728479536], [-0.14786577643126442, -0.3171439029373735]], "3": [[-4.973619188889466, 1.329514939410392, 3.108003154741898, -0.6622034599107953]]}