{"Train": 0.14931105697509864, "Val": 0.14720013744623991, "Test": 0.14840917278802732, "max_epoch": 5, "stop_reason": "Weight gradients converged", "num_hidden_layers": 3, "total_hidden_units": 14, "unit_combination": [4, 5, 5], "learning_rate": 0.2}