{"0": [[-1.7141104320000171, -0.320450845247238, -3.7967316489055016, -2.032614119592397], [0.4976347218802339, 1.3245837289754498, 0.09982226213054606, 0.7106164317611156], [1.622458862498414, 0.37879665733612655, 3.2338658383075476, 1.7259281612253299], [1.7347912293773098, 0.35716759089468947, 3.7797094895513887, 2.0505569047576224]], "1": [[-1.7552056554462476, 0.02394195914860864, 1.6055178584324519, 1.7643395257158783], [-0.9043525460731247, 0.042075508265184774, 0.8255403833861743, 0.9163173049972633], [-1.524107270238691, 0.16562557196064198, 1.423016318640082, 1.540459923410049], [0.5853372321803622, -0.37294458932360863, -0.5568799370359881, -0.6008173058312687], [1.212136720854636, 3.283671623165951, -0.9875156674976213, -1.1235678372568825]], "2": [[1.965575617407869, 1.9496512572963536, 2.0410838377328338, -1.2052617794252865, -1.0362169879111935], [1.0910630843863407, 1.0310215305426673, 1.112295177117722, -0.6596217245677828, -0.5895571366385294], [-0.4120868125419417, -0.3671061882046103, -0.3761442917029498, 0.4108113530791101, 0.15674889966273875], [-3.068625406508351, -1.2597439201424048, -2.774958538400462, 0.44738328624887536, 0.8231653299246684], [-1.8429522694693932, -1.8148030985834196, -1.9108595950566203, 1.117355810005669, 1.0528804984144484]], "3": [[-0.8755816639673947, -1.6054964610922486, -1.2961072682235506, 5.451627679092108, 1.4622091594228663]]}