{"Train": 0.1681368097554808, "Val": 0.17001781910717229, "Test": 0.17275772671838124, "max_epoch": 4, "stop_reason": "Weight gradients converged", "num_hidden_layers": 3, "total_hidden_units": 6, "unit_combination": [1, 4, 1], "learning_rate": 0.9}