{"0": [[-2.0808436663919196, -1.3563750127990801, -2.627255122998272, -2.5874637433337933]], "1": [[0.08033555694627402], [4.397088810847467], [0.5945285216824363], [-3.0448585220203155]], "2": [[0.07899053199722977, 4.685863275771775, 0.5946301896894526, -3.129784861416558]], "3": [[16.778265728242143]]}