{"0": [[5.809496131173304, 0.655519787637554, 3.1939745735509715, 2.54010547171225], [-5.852016586195225, -0.782572404173904, -3.132307315137704, -2.5709729295135517], [-2.062437170390764, 0.707068000589735, -1.5736937739764472, -0.8986798656926133], [2.454153047776416, 0.7980940595566881, 1.2476181862668307, 1.2045378140806247], [-1.3237769121619685, -0.11421981242811986, -0.8279555434194802, -0.6020666773988815]], "1": [[1.536500563857348, -1.597082684489989, -0.5864940605491296, 0.18081793361710408, -0.15881170697170713]], "2": [[-6.423895929891919e-35], [-1.3386074502053448e-34], [-5.840043314482473e-37], [7.832298734121362]], "3": [[-6.423895929891919e-35, -1.338607450205345e-34, -5.840043314482473e-37, -5.353074274494023]]}