{"Train": 0.1681368097554801, "Val": 0.17001781910717156, "Test": 0.17275772671838052, "max_epoch": 3, "stop_reason": "Weight gradients converged", "num_hidden_layers": 2, "total_hidden_units": 7, "unit_combination": [2, 5], "learning_rate": 0.9}