{"0": [[-1.747392372772182, -3.6655829482296216, -1.8151710417874982, -1.8288024694704808], [1.6542251100598857, 3.4201527788308845, 1.6936907235810048, 1.681374134724734]], "1": [[4.592696039116468, -3.9550660860900266], [-2.729376403780378, 2.3563422540918446], [1.357133813596832, -1.1649990700944841], [2.971918756219575, -2.5635257253931165], [-0.2154856474104343, 0.16803632873500404]], "2": [[6.8498997544996785, -3.6734330892993903, 1.7862932995347969, 4.175484990299687, -0.4282476289086341]]}