{"0": [[-0.1434425715303415, -0.007978896883249887, 0.06758907938066494, 0.06657398458127543], [1.8556962992065151, 1.3959915426703546, 0.1992015109391887, 0.22923554467752844], [-1.7322908016916112, -1.2144921171727439, 0.012742793031616215, -0.07671305785885386], [-0.4947606236063574, -0.39461467730930183, -0.11212541582096912, -0.0904006401015805], [1.7332061820771685, 1.2952878130971088, 0.2530250423226897, 0.25386644265902586]], "1": [[0.01092373809176246, 1.8829625033186146, -1.621627616211796, -0.8798541545267199, 2.104603562768361], [0.029962321327464063, -0.31312245946799816, 0.39115133099987204, 0.1204170163419319, -0.3561300333009606], [-0.05752623713979054, 0.431274067617026, -0.5142347724809101, -0.16254087325978606, 0.5130971665333961]], "2": [[-10.409422006548466, -1.168614155808568, 6.232800866865456]], "3": [[6.1789035220885]]}