{"Train": 0.14927563933838553, "Val": 0.14619331321724058, "Test": 0.1494974247593534, "max_epoch": 49, "stop_reason": "Max epochs reached", "num_hidden_layers": 1, "total_hidden_units": 2, "unit_combination": [2], "learning_rate": 0.2}