{"0": [[2.7037403989009823, -9.504707234391452, -2.7700422737263564, -2.654844598581948], [-3.318914057082852, -3.1828054955192573, -2.5796497784479655, -2.694630657991478]], "1": [[0.8940526282032979, 5.345423421766296]]}