{"0": [[8.924160943756158, 5.184455076070139, 5.2961471463559375, 6.623976158094194], [-3.078499683305245, -15.778232616437009, -2.3989167352330205, -0.5052234764913147]], "1": [[-2.196358081023187, 9.093728433374547]]}