{"0": [[2.8024521476797357, 0.18149490997104742, 1.161748235487386, 1.1392350702874126], [-1.0904135285823353, -0.16713947774568727, -0.2786948318607226, -0.23191431714479785], [-1.0069747816045516, -0.16897339964057398, -0.2731877564295967, -0.22474120738551467]], "1": [[-0.31140806788612374, 0.822581627064109, 0.8707209031367803], [0.6161361181514501, -1.5571310840152919, -1.640847025903126], [0.48143503494356393, -1.1439425154701213, -1.1995011194372054], [0.06543875318111944, -0.5017553381934203, -0.5228879632056168], [0.48733518894831873, -1.1263490381867665, -1.1961521458323092]], "2": [[0.5881105208837821, -1.0007492123805486, -0.7545514562284064, -0.462604333014351, -0.7284093081786185], [0.26568878480721786, -0.3289983050543624, -0.2883204428245433, -0.1619901496400743, -0.2974652596755221], [-0.9336634789168784, 1.0931059286080864, 1.0355635916317085, 0.7240800544337889, 1.0301689393645268], [-0.5073258491587739, 0.5453300456672924, 0.5542788561751207, 0.5003414986943103, 0.5535403076592398], [0.6553918040680694, -0.6929319944652859, -0.7013794058039391, -0.6087841248555335, -0.7147688528017463]], "3": [[6.1291895274619135, 2.46467272321824, -2.697080212793261, 2.24115661928095, -1.431729424002165]]}