{"0": [[0.9815760738648355, 0.332598848112691, 0.7114169642173082, 0.7736120290640431], [-0.3633209333272589, -0.1417091548824304, -0.27357455094674077, -0.27999860564274726], [-0.14265955874429048, -0.04853510082399387, -0.1138188653230116, -0.13496205178173482], [1.224188850186168, 0.42650734361523673, 0.9031111949207847, 0.986863627916808], [1.2434895331325613, 0.4633016966928631, 0.9220469968048491, 1.0184498221997478]], "1": [[-1.102796150133008, 0.42757822325152844, 0.17613924693261873, -1.4036859407323374, -1.4561366461657383], [0.30603913123753185, -0.1081840655723307, -0.05757437647121556, 0.39947495306716396, 0.39361489083513174], [-0.005989172690561774, 0.005711660023293037, 0.004561893330025873, -0.013630609600289754, -0.01641511288291965], [-0.22149034628757833, 0.07384891857550102, 0.027362643462946763, -0.28948735053006586, -0.2926281556222048], [0.8096408397194348, -0.3137541354990939, -0.14634572109880623, 1.0271424437651917, 1.0642892395042078]], "2": [[-0.8157281454164997, 0.1857309020742582, -0.004216287710723096, -0.1314319475764266, 0.5860462229926962], [0.2072735132215453, -0.055009984527772504, 0.012242842165060936, 0.014795605826034907, -0.14073113619134664], [-1.6798247042302554, 0.43186562464289885, -0.016716181590466176, -0.31880005507447395, 1.2260553883526004], [-0.3424996782510858, 0.0640804731666706, 0.0008740897139195898, -0.0393745816665305, 0.23165407336992366], [1.7626467482522508, -0.4727916944724328, 0.013736529302307916, 0.3332020821442683, -1.30689874726323]], "3": [[-1.3108102928620857, 0.2495810845084815, -2.992085687595613, -0.4188007146104193, 3.146928309566493]]}