{"0": [[7.717248554508442, 11.169717762485757, 3.549412713082565, 3.8033172129824266]], "1": [[-6.763949134001529]]}