{"0": [[2.9894244638901433, -27.536641370584334, 1.6659530425181743, 1.0689905816522218]], "1": [[1.207580705678684]]}