{"Train": 0.14931097009122085, "Val": 0.1472000507494213, "Test": 0.14840908596426436, "max_epoch": 3, "stop_reason": "Weight gradients converged", "num_hidden_layers": 3, "total_hidden_units": 11, "unit_combination": [4, 4, 3], "learning_rate": 0.2}