{"0": [[-1.8694992837257467, -1.3428877033059117, -1.2783390521222284, -1.1496090281037354], [1.804003210455509, 1.3876421720733223, 1.4671368237114506, 1.3027114105385187], [1.5187677219194233, 1.0260204091553053, 0.922866032310479, 0.8089069438558286], [-1.645351806382201, -1.2019171034716005, -1.1975150596242987, -1.0674500464946406]], "1": [[-0.37671510576203837, 0.390097221859314, 0.2608055430762942, -0.3762306321452282], [0.08773217893023433, -0.07176897088237338, -0.019532397933341085, 0.08037346191383922], [-0.41474808569711236, 0.7521623268396281, 0.26894144948442794, -0.4339912739209779], [-0.40632155725855257, 0.466854179702781, 0.2663631223850852, -0.41985931006580074]], "2": [[0.20557470444248016, -0.019999222077607414, 0.23947775395794205, 0.23798759095525684], [-0.15196048478703736, 0.07488350035614438, -0.16158957086013886, -0.15005229700343797], [-1.1791578220703083, 0.5202792580626239, -1.4980656422316172, -1.275169913390897]], "3": [[-1.3511660637476013, 0.62818914021, 6.725072222240782]]}