{"0": [[-9.443526729876083, -0.7549242220915154, -3.056141590366251, -2.7396911802142507], [7.324790070707621, 0.6376196366158305, 2.41931539336734, 2.2027279568324545], [10.566053386527217, 0.7955169128345506, 3.402345314110136, 3.0611666897993635], [11.834412296817609, 0.8672482955540055, 3.761517744654775, 3.367297561180429]], "1": [[-0.9615811699014367, 0.8580643895426419, 1.016019840665354, 1.1236510716343708], [0.9820152485313117, -0.5647574721317224, -1.089495526813026, -1.4268888223927632], [-1.2489970740573033, 0.8997385286391134, 1.3648152078771534, 1.6442056480022589]], "2": [[-25.67631290189405, 25.14351618779426, -24.86687045490029]]}