{"0": [[0.50200943644311, 1.3314165612787616, 0.5826839485431025, 0.6137491710228928], [-2.864560321343974, -0.951220574998101, -0.25003269302503006, -0.24744369483300524], [-1.5464790806345785, -0.8909861853210119, -0.2859408550948728, -0.31180862564928225], [0.8666341796491104, 0.8783730239223076, 0.30387884292216805, 0.32022188750757186]], "1": [[-1.6052085451091525, 3.740859704435801, 2.8846819392071357, -1.5177317962057426], [-0.174356505280609, -0.8946866919758002, -0.3224897523081012, 0.17182792302076916]], "2": [[10.684409066798848, -8.696091051299181], [19.281019773766847, -16.50227425285993], [2.8678785668635447, -2.2655566451690317], [1.8726119579662721, -1.388390011144772]], "3": [[4.226787196343694, 4.825665290168522, 2.834985273941617, 2.003220658892941]]}