{"0": [[0.1998898114217173, 0.2723614477044763, 0.3858548484025473, 0.38720062177534337], [0.028665522591290266, 0.09101439485258427, 0.1784881543528224, 0.16760595250686872], [0.27881242980900944, 0.3459565067680832, 0.4465869637488465, 0.46370290385835783], [-0.5058793953826635, -0.08103420766493495, -0.5676098010361543, -0.5121964122798569]], "1": [[-0.33102118739265435, 0.012213760141524886, -0.5172691576624271, 2.623160841682882], [-0.0296096295896972, -0.026880641786068204, -0.0330220244376429, 0.05211073238544752], [0.7934576579655458, 0.416039905087106, 0.8988222100962547, -1.788792514578877]], "2": [[-0.6941300519930063, -0.058753092671890966, 0.31233558779097814], [-1.2661240245838634, -0.1505290782189414, 1.8162996990265987], [0.5301462202457488, 0.21841170036827096, -0.6376146451716889], [-0.7022911836146594, -0.05608232519594998, 0.3163533132373233], [-2.0627039864834336, -0.5486817431998485, 2.729022539986446]], "3": [[0.46898305788518624, -6.3422784342137435, -0.8521667679296895, 0.493384469331644, -5.569170998516547]]}