{"0": [[-0.20803024812733395, -0.24302124060105196, 0.38755785673592164, 0.3262105547698527], [0.7173064699432311, 0.5870828857696504, -0.3117728535877032, -0.2871015689047016], [-0.5605422331157028, -0.5077953425177119, 0.3920317720027311, 0.3441978130943785], [1.86646384917629, 0.9767667346534091, 0.7206366153690151, 0.4901498373373023], [2.6006667692354113, 1.3032966475708956, 1.3873687143111102, 0.9435303167385568]], "1": [[0.30307704983403716, -0.20618711057572625, 0.25119533957329987, 0.313465749981583, 0.6753956066611645], [-1.4289760990674476, 0.213615458557988, -0.6973924340746123, -2.240349929762644, -3.058462942811671], [-0.2875085195740775, 0.049879428800266586, -0.15744004839139517, -0.2231271773401142, -0.24329622502785656], [-0.17220598631504055, 0.16682658071120401, -0.1789688622945718, -0.19844416686470892, -0.48006605988581263]], "2": [[0.564543329433379, 10.54778170502113, 0.9450661660202588, -0.6354085230744323]]}