{"0": [[-0.8243944488302015, 0.2169986510510768, -0.6530464791048831, -0.6461524305935772], [-0.8984681703875316, 0.4252784260556274, -0.6622293221563582, -0.6360532462443307], [-0.8485504431638456, 0.22544297714382186, -0.6854174087866893, -0.6494850478309842]], "1": [[0.8324188465287488, 2.0824431983520633, 0.921876329969299], [-0.16892655977187643, -0.2438369832477009, -0.17294726954050618]], "2": [[4.620223922755271, 0.22251605394723392]], "3": [[10.214384288672461]]}