{"Train": 0.14931111193341956, "Val": 0.1472001923381375, "Test": 0.14840922764854306, "max_epoch": 4, "stop_reason": "Weight gradients converged", "num_hidden_layers": 3, "total_hidden_units": 11, "unit_combination": [2, 4, 5], "learning_rate": 0.2}