{"0": [[-2.8900232020725967, -1.7402308843863377, -0.6095459798807807, -0.7346026456641679], [1.798800419709216, 1.8117245064425649, 0.6141956927542198, 0.41279582221573385]], "1": [[-0.19656744779791108, 0.11189883502226593], [0.216035450642506, -0.13241334038299488], [1.5740900669390376, -1.2811377810132094], [-0.09627459512179609, 0.07629621332350246]], "2": [[0.3103916374540548, -0.31711289807925475, -0.4588744800243862, 0.04727086385237228], [-1.17821876423414, 1.1310504822190062, 1.6877451943193538, -0.21037854702951053], [0.7884055265552595, -0.7724885683421535, -1.137589436198246, 0.11667221100889032], [-3.5418338696726828, 3.53633464203895, 6.385113712957569, -0.7275135229843691], [0.4808622893065181, -0.46064840650804717, -0.6980374318284184, 0.09732144251372733]], "3": [[-1.7806024234744744, 2.777188916346059, -2.6188357247880734, 2.3039026046477473, -2.2541541794072395]]}