{"Train": 0.14931111236305328, "Val": 0.1472001927625671, "Test": 0.14840922808685306, "max_epoch": 3, "stop_reason": "Weight gradients converged", "num_hidden_layers": 3, "total_hidden_units": 11, "unit_combination": [3, 4, 4], "learning_rate": 0.2}