{"0": [[-2.008372981193177, -1.427611019065181, -0.1976424343001941, -0.3802140592505215], [1.7086926703139516, 1.2950764102318106, 0.18581401929465222, 0.36160143110511406], [1.9908892319337204, 1.4169799594472432, 0.21061716208632691, 0.4000697323681737]], "1": [[5.144707587090257, -4.9798434531331335, -5.148276342809801], [-0.6445403691547996, 0.5935031036184919, 0.6468565363823099], [1.9380484060922512, -1.8961115892798284, -1.9412851529225872], [-0.29854348141668413, 0.24841217033421673, 0.31016756118407346]], "2": [[-2.9838069129207088, 7.448846943128942, 3.127425424837457, 6.776333958788821], [1.7247284741878934, -2.1456723572800067, -0.5493348865561181, -1.8912670188045864], [-1.8271350067113288, 2.1530111948236916, 0.5261437865884413, 1.9187320436828808], [-1.849343594343319, 2.0088879425733883, 0.40965050917028023, 1.7564315702275433]], "3": [[2.6875581391108767, 4.2468369282414224, -4.328839698211594, -4.4218567596350224]]}