{"Train": 0.11354957096434723, "Val": 0.11344639168844599, "Test": 0.11335223615444952, "max_epoch": 9, "stop_reason": "Weight gradients converged", "num_hidden_layers": 3, "total_hidden_units": 6, "unit_combination": [3, 1, 2], "learning_rate": 0.2}