{"0": [[-0.7193256147725217, -0.8521416104590298, 0.11110045043303206, 0.04739425479742621], [0.6500823684851981, 0.7614334743517067, -0.2464120113486696, -0.1783424168458737], [-1.3041332212958952, -2.2658236970799073, -0.9872578734878907, -1.0169894784740439]], "1": [[11.538910571907955, -11.432855547264873, 10.670639481285297]], "2": [[-2.646217215511127], [1.346944288878742]], "3": [[-6.119290368773875, 2.0683723744273133]]}