{"0": [[-1.1046986466402666, -2.065475616172177, -1.0608557496918107, -1.0575446090733425], [3.460386479787201, 6.580689360210258, 3.3817384954266867, 3.3863246593910126], [-1.5041190745345332, -2.8991959206103903, -1.4680750595400751, -1.474024394198653], [0.13915312141930444, 0.2845335313800365, 0.1306027100467253, 0.1335905518060267]], "1": [[3.175595873824077, -4.788547385748862, 5.259064916010139, -3.6230801881354946]]}