{"0": [[1.2613324937855548, 0.40220990941322415, 1.1397741762734992, 1.1301255833779824], [-1.3911667138334831, -0.4668451242941081, -1.2719992822985264, -1.275629349755073]], "1": [[2.2019342928558543, -2.499533472733362]], "2": [[1.2186308122467182], [-1.4304057182011438], [0.361548138813624], [-1.8699141071700467], [0.08085975937193178]], "3": [[6.809130828681616, -7.197520031690408, 1.8451925888176652, -7.202609769908441, 1.1759664141616257]]}