{"0": [[-0.36358381183252486, -0.07268522017949706, -0.186008668297582, -0.17231964598202731], [0.5917055368237176, 0.12261191592345672, 0.44029538197408863, 0.4365318540735938]], "1": [[-0.43624592498580417, 0.4418511710880153], [-2.0569753615330404, 2.5933987073975877]], "2": [[-6.907278287084883, 5.886461656732708], [-2.988539649786726, 2.5414002753336757], [-7.8865338688361595, 6.682160687386784], [84.03580624696939, -72.29586038116234], [7.469526719564272, -10.934390988091186]], "3": [[-2.235491173058678, -1.0484658932038189, -1.6050025709827223, 6.482077651038361, 12.126869088313295]]}