{"Train": 0.11354966290402585, "Val": 0.11344648617393531, "Test": 0.113352328851809, "max_epoch": 4, "stop_reason": "Weight gradients converged", "num_hidden_layers": 2, "total_hidden_units": 7, "unit_combination": [2, 5], "learning_rate": 0.2}