{"0": [[4.185612870697133, 1.1474948697131493, 0.8696344258265885, 0.5309509302288122], [-0.20315603776147625, 0.06110367023066776, 3.0974993297854794, 2.8382286877006537]], "1": [[-1.1638636983502033, -1.1982500854778921], [0.8310480768836084, 0.8720148618528875], [4.1273863258560715, -0.9876730043885221], [-2.0618122566676362, -0.0010449419690297646], [-0.7652747572679833, -0.7786609748498828]], "2": [[1.562439739118688, -1.2991911778475063, -6.628085717893888, 2.681917891174403, 1.5291048263457254]]}