{"Train": 0.11354966470767566, "Val": 0.11344648612375227, "Test": 0.1133523291376285, "max_epoch": 3, "stop_reason": "Weight gradients converged", "num_hidden_layers": 3, "total_hidden_units": 12, "unit_combination": [5, 4, 3], "learning_rate": 0.5}