{"0": [[0.19177923790144574, 0.08119948155970852, 0.21467091482391937, 0.23620351020859304], [0.37076734827526764, 0.07796124385011174, 0.4043334558049572, 0.4124036365120829], [-0.48505004111614564, -0.11154385413793566, -0.5511656960739016, -0.5576962285188916], [-0.5334856562972988, -0.12942238093860428, -0.6212859717043242, -0.616161507668105], [-0.36858344223877937, -0.09560583879818522, -0.44057809026115136, -0.4360525164919622]], "1": [[0.02725325963654063, 0.08305889974088951, -0.0719599271971135, -0.09628199432185684, -0.06769976736321501], [0.030659385825833246, 0.08438568024494517, -0.12779765830982812, -0.12527648670452057, -0.08711280906937917], [0.35363030350378366, 0.6421008616304293, -0.8658250275428037, -0.9754839062810531, -0.6733214149741346], [-0.13317081399197778, -0.23099553487809016, 0.3385148619992553, 0.36823367392231726, 0.26824255575479095]], "2": [[0.17827628637772344, 0.2382022242227559, 1.4372743848452543, -0.6154838032346704], [-0.0033236517467402776, 0.011344318300342708, -0.4213925919522004, 0.022791626022335996], [-0.005162966845484452, 0.016895410297182868, -0.1111828750053476, 0.03990341062811414]], "3": [[-8.27812792578497, 6.298446678979994, -0.06006471847784898]]}