{"0": [[-0.998122566716714, -1.8931325687981866, -1.1200343292991808, -0.9623896090990561]], "1": [[-3.4343366929995667]], "2": [[0.7445137622916955], [-1.7835322691026172], [-0.5456628738283196], [-0.384266398040494], [-3.5263343313530604]], "3": [[-0.6804710517386359, 0.654259114592706, 1.8899601409192337, -0.4048412507053599, 7.22145251373188]]}