{"0": [[1.741407120103124, 0.13969438310129267, 0.9522229702855424, 0.9494429624838535], [0.42511354257140654, -0.0069082540750949285, -0.011093452463629055, 0.004325572345486876]], "1": [[-0.03069166679127046, -0.025608294542339143], [0.08666769368351127, 0.001547849669035606], [0.05172510961615159, -0.004835995441888801], [2.1063173488750726, 0.11648661355376268]], "2": [[-0.022508642362240976, 0.0867132546032265, 0.02978065792810161, 1.9812319749338418], [0.004903613776247949, -0.015002411522018188, -0.009816507006090963, -0.060693612950098966], [0.003910082302226031, 0.0262292446740639, -0.006323908090192605, 0.07228097600919868]], "3": [[-15.773645613882861, -0.05391182308357015, 0.06543473828024567]]}