{"0": [[2.1298845077086965, 2.6120208013548356, 2.4661754219789866, 2.4146153956214906]], "1": [[-1.2819333570374885], [3.3710503412588815], [-5.005044626735621], [1.282066304766224]], "2": [[-0.8590173745882365, 2.3489432738621447, -3.6585427939820656, 0.8633518832120106], [0.30062852150539876, -0.7759779840586194, 1.2308159967630263, -0.30207959768419623], [-0.7463922764448717, 2.0336090496839274, -3.1563086435843455, 0.7441449867947636], [0.5204718047398453, -1.3793580378561199, 2.1650114181355384, -0.5079091689676185]], "3": [[-4.655350138624823, 1.5223626986912528, -3.98629939155078, 2.6945375033097725]]}