{"0": [[-0.0464918508337182, -0.03853528510340556, -0.050637342954460776, -0.05734589144292385], [1.2562829107157027, 1.2424473911744367, 1.3010119053059932, 1.2921890484913592]], "1": [[-0.09695193000401257, 2.826785161568414]], "2": [[1.1340594461164133], [-1.7288197336807714], [-2.0863901947292036], [0.933122609179019]], "3": [[-0.5764035576600883, 7.457971208421167, 8.097643524642123, -0.35145026499034354]]}