{"0": [[-0.796877906380726, -0.4301741681894645, -0.8122120722547808, -0.8366982608823499], [-0.6780306854886956, -0.3616091737934257, -0.7167613012965155, -0.727279893297778]], "1": [[-0.7152653174079471, -0.6004559703415356], [0.9244511067209991, 0.7502497730117659], [-0.13774254011296327, -0.10259666948754208], [-1.3377777443735006, -1.1194504636175195], [-0.394730505268298, -0.3051441018313083]], "2": [[-0.5078541864592111, 0.6366890293300203, -0.1505774418182066, -1.1194253952300246, -0.3459127740918241], [-0.7792919977629492, 1.0703435520618048, -0.14916683043775003, -1.80906130540955, -0.43039647296853767], [-0.7834827463259235, 1.0641664328047284, -0.149466873449472, -1.6993560914228498, -0.40884732259927914], [0.5008346689888116, -0.6624403040059127, 0.14529855770447447, 1.1265766366045127, 0.3438795016335759], [0.8069593736034619, -1.0880566960051934, 0.14026523727755055, 1.7443394511888022, 0.42376232224783295]], "3": [[-1.1003047347568564, -4.767472516902314, -3.2735096046917094, 1.1741148307760838, 3.6834036605330995]]}