{"0": [[0.2891305168614115, -0.8032483699277205, -2.5473732646286966, -2.5408727914044476], [2.8276054996350424, 3.419426973424377, 1.891938759474797, 2.1206091487458023], [-0.8337244669906051, -3.3118211294821416, -1.309376846415676, -1.4414458890626687], [-0.7212573830188395, -1.8830843256821264, -1.5094604368651812, -1.6593230607030294]], "1": [[3.3461891073504746, -1.2046931969391832, 0.1956776149730409, 0.9243337378730209]], "2": [[6.74133474445609]]}