{"Train": 0.1681368064975463, "Val": 0.17001781584804443, "Test": 0.17275772341610587, "max_epoch": 3, "stop_reason": "Weight gradients converged", "num_hidden_layers": 3, "total_hidden_units": 9, "unit_combination": [5, 3, 1], "learning_rate": 0.9}