{"0": [[0.13820289316097448, 0.15501174763067352, 0.21204825414987422, 0.22591682450556486], [-0.3443489153727853, -0.44408463265365733, -0.5487328455798833, -0.5717191121197902], [0.2920602678800538, 0.3496635664729073, 0.4739401089146906, 0.48686134640789286], [0.07938869054345545, 0.10373873733654632, 0.12043535506551531, 0.1626422532309175], [-0.43552360550126246, -0.52386727105177, -0.6730309905810258, -0.7036599207128711]], "1": [[-0.12155225532806734, 0.28282223866288586, -0.2233318661085064, -0.05420194675265946, 0.3671881540725794], [0.2617133340148903, -0.7239307379301806, 0.6006741168941234, 0.1659895002524173, -0.9010177853058442], [0.23853208703484124, -0.6686626627548831, 0.5611914333245486, 0.1651971528391132, -0.8504698624406044]], "2": [[0.5412189368251131, -1.5628856820082633, -1.4349226652443279]], "3": [[9.645973211772176]]}