{"0": [[-10.246442107518744, -1.0399743113460245, -6.1819444466096, -6.273557499054462], [2.3257578636511465, 0.8447216894916352, 1.782274514740026, 1.6288502690464737]], "1": [[-0.0053639835307243856, -0.007391089210870296], [-2.410236613758451, 3.7750659678906007]], "2": [[0.006534167405010699, -3.0924655086633113], [0.0007028472246005461, 1.158439065922211]], "3": [[5.82112865070444, -0.8738964128848308]]}