{"Train": 0.11354966697862612, "Val": 0.11344648795417783, "Test": 0.11335233231442876, "max_epoch": 3, "stop_reason": "Weight gradients converged", "num_hidden_layers": 3, "total_hidden_units": 10, "unit_combination": [2, 4, 4], "learning_rate": 0.5}