{"0": [[0.699865991145155, 1.369140751418887, 0.6186901714555583, 0.545742814697238], [0.5075854315485795, 0.9964972255514696, 0.39084589639621137, 0.3672238532023646]], "1": [[-0.13415393144566964, -0.11237760798416914], [-1.5481688225914698, -1.0118332923054594], [1.0887639047558897, 0.7038210011639708], [0.7165390834701477, 0.5032743791994942]], "2": [[-0.025265849937836652, -1.0521714676749638, 0.7167815905569798, 0.26940240720696745], [-0.2637106049664858, -4.625948974113808, 4.429135065103383, 2.465598828523976], [0.25507836792031474, 5.09211822304868, -4.819043218338469, -2.663212192138473], [-0.038108045178122496, -1.2017037133648696, 0.8637656819251125, 0.33767355620428674]], "3": [[-9.011552697332952, 4.1623612074203065, 1.2475943570968553, -9.162864225803888]]}