{"0": [[-0.6252048287104728, 1.6572743949058537, -8.54164968127485, -6.166852833933161]], "1": [[2.3391992106601522], [0.05679076723796548], [0.44398846237848616], [-2.4865984159187353]], "2": [[5.327854908753659, 1.583026054994659, -0.473509707325822, -5.450999149942418]]}