{"0": [[1.3079763206984238, 0.8807388718760917, 2.072315478175909, 2.082136876506006], [1.8821351420703774, 0.248800271172352, 8.888003633475142, 8.681760722559334], [0.35572663148855116, 0.10800161773404546, 2.8848779873279615, 2.79469149244483], [0.6997184394310553, 0.14063750590804056, 4.564777433169457, 4.454901537453561]], "1": [[8.917342537524126, 16.68197064648458, 16.6885650028464, 16.762053788517388], [3.417819949919288, -1.370707413532221, 3.8186602144525104, 3.2812084584525265], [-10.385780990344891, -19.416542586712076, -19.406390690238066, -19.48566053974082], [0.6677251502666132, -0.42329150912416114, 0.6464492861945306, 0.6029320353765164]], "2": [[-33.500981020960324, -69.66699586353458, 40.85436673674205, -65.40383880834182]], "3": [[7.208279440569662]]}