{"Train": 0.14931109935412884, "Val": 0.14720017976992755, "Test": 0.14840921509964616, "max_epoch": 4, "stop_reason": "Weight gradients converged", "num_hidden_layers": 3, "total_hidden_units": 13, "unit_combination": [5, 4, 4], "learning_rate": 0.2}