{"0": [[0.2461908167377012, 0.1434908381946389, -2.63251240946363, -1.8284990179176681], [1.4389679579638208, 0.2719838728284505, -9.766259374190955, -6.697705540314738], [0.9588331658658569, 0.3722208818878424, -5.331823501995967, -3.7706334483252864], [-1.4120059884311629, -0.257752277926184, 9.790231124634488, 6.726132689734925], [0.9127913183078616, 0.21210005691183662, -6.993850175542294, -4.990708032518282]], "1": [[0.2209277265181396, 0.4575092350337036, 2.32877567936909, -0.530792871016037, 0.17793780810898993], [1.653714981169276, 6.715020563001757, 5.014387528223072, -6.7009108776497746, 4.873545180499328], [-1.5129037447803604, -6.2677027633200595, -4.36247275633324, 6.2311386150184935, -4.412799594412116], [-1.5134140476814644, -6.340870400387338, -4.422389347585959, 6.309968523541703, -4.737611744373273]], "2": [[0.3711793831118111, -1.3307379987611279, 1.4240837369436443, 1.4280590399866477], [-4.472410012053725, -2.001640820722019, 1.157757207761941, 1.219298203549094], [-0.4055301642419386, 1.331020858598196, -1.421092538747985, -1.4467975173464087], [-0.6982876795724287, 1.3995268454263161, -1.5273022746128133, -1.483786053779821]], "3": [[-4.944982640048437, 6.409480950945825, 4.9832632639140115, 5.38483785977552]]}