{"Train": 0.11354925632526457, "Val": 0.11344607769055468, "Test": 0.11335192017271073, "max_epoch": 3, "stop_reason": "Weight gradients converged", "num_hidden_layers": 3, "total_hidden_units": 11, "unit_combination": [1, 5, 5], "learning_rate": 0.9}