{"0": [[-1.4548523312203745, -0.4627539905561254, -1.3938903094706678, -1.059343600249604]], "1": [[0.9737335717718192], [-1.9636161177913514], [0.4948984869360041], [2.109571871335475], [0.9165338911417399]], "2": [[0.4853561933284007, -1.0688451339499776, 0.24586814850112257, 1.1728958969592125, 0.47325586606318115], [-0.061751792019331585, 0.13534565277348512, -0.021371265197214825, -0.1387394782671639, -0.041470675597440165], [-0.3629825133577569, 0.8022252155544984, -0.185133753008149, -0.8634550343878585, -0.35154931598238565], [-0.6812844030436743, 1.4756858431188855, -0.33377229374610606, -1.639484118435019, -0.621547690461074], [0.39122388232876293, -0.840364979100268, 0.2014541654631783, 0.9103179193641673, 0.3638798564368951]], "3": [[1.7989024233242041, -0.20699871511273024, -1.2944514261665072, -2.6860586087550526, 1.3689301216610656]]}