{"Train": 1.475865890127925, "Val": 1.4761823609761209, "Test": 1.473714276501843, "max_epoch": 5, "stop_reason": "Weight gradients converged", "num_hidden_layers": 3, "total_hidden_units": 8, "unit_combination": [1, 4, 3], "learning_rate": 0.9}