{"0": [[-2.1442353604181976, -1.7158109480648513, -1.9640665196281761, -1.9448779143006902]], "1": [[-0.6291304794685814], [3.630667625985729], [-1.9759038767651462], [2.0979418380562413]], "2": [[0.549866073487765, -3.4414996447914388, 1.8122313532104568, -1.9335857893404074], [0.3439016519635613, -0.9702598152227412, 0.7367480009599047, -0.7576889387263668], [-0.23045855259499626, 1.4390379584578756, -0.7612643092873037, 0.8013784037917093]], "3": [[4.042165589993882, 6.43543922962009, -6.607049787914409]]}