{"0": [[-0.1259942783621178, -0.20114299104155062, -0.14418408741532382, -0.14204695968138834], [0.42436452960545773, 0.6149522146667893, 0.4492240595504495, 0.44240052056612306], [1.201512535155486, 1.747366374461415, 1.2992556115915814, 1.2700015440426125], [-1.1720571733775988, -1.7114957459529407, -1.2418490334268448, -1.2381654213297528]], "1": [[0.006515499210889348, -0.015664737538702077, -0.02144781254455822, 0.041093595946124634], [-0.08306096915445037, 0.30417655641309427, 0.9823885878512191, -0.9518615571709523], [0.007572388788715334, -0.06172700807532662, -0.16706676981092586, 0.17538799015121664], [-0.3037576296522921, 0.9398390282980982, 2.8978616511262976, -2.7964323332811047]], "2": [[-0.02509132218254803, 0.8979456166689517, -0.15329145963870836, 2.7599454306742297], [-0.014156293307387866, 0.6111186339369076, -0.09679640663791322, 1.8687232060481196], [-0.037223125778460826, 0.845675607907547, -0.15211997876152936, 2.61968253374525], [-0.017754553991099587, 0.3242802219203932, -0.07165815118209179, 1.0816504702482563]], "3": [[-2.9209738652783392, -1.967592364942368, -2.765189408339504, -1.1305703758032535]]}