{"Train": 0.16813596321000956, "Val": 0.1700169706484942, "Test": 0.17275687189106964, "max_epoch": 7, "stop_reason": "Weight gradients converged", "num_hidden_layers": 3, "total_hidden_units": 8, "unit_combination": [5, 2, 1], "learning_rate": 0.2}