{"0": [[2.986236852840897, 4.637775184253954, 5.962839580453768, 5.834388619341782], [-0.014219884173938784, 0.18162640302551772, 0.17821495336797735, 0.18370300920511767], [-2.017830687129115, -0.4334036030708856, -1.5508903467440835, -1.3848088614194538], [2.918861408128827, -0.5009050707115124, 1.0171065359999436, 0.9022213095639], [0.34966505661540165, -0.28129463123724036, -0.12748136157670256, -0.14585437995261757]], "1": [[0.11388498709488899, -0.16789795511725197, -2.3151818395590245, 1.1824177377323117, 0.33744881149079187], [-1.5022842008071169, -0.2627273001648474, -6.467140940455741, 3.4627035264486463, 0.6100805862550247]], "2": [[3.9917923720508175, 3.144369656342252]], "3": [[-6.807168396725662]]}