{"0": [[-1.499067807051477, -1.8572900706720132, -1.8476587336147936, -1.6367608582369455]], "1": [[-2.1654849504210905], [3.094215074837245]], "2": [[-1.545592065602664, 1.7583985789681624], [28.721910537822005, -29.34586489970188], [2.156072145908609, -2.7508466088125867]], "3": [[-13.309123467372293, -1.8226225288058504, -25.338266456593523]]}