{"0": [[0.5594839959499969, 0.14084917195107305, 0.23442644243837202, 0.2930574254118774], [-0.10057381146238867, -0.02572204808926331, -0.033753834756856366, -0.03402464012172564], [-0.745735873932724, -0.2710276365238171, -0.4350134370338941, -0.5392436380265224], [0.8058574742608827, 0.34985326917050974, 0.5432680979270194, 0.6548170271030304], [-0.1487268918238624, -0.020102367086555016, -0.04157651728136329, -0.04900143809788788]], "1": [[-0.015047065769736565, 0.008422246587592448, 0.01652715380966982, -0.021926001263193495, 0.009178602736810815], [-0.39563179866123654, 0.06716006419399623, 0.5661616133903042, -0.5985629119283209, 0.09282109763045805], [0.5692824136423333, -0.08761686761804026, -0.9699272031197022, 1.195000443853219, -0.12368425194421638]], "2": [[-0.11661328199862432, -0.7902663879829551, -6.249918001366959], [-0.057498818530225655, 0.6886678208011233, 2.9915987316284247], [-0.021404556254321444, 0.6287580681237446, -0.903560599901312], [0.0612650647194464, 0.23550387392167293, -0.6092138654912376], [0.16476821561644123, 0.8564964273824904, 6.669615772604913]], "3": [[14.626811918613615, -13.745644091808735, 14.284396148107874, 14.354939992023608, -20.08394865071884]]}