{"Train": 0.16813679785880897, "Val": 0.1700178071836131, "Test": 0.172757714705313, "max_epoch": 5, "stop_reason": "Weight gradients converged", "num_hidden_layers": 3, "total_hidden_units": 9, "unit_combination": [3, 3, 3], "learning_rate": 0.2}