{"0": [[5.3077274559393395, 1.4690966729341124, 2.4567786942284253, 2.935466076897239], [-5.278244876740372, -1.4926190843291163, -2.4258996789946083, -2.9444148769798466], [2.420961091556439, 1.5848288609794146, 0.38874415931756806, 0.7914884201380848]], "1": [[1.4598605874544501, -1.4509003902064466, 1.4723281621817519], [-0.9400356909335947, 0.951865231552996, -2.3044213081802134], [-1.4110903756741613, 1.4124589020375726, -1.5711232686670342]], "2": [[-1.1260267901618268, 1.7277731070191635, 1.1295283297637544], [-1.1283102015195237, 1.549404561609927, 1.1439931821074745], [2.1910700435152806, -2.3765080337959676, -2.2450902143775346]], "3": [[3.7145927279708406, 3.119614335131362, -2.1110010364364697]]}