{"0": [[-0.7051743466095675, -0.9568813880320177, -0.49260194795231416, -0.3981540225244664], [-0.6082615984251241, -0.8415823211362045, -0.42048160963865505, -0.33926897687339663]], "1": [[1.305668335363119, 1.111779731070711]], "2": [[12.339214220758121]], "3": [[9.482204623855585]]}