{"Train": 0.16812826602231984, "Val": 0.1700092560644102, "Test": 0.17274909939834993, "max_epoch": 49, "stop_reason": "Max epochs reached", "num_hidden_layers": 3, "total_hidden_units": 6, "unit_combination": [4, 1, 1], "learning_rate": 0.2}