{"0": [[-2.1923200437997874, -2.3857101273470027, -0.31587096159636013, -0.14185240349143227], [1.3772580339160259, 1.7411444748365899, 0.30136653562545546, 0.2154747270255253], [2.159100714184547, 2.393486914893717, 0.33783442491444726, 0.14105153158405606], [1.1694819371407466, -2.118043252267841, -2.7511936481232504, -2.210648411619456]], "1": [[-1.6408854279810534, 1.4073957096925562, 1.6676360373166923, -0.6361006868267036]], "2": [[-10.685331341759104]], "3": [[5.6512433115339356]]}