{"0": [[0.0027955427206987965, -0.015077270005040673, 0.014942977727169264, -0.00030191214302815246]], "1": [[-0.0017339239454881117]], "2": [[0.0016898167601021054], [0.006108794992890181]], "3": [[-0.008154926363218651, 0.004963447529958314]]}