{"0": [[2.035812551155785, 2.5881347748120502, 2.099965369930721, 2.067411670352123], [0.9089754816973391, 1.1421366223068112, 0.929757979306161, 0.9028146489764277], [-1.196114141769797, -1.4738526429530656, -1.1743453131904753, -1.1627339043658833]], "1": [[2.940971878900175, 1.0392015864097928, -1.3812957627232019], [0.19610129173804777, 0.06224857870404873, -0.10311258589014695], [-4.713372368474314, -1.6914308393475792, 2.1841577878033878], [1.1099121070374454, 0.408639555326862, -0.5361122164059123]], "2": [[-1.596934037490265, -0.1024548640504691, 2.7735272820516523, -0.584369489808287], [2.2718616346204694, 0.14725665602436216, -3.947544278824867, 0.8499657819668619], [-0.4849805798428408, -0.035390036310426025, 0.8781608135478721, -0.1848081559503934], [-1.999333792085816, -0.12689560868225755, 3.4679849357921353, -0.7256270634157309], [0.756028515410578, 0.05504377243681072, -1.3505003521169907, 0.2883951906590268]], "3": [[3.309435616142429, -4.811595813473325, 1.0145685841013576, 4.183412417534539, -1.5808149255440702]]}