{"0": [[0.46910916659162194, 1.222980663367752, 0.40601410145122824, 0.3926968669931561], [0.8058217611102538, 1.7213808788523273, 0.7299191716239551, 0.7341406448144138], [1.0206411506801054, 1.9930249007816823, 0.9174976271026958, 0.9132038739772228], [0.023475233464432317, -0.21053955449304132, 0.01674260520451215, 0.02884906941700192]], "1": [[1.9753237250112796, 2.1337659001456055, 2.1712188482850174, -0.4634186142880762], [1.6987225488018722, 2.407894687622765, 2.846170065805704, -0.2805361995212939]], "2": [[1.5485247185201043, -26.322373375866228]]}