{"0": [[0.08220185655907247, 0.08972389769102403, 0.06509282496254454, 0.07736373717095575], [-0.432161983242792, -0.3229137044263711, -0.3990648664919314, -0.3832897279465014], [-0.21647912839181346, -0.14160402894119292, -0.20386734266340714, -0.17514688378088053], [1.0029769203982357, 0.6512294691597673, 0.9195558422556422, 0.9106947649279344]], "1": [[0.010124314953536419, 0.01934272214235057, -0.011565189580537101, -0.08413832369674477], [0.10957864687896905, -0.4971008620688042, -0.2475310775265055, 1.1471495139459364], [-0.11103029548749613, 0.5349218597600136, 0.26700197403124654, -1.2245963874138273]], "2": [[-0.2524783269691812, 0.969603072900496, -0.9401274000519351], [0.21478076856954398, -0.8207116779231067, 0.8057198451658827], [0.0749158915351249, -0.5870250485638315, 0.620087349365738]], "3": [[-13.45652086594659, 8.090588953672471, 13.328417194449791]]}