{"Train": 0.16813680975547393, "Val": 0.17001781910716543, "Test": 0.1727577267183743, "max_epoch": 4, "stop_reason": "Weight gradients converged", "num_hidden_layers": 3, "total_hidden_units": 10, "unit_combination": [4, 2, 4], "learning_rate": 0.2}