{"0": [[-0.07160792405900494, -0.816003387084308, -1.1784659481718005, -1.4886444304913546], [0.3442055012396277, -0.8696250220544188, -1.2053914245802133, -1.2714068636778422], [-0.2946679592945442, 0.89046351534242, 1.2426898531060206, 1.2049629654264327], [0.28406650517628695, -0.7226297248967706, -0.9684508236774666, -0.9282271252984575]], "1": [[0.7211874987258793, 0.7604395044353454, -0.7850430375111422, 0.7387938944082321], [1.0236082906970474, 0.4834647975693851, -0.5188294629447162, 0.3363693111462036]], "2": [[-1.5903634712822283, -1.5527075850909293], [0.7934892032333449, -4.33434285356936], [-1.6548065551231559, -1.6008745224227285], [-2.8338765652088433, -2.5188608486221926]], "3": [[-2.4217507594489325, -5.402976572149208, -2.354490850934658, -5.864930149233336]]}