{"0": [[-0.013401926017730102, 0.006782478109200565, -0.02043553248096782, -0.002269793127862015], [0.014921999806764227, -0.007695719101399359, 0.014838419321072143, -0.007968193082993695], [0.006122662803520728, -0.006517410226859345, 0.009401623524485663, 0.008956021935519075], [-0.00737465416764381, -0.0028601063543895414, -0.0017025115365483067, 0.010207291100494585], [-0.011179509217324865, -0.0009419295126030814, 0.005190651433171002, 0.012011912426663154]], "1": [[0.003401200176517014, -0.010733557946569673, 0.009471900576158715, 0.016391559895814877, 0.002806221453401384]], "2": [[0.000903038537158716]], "3": [[0.0006234859649228553]]}