{"0": [[-1.3653561825766005, -1.2164133067432492, -1.1230370593413417, -1.0313417888749878]], "1": [[-1.7191003443241986], [0.16748807016446643], [-0.9921579971628655]], "2": [[0.5693099868384801, 0.159512349986841, -0.7213711723477033], [2.8825558980784645, -0.09472185295159347, 0.3369034091986357], [5.267912395360707, 0.3246282253187081, -1.679349576150186]], "3": [[-6.399810569219839, 3.4636848333884287, -14.605352008249355]]}