{"Train": 0.14931111315851422, "Val": 0.14720019355671962, "Test": 0.14840922888120556, "max_epoch": 3, "stop_reason": "Weight gradients converged", "num_hidden_layers": 3, "total_hidden_units": 7, "unit_combination": [4, 2, 1], "learning_rate": 0.5}