{"0": [[0.1852158078037379, 0.0735851352868904, 0.1576630270444333, 0.17137310041764464], [0.7419379847177806, 0.347357776654766, 0.6953768350387716, 0.6693369883103357], [0.7414721986028958, 0.34714081333603475, 0.6764197485333368, 0.6857548253145133], [-0.19484423000033954, -0.08979267901660493, -0.1747050030658686, -0.1671619051549478]], "1": [[-0.28753660306184664, -1.2869392863752354, -1.2866630302485098, 0.2994198217985086], [0.12361344029622867, 0.647287332510235, 0.6429003865523184, -0.1369372149028268]], "2": [[-2.1956661312444608, 0.9375789776956953]], "3": [[-12.154122695469564]]}