{"0": [[-1.018380590504798, -1.560822279000779, -1.1677117624485456, -1.158251957035608], [-0.3302128974439121, -0.5301746743991862, -0.3648232493219373, -0.3894698400282004], [-0.1813450439532529, -0.28284744469635387, -0.201123172824284, -0.18225742726535063], [0.12010645252099254, 0.2020733253230399, 0.12681656472333427, 0.1439177757831794], [0.25238300798201485, 0.41297640541575226, 0.30929601712859656, 0.29950117574027263]], "1": [[-0.3300823091569324, -0.07128809995820994, -0.045538944592609217, 0.02683505561073023, 0.0468113539348951], [1.6756465944032566, 0.5335168997013543, 0.2849996558626055, -0.20240489358592584, -0.4270268040133004], [-1.6898514770023032, -0.5452798734754598, -0.2703872978894806, 0.19373508237978335, 0.4162965401320857], [-0.9692422115864133, -0.2544810806111098, -0.15024145742001987, 0.1030121837945934, 0.21796709349244112], [0.5634039300339968, 0.14594750453496727, 0.07633868401350664, -0.051198652122547386, -0.11588096911557355]], "2": [[-0.017013878894972953, 0.15359827157309927, -0.14707785334090837, -0.08984680315576792, 0.04781613669797413], [-0.156177386207684, 0.35393957486197175, -0.3306427904913605, -0.2769855622181863, 0.236988303702327], [0.25942697882426147, -0.9894054926012126, 1.0061230561021397, 0.6123128576476056, -0.395177208726045], [1.2330295242771079, -2.0975268838170136, 2.0951239219540354, 1.9812636677566924, -1.6531184456900616], [0.40522709229340576, -1.5607605886370528, 1.5610470512317842, 0.9443752621951487, -0.6203262207727906]], "3": [[-0.12988671048527384, -0.5893675363548637, -9.998405537298371, 6.347425838193602, -10.905738947569159]]}