{"0": [[-1.4165755516941745, -0.9118130491986915, -1.4765915221200296, -1.485534490260717], [1.6739614949287185, 1.1031994370376292, 1.7551360589569536, 1.745627015751008], [0.7637939547711085, 0.468133097654307, 0.7779602205186865, 0.8047848993985598], [1.3218070311489332, 0.8388037164461107, 1.3352360211911751, 1.3722702285170514]], "1": [[2.7668799750708812, -3.4101406863489694, -1.3934211368779539, -2.5136041309137815], [0.8810604362803734, -1.0926840223113667, -0.4455848902250996, -0.7945551054451181]], "2": [[-3.0683014548854595, -0.8505341590370834], [-4.254500958782481, -1.1838355248812849], [-3.1268612132067775, -0.8576436284719884]], "3": [[-3.2532178762396575, -4.6160571778454065, -3.3145455004336526]]}