{"Train": 0.16813680973813194, "Val": 0.1700178190897843, "Test": 0.1727577267008626, "max_epoch": 3, "stop_reason": "Weight gradients converged", "num_hidden_layers": 3, "total_hidden_units": 8, "unit_combination": [3, 4, 1], "learning_rate": 0.5}