{"0": [[0.7246163275997638, 0.7870107724612114, 0.825221956191736, 0.8475269097050042], [-0.9655712147721414, -1.0410373346331507, -1.1501123097940624, -1.1555614594123353], [0.369854809685966, 0.4090062379149689, 0.4003186665720424, 0.3886800202561452]], "1": [[0.762022213103508, -1.1444594358316347, 0.334423681386479], [0.6369040026601013, -0.9776735033068703, 0.30257642618329883], [-0.24467998438245903, 0.3528016028976112, -0.11999443573784283], [-1.407040105174857, 2.1336524180093512, -0.6546275240916245]], "2": [[-1.459241057729747, -1.2310810988807772, 0.4481728658480665, 3.0529658562142985]], "3": [[12.205038125780055]]}