{"0": [[-0.7026302426552723, -1.3541486484495, -0.7733825979315802, -0.6814143547596171], [-0.4379313128608899, -0.8461953760604204, -0.46267267610435026, -0.4275357083035464]], "1": [[1.5131147912325542, 0.8408297484557836], [0.056991647002489744, 0.0335467784610442], [1.315512049968893, 0.7450744925598938], [0.14510720214884398, 0.09080575141627086], [-0.6873673764118657, -0.38517507358500075]], "2": [[-1.7233852850795865, -0.06659995885368025, -1.4964145139398757, -0.17166661870411332, 0.775316465942526]], "3": [[-10.655561209261261]]}