{"0": [[-1.2079037228901277, -0.954842530775199, -1.0709841629714663, -1.098285123880238], [-0.620342850246608, -0.48353360686282637, -0.5035683240017191, -0.5390969655564904], [-0.7687609012613457, -0.6128418591861065, -0.6913577542621026, -0.6867180613226421], [-0.807630225191596, -0.6256598908225347, -0.6970997349758358, -0.7138714255332227]], "1": [[0.9231825759706933, 0.36009756749711097, 0.5009250359598514, 0.4997940161215638], [0.39893906561847636, 0.16823259894632225, 0.20683088589632345, 0.20490607968169872], [1.004604552980284, 0.39628464681260406, 0.5279406490245618, 0.5457789031345467], [-2.291164823936555, -0.9116228082291467, -1.199596997774036, -1.2511596485140941], [1.2065933377114613, 0.4710909341757342, 0.6257271071408959, 0.6580307804765578]], "2": [[-0.9068648580460148, -0.36153281363612905, -0.9851488077933181, 3.150147223133564, -1.1951760764482622], [-0.6475036246720728, -0.2657594267520914, -0.7043823649542382, 2.280697951051752, -0.8748257926977954], [-0.6375631394625729, -0.2626893305110703, -0.6946520662867313, 2.24109115223151, -0.851388864790084]], "3": [[-5.208892083024206, -3.3189738059073726, -3.243275172983098]]}