{"0": [[-0.4457780410351335, -0.2473090413661514, -0.6481442718783783, -0.6295971466388924], [-0.47163102870160745, -0.29674764471706494, -0.7081579530783615, -0.6750334610479899]], "1": [[0.3238468463239166, 0.33418164332947387], [1.0307805054472934, 1.1270272618230046]], "2": [[-0.6880020651735596, -4.034480504470221], [0.11454985502594245, -2.4322158206206463]], "3": [[-23.0200269235008, -4.740650020868191]]}