{"0": [[1.2328778312244284, 2.497181866720272, 1.353252445768775, 1.2027305919128295]], "1": [[3.40802050625894], [-4.502531098701999]], "2": [[-3.677946900729406, 5.318141114482272]], "3": [[7.482576946010076]]}