{"0": [[-5.132246273189364, -0.19169874516437665, -4.3295717072177, -3.766530138970697]], "1": [[2.58176630167051], [-5.734603177621281], [-3.0988071167992968], [-1.4469475194505341]], "2": [[-2.0432704092003218, 1.755664929285372, 2.3199775133633356, 1.111239666811594], [1.342586535115423, -1.0637778264340905, -1.5144301150314077, -0.7245298169049963], [0.9710492868586181, -1.133960494937615, -0.9252800827573733, -1.0006151833951926]], "3": [[6.42163545351071, -6.166007391235377, -10.860020740695877]]}