{"0": [[-1.9526942387103239, -1.6554415231672812, -1.8994242377143813, -1.9046836314014919]], "1": [[0.994111351914586], [-1.9122109877874243], [0.2946183671052233], [3.7919721335131036], [0.44924429966711543]], "2": [[0.8153499513984725, -1.5550633233576865, 0.24390719552171128, 3.184766272821572, 0.3517994149001691], [0.5715086810596717, -1.1355380707694211, 0.16741319349046807, 2.312193867436658, 0.27883763338183754]], "3": [[-3.465238928422033, -4.478189248553409]]}