{"0": [[-5.145288435553324, -9.402047110327185, -4.667284500530442, -4.56791793979774], [1.045720403018184, 2.0595724579800927, 1.0338706805786644, 0.9978746625949914], [0.985514318190116, 1.8715194231679306, 0.9444773935898514, 0.9160490368758657]], "1": [[-5.113365659477514, 26.852549402063556, -12.31264020557563]]}