{"0": [[-1.8885677240285563, -0.6737196888426753, -1.941932094477426, -2.0739652268199924]], "1": [[-0.26633256211152184], [1.2291122773531014], [-2.6043155616024665], [-1.6842579287254826], [-0.8002067941342362]], "2": [[0.26718912769974257, -1.266706845937506, 2.9886551683337306, 1.777870234598017, 0.8106951036095598]], "3": [[-23.324794782145087]]}