{"Train": 0.16813674061124276, "Val": 0.17001774991323906, "Test": 0.17275765665240764, "max_epoch": 3, "stop_reason": "Weight gradients converged", "num_hidden_layers": 3, "total_hidden_units": 11, "unit_combination": [5, 4, 2], "learning_rate": 0.9}