{"0": [[-0.44171209296121516, -0.813828884382697, -0.5996122948292768, -0.6171724010723288], [0.23057143214245227, 0.40990989245508913, 0.3173839465432639, 0.32110584031374795], [0.1846422704877677, 0.303617082150092, 0.22963709120316306, 0.22603837128111257], [-0.3457641542322316, -0.5866755316171458, -0.4418560513590843, -0.4611025476336549], [-0.26882174025137506, -0.4684440205093236, -0.34422721541284795, -0.3651709128615693]], "1": [[-1.0609683703381854, 0.5261830688713521, 0.3881016907192839, -0.7741088971549795, -0.5915650821321131], [0.4689250383771062, -0.21873978493574114, -0.1843435047417424, 0.33627970225993453, 0.27701308022102444], [-0.5895405675568194, 0.29982546763333456, 0.19680572330295157, -0.4184197992975097, -0.32776247634962014], [-0.29505122793607974, 0.15534813498649166, 0.10820815067775835, -0.20578132434781174, -0.17281038752713332]], "2": [[0.00733340227261199, -0.06570924360437572, 0.054406971370979045, 0.020959726017552513], [-1.7600181053241946, 0.717925381786027, -0.9067311794328978, -0.4470342797809381]], "3": [[0.08226938111040555, 8.11708431763452]]}