{"Train": 0.14931110812013215, "Val": 0.14720018852476205, "Test": 0.1484092238511821, "max_epoch": 3, "stop_reason": "Weight gradients converged", "num_hidden_layers": 3, "total_hidden_units": 8, "unit_combination": [4, 1, 3], "learning_rate": 0.9}