{"0": [[-1.7915688831147754, 0.45428349514054234, -3.7688220918064466, -5.169778941505242], [-1.0144587058964802, 0.2526025255083879, -2.125539542508189, -2.856467451266749], [-0.9718785640548012, 0.23573128104303928, -2.0562652465516793, -2.8138906758641578], [-0.86297302282001, 0.21200544929118523, -1.7986590229316253, -2.4306732307989725]], "1": [[3.5121819130289835, 1.7476909568007295, 1.6452379608560117, 1.527666844179466]], "2": [[-3.14205890301038], [-13.628336768295503], [-1.4819852624990908]], "3": [[-10.362141412686949, 2.4076879842452614, -1.6343287762053624]]}