{"Train": 0.1681357881508186, "Val": 0.17001679519366442, "Test": 0.17275669511925223, "max_epoch": 40, "stop_reason": "Weight gradients converged", "num_hidden_layers": 3, "total_hidden_units": 10, "unit_combination": [4, 5, 1], "learning_rate": 0.2}