{"0": [[3.754702690199946, 2.4122705509319253, 1.9292285448146884, 1.8584427182606709], [-5.086195842068853, -0.4880505619373875, -0.8076331433176401, -0.9391185041729383], [-4.040076941723904, -2.3086344836180657, -1.9409838731851183, -1.8374003902337952], [4.7120995440791065, 2.669377302708816, 2.135826046450918, 2.04838427941045]], "1": [[0.7510927794077848, -0.8034776360375705, -0.9320400730804479, 0.9611669210336975], [-0.013391224188062077, 0.014766731892069057, -0.0037939838902660097, 0.00565783100734598], [-4.485594575257247, 5.580982456195059, 5.172366819246763, -5.517651269747853], [0.6223089286935152, -0.6853974890793769, -0.7691369038780831, 0.7858632078032617], [0.6065793207995912, -0.6691691251536179, -0.7416251453410555, 0.7586791509570349]], "2": [[2.2496061052242227, 0.09322625362640351, -1.039191093828397, 2.579937780288086, 2.646697745121075]], "3": [[-6.713176755669064]]}