{"0": [[-0.4930390833472254, 0.04027445135523734, -0.49769710270085243, -0.46183693480670224], [-2.622264712531596, -0.9510035333618143, -0.6957303562088506, -0.5347919974543143]], "1": [[-3.5476582062289586, 22.147613292620782], [1.1363116609042012, 1.4784456556519399]], "2": [[3.9974916958420517, -0.20680907383651925], [-3.416895015936628, 0.848840364411405], [-4.811588393625998, 1.0702514643746246], [3.2069763232533846, -0.8105080261769161]], "3": [[17.47857242243967, 8.891876682155111, 8.582780566656002, -8.884055298136262]]}