{"0": [[0.30117344007395347, 0.20611934569829224, 0.2207157923565312, 0.19789257979345726], [0.19702437529533973, 0.14309055238843021, 0.15911943142909538, 0.15411824101519392], [-0.48662302995081125, -0.39231626459107, -0.4090302722910801, -0.34217655266069275], [-0.6029778375182171, -0.4768822397994774, -0.4886598439029477, -0.4547422176046344], [0.562243115788329, 0.41818853514408055, 0.4458207358916216, 0.4295182060572236]], "1": [[-0.173113094408204, -0.10465241372741754, 0.30903936716247127, 0.3868806694580568, -0.3504773648304994], [0.05609028234183818, 0.03374771332987359, -0.09892530884731222, -0.11977842561210697, 0.10990517003909213], [0.2876128973739174, 0.19717986197244758, -0.53671526759871, -0.7223209736480227, 0.6305478977154481], [0.343474144440348, 0.2500017794488543, -0.6463436082920331, -0.8366231277599666, 0.7657136724470053]], "2": [[-0.4400353141260268, 0.12896906332341834, 0.9143035502696952, 1.1704916788200006], [-0.4184633692879004, 0.14055503557622326, 0.8271462214086065, 1.066119895809007], [-0.283285479601816, 0.07282792361154102, 0.5946780871439622, 0.789602696998982]], "3": [[-3.198328877333398, -2.94522438557574, -2.2123671223529673]]}