{"Train": 0.16813680975521803, "Val": 0.1700178191067407, "Test": 0.17275772671798492, "max_epoch": 3, "stop_reason": "Weight gradients converged", "num_hidden_layers": 3, "total_hidden_units": 8, "unit_combination": [3, 1, 4], "learning_rate": 0.9}