{"0": [[-0.3450893634099521, -0.7015575680397471, -0.20985314613834527, -0.21648958050993167], [0.03178529448529559, 0.2622382803136389, -0.03856957803773378, -0.04522644007464938], [0.08713075756617923, 0.38001149464575523, -0.02863671064982487, -0.014567997612512961]], "1": [[-0.35287369942566565, 0.09863426208405947, 0.1450932630002719]], "2": [[-5.051756661289445], [-5.213176894809092], [-4.989625583895533], [-0.8509675722431153]], "3": [[11.084279280988136, 11.74999260381626, 33.45360163230059, 14.775339114328583]]}