{"Train": 0.16813661503567193, "Val": 0.17001762394729472, "Test": 0.1727575300934716, "max_epoch": 3, "stop_reason": "Weight gradients converged", "num_hidden_layers": 2, "total_hidden_units": 3, "unit_combination": [2, 1], "learning_rate": 0.9}