{"0": [[0.12509570780778317, 0.2883854824470303, 0.13698222211351402, 0.16601287135347], [-1.823841420211694, -4.052237094673129, -1.9895058935009156, -2.0049631021894023]], "1": [[0.40412883375101416, -7.033382321106075]], "2": [[-7.541974952489002]]}