{"0": [[-0.6293834115699913, -0.5219076839305254, -0.6110754494870226, -0.6082637432630392], [0.4012096182323014, 0.3491036256838859, 0.36670367898600725, 0.35468474702149344], [0.9436311486779453, 0.7696168798685441, 0.8841630389397748, 0.8883946493602033], [-0.5470117376134843, -0.47517051975495533, -0.51738638232284, -0.5068400827943969]], "1": [[0.7152701349679841, -0.44074777764629974, -1.0685852583538573, 0.6176068727450127], [0.05732194995395568, -0.03749939346834163, -0.08145074139557525, 0.03053875808673527], [-0.6382911707528164, 0.40299390649270034, 0.9873810851220426, -0.5728823006003391], [0.40926592742822476, -0.2273948140417158, -0.6101924257907425, 0.3375796304253592], [0.5879141354121007, -0.36747568676352077, -0.8953894939045953, 0.48669763811061784]], "2": [[1.4837373618946255, 0.27287701199933817, -1.4948928205837857, 1.2937046403387298, 1.4638639687729185], [-0.6400589067673056, -0.04233255203569427, 0.5700376396108587, -0.3282428777420376, -0.4969257324426313], [0.8803658457023785, 0.06419197940233834, -0.803441612224628, 0.5119301880048601, 0.7253677167806468], [0.823414757603638, 0.07698142462438923, -0.7544381145979913, 0.48982147833973255, 0.6879033695980056]], "3": [[-3.0317785052468484, -26.409678310244036, 26.75835665742578, 26.68591202303934]]}