{"Train": 0.11354966158788769, "Val": 0.11344648254616944, "Test": 0.1133523269200202, "max_epoch": 11, "stop_reason": "Weight gradients converged", "num_hidden_layers": 3, "total_hidden_units": 9, "unit_combination": [3, 4, 2], "learning_rate": 0.2}