{"0": [[0.718794100816647, 1.0930198822973025, 0.21874989300540731, 0.1682673573658296], [1.1321845625881752, 2.42255604364729, 1.1123641758343439, 1.1065751194675335], [2.5288894115975453, 2.7990429664998087, 7.172419016760128, 7.792197978234719]], "1": [[0.9358054031841405, 0.9911118212211555, 0.807095274161201], [0.2624370653845314, -0.5948882895817892, 3.915989276226872], [2.1065415691102407, 10.55039019188318, -31.552458687701986], [1.1816341733368694, 1.2199690337968676, 1.2544573668939736]], "2": [[1.32236958148188, 1.7558237292924879, -1.7124293523991214, 1.401806983940774], [0.3850416245762411, 6.24903525773838, -6.455304148741299, 1.273993732867206]], "3": [[-4.715328797671686, -4.587972987067737]]}