{"0": [[0.43477875331452664, 0.6373315250023219, 0.47824742241646356, 0.47270577508702105], [0.5678406170589794, 0.855363808243978, 0.6222240609489769, 0.6317104090800862], [-0.7348312177018167, -1.124119619515661, -0.835918672059864, -0.8237004835801157], [0.19900146345759323, 0.33819194237543354, 0.2618646833342634, 0.2424459490922321], [0.6300114990131634, 0.9707948553081321, 0.7094060874594429, 0.7029563532437387]], "1": [[0.6811138995153989, 0.9119416073317611, -1.2140219312707843, 0.3619610473187798, 1.0279600230629902], [0.34335463358261276, 0.4647661020647506, -0.6311057640878256, 0.17118856790197773, 0.5289436680932427], [0.6560480667983347, 0.8704482842514674, -1.1685652097680763, 0.32786375460264383, 0.9897914246339938], [-0.23039188323486945, -0.31751883713524764, 0.4231547710147694, -0.11414371212150673, -0.3570863528502597]], "2": [[0.37250174351774573, 0.032166750341612704, 0.34733221854153884, 0.042991039375918416], [0.9457545505694539, 0.8482561654415384, 0.9283820679574358, -0.7603361099553273], [-1.6387474918410627, -0.9008628099801782, -1.5748932712919013, 0.6760303271212784], [-0.2913995052500069, -0.248900763945108, -0.2663323910856515, 0.2298480886017793], [-0.37331524673330413, -0.02055316311043659, -0.3314255660029709, -0.046556152630263026]], "3": [[-10.380899891643283, 1.8806908556387973, 11.83335305609259, -0.5627511665694843, 10.375932044628726]]}