{"0": [[1.3625876581647056, 0.8333322234484986, 1.5681552872271938, 1.5724847441165726], [-0.5491288096727814, -0.26476112622474146, -0.5773791169274746, -0.5999972145455517]], "1": [[3.357034026997978, -2.2285131287036544], [2.9148733140702143, -0.8962719729319784]], "2": [[1.4904845006688963, 3.6374972398882837], [-4.643077530115086, -11.615268528010125], [-0.23664771257109624, 0.5264513808901417], [0.08404077347977619, 1.5908930699257602]], "3": [[-3.851111636628217, 2.6247231930713517, -13.610881614005391, -14.362704463219572]]}