{"0": [[4.674670270914488, 7.139138848990499, 14.452189542162525, 10.43673913429334], [4.7378701483276, 7.177079450224856, 14.41340326955851, 10.431999444172327], [-6.268021094365255, -8.966674346904517, -16.169865549629005, -11.461847186854733], [4.737571997230772, 7.1684509095777935, 14.36495334995603, 10.355185769586543], [3.1082870422804216, 3.8086340446990783, 7.786853790203762, 5.849938782041618]], "1": [[-0.4038343558364964, -0.3157293215268188, 0.12964352261048984, -0.22103849726045352, -1.8113728966819178], [3.988917226532658, 3.8267941897672153, -4.5086590074282835, 3.6367658422350093, 6.731024009657624], [-0.910336247005998, -0.760865442378202, 1.0134819333565128, -0.6213752838163211, -3.148451551745882]], "2": [[-1.7346715286845515, 4.233100266247142, -3.2699935748058713]], "3": [[-6.473139758285406]]}