{"0": [[-2.4493664431478686, -0.5243795170926816, -1.661062808087333, -1.6670589313718613], [-0.4032841568337354, 0.6620201282585352, -0.9904305586314223, -0.7769771339064626], [1.6937984379484254, 0.642941642627184, 0.8875632750442753, 0.983059690566511]], "1": [[-1.5707814936149842, -0.9575758423056986, 1.2478309505484517], [1.5065893734327043, 0.787275314886194, -1.2124381910409832], [11.966762555580376, -8.715189714607723, -11.427437822795921]], "2": [[0.0699776865222421, -0.07622478745542575, 8.89325240559347], [-3.9233690154482113, 3.620305155055545, -3.3901084417763063]], "3": [[7.59000255494111, 14.623708356903043]]}