{"Train": 0.16813680974764308, "Val": 0.17001781909931424, "Test": 0.17275772671045375, "max_epoch": 4, "stop_reason": "Weight gradients converged", "num_hidden_layers": 3, "total_hidden_units": 9, "unit_combination": [1, 4, 4], "learning_rate": 0.2}