{"0": [[5.475212575185023, 3.056526874113917, 1.2140952611260596, 1.636624692234242]], "1": [[-0.23221688702196727], [0.3936821373722651], [-1.3868739154256722], [1.1552051362409337]], "2": [[-0.044357010056407326, 0.03841381714302186, -0.5887732701704457, 0.5579863516997072], [0.21382224697706997, -0.35912281695672194, -0.25120821643445085, 0.25290161417953466], [0.2205656517872419, -0.3974607868764594, -0.343565965737329, 0.33985735829975333], [-0.21233199443323278, 0.5907224733809082, 1.83532618531798, -1.8415167224327504]], "3": [[-2.7515938932355315, -1.879347453127151, -1.534657064554897, 9.560301950590793]]}