{"Train": 0.1681367762297985, "Val": 0.17001778550572144, "Test": 0.1727576928647131, "max_epoch": 4, "stop_reason": "Weight gradients converged", "num_hidden_layers": 2, "total_hidden_units": 5, "unit_combination": [1, 4], "learning_rate": 0.5}