{"0": [[-4.257067946259479, -1.7649672803512133, -6.764727022299664, -6.0989875908884]], "1": [[6.222603464091208], [-28.411985042784718], [-5.505572113346047], [-5.284962561345607]], "2": [[-10.545406391066718, -5.4397673601653045, -6.872805041706238, -6.6549077791102516]]}