{"0": [[1.8456458406486014, 1.0800821352198224, 0.15129913055224115, 0.15575432723754137], [1.7325112731094034, 1.2460729180564505, 0.03908999697848991, 0.4848642690753008], [2.1054520099186416, 1.4787870029251056, 0.06410888589787278, 0.4765349425820449], [-1.6079285038679858, -0.7411474216788616, -0.20909339349494308, 0.21672800276090004], [-1.3991418822058643, -1.0654106256204434, -0.06693014034286733, -0.4338728403507661]], "1": [[-1.047571368084712, -1.2663125974472142, -1.4847486993252867, 0.6401735215638389, 1.082822270568831]], "2": [[-5.708587164202497]], "3": [[-6.961518288869044]]}