{"Train": 1.4629415412407931, "Val": 1.461152250485444, "Test": 1.4617261497035048, "max_epoch": 4, "stop_reason": "Weight gradients converged", "num_hidden_layers": 3, "total_hidden_units": 6, "unit_combination": [1, 1, 4], "learning_rate": 0.9}