{"0": [[-1.4773358326071102, -0.6683627022645652, -1.3540023934297778, -1.3742448158670226]], "1": [[-2.665311651945133]], "2": [[-3.806198621996914], [3.560547866035176], [3.1104710824590147], [-3.6489370107671366]], "3": [[-9.467056993388542, 9.538057836362157, 9.576379468578754, 15.96050904777491]]}