{"Train": 1.4245372533585499, "Val": 1.4233503702149606, "Test": 1.4248307233298971, "max_epoch": 3, "stop_reason": "Weight gradients converged", "num_hidden_layers": 2, "total_hidden_units": 8, "unit_combination": [4, 4], "learning_rate": 0.9}