{"0": [[-5.88732989681438, 0.2384503122162961, -6.088430994829092, -5.975263330013123], [-0.6516669362564198, -0.04019072496494413, -1.5931997927762342, -1.81397692874055], [-0.3646128956417315, 0.2458446215241452, -0.7970006858075697, -0.8060779720586507], [3.856906603324428, -0.28740787580942045, 4.080418555184805, 4.005803514906592]], "1": [[-3.5402390169504434, 0.0829286010188178, -1.0581951120372275, 2.2702405540630477], [3.651940023264023, -0.07695399048013479, 1.0887688674461478, -2.3349249672534884], [13.349354610925058, 5.725504161916892, 7.2708713149869295, -13.496622419442975], [-2.495668988949683, -0.6672850354090146, -1.0337750812723807, 2.17874003242092]], "2": [[-3.2247301296782243, 2.3359011621206687, -5.922848423907244, 11.104594869626872]]}