{"Train": 0.14931111317685078, "Val": 0.14720019357495123, "Test": 0.14840922889921707, "max_epoch": 3, "stop_reason": "Weight gradients converged", "num_hidden_layers": 3, "total_hidden_units": 7, "unit_combination": [5, 1, 1], "learning_rate": 0.9}