{"0": [[0.231710206758102, 0.29885760254332616, 0.2254468983791516, 0.20522327883561545], [0.49404379922009567, 0.6695135965169058, 0.5228528598128518, 0.5265308128254063], [-0.052062914484595484, -0.07518756486555672, -0.06468509258526296, -0.06588246624480913], [0.4411736524880269, 0.5715199981403177, 0.46673486116819557, 0.4417426822701382], [0.1821568948455936, 0.23955887119206842, 0.19822857887149026, 0.21092967010635436]], "1": [[0.490375607185141, 1.1889952156004475, -0.1279254997499715, 1.0183708744047257, 0.41851823909451924]], "2": [[2.2539163207413773]], "3": [[-13.287345149340688]]}