{"0": [[-0.31734605002838473, -0.47935283124600825, -0.1558450295777685, -0.2062798906907238], [-0.07007872774980525, -0.10371513140926152, -0.007188321976062678, -0.03662063510232202], [-0.3638784366768658, -0.5951223146349257, -0.2201138722143592, -0.2850772581267861]], "1": [[0.7347968107819352, 0.11903651464918569, 0.9695698764211147], [-0.2446693127953263, -0.04632810590042475, -0.3281105009081252]], "2": [[1.4786837022479322, -0.2744449516475418], [-1.3515274351849114, 0.19462243684780675]], "3": [[-11.3358521321734, 11.107252063902482]]}