{"0": [[-1.8502320940902175, -2.3636902727135, -0.7695664093778747, -0.74203654046149], [-2.2697162190883233, -2.867636102296075, -1.0918450936338004, -1.071248808814895], [-2.1132398912580093, -2.5688138923521247, -1.207327390337916, -1.1715956588908663], [-2.023434693994897, -2.5816327370852226, -0.9565095235594203, -0.930064492613771]], "1": [[0.5461956812910483, 0.5556390996311996, 0.5290320944145734, 0.5529701860881171], [-3.013790603873586, -1.754550999370913, 0.11270455703014172, -1.733774659284012], [-0.5544447050945344, -0.5425863852388705, -0.4819235111933762, -0.5399530752047014]], "2": [[1.8102321016214502, -0.5166106345823129, -1.7634731969239834], [0.846784016995991, 0.4344422466518972, -0.7845267741894028], [-0.7595374593196896, -0.23885602915687196, 0.7221360888498624]], "3": [[9.891742668900147, 0.4290224296181503, -0.37317273024362607]]}