{"Train": 0.16813680964635197, "Val": 0.17001781899779683, "Test": 0.1727577266081848, "max_epoch": 4, "stop_reason": "Weight gradients converged", "num_hidden_layers": 3, "total_hidden_units": 7, "unit_combination": [2, 2, 3], "learning_rate": 0.2}