{"0": [[-0.09548164460129156, -1.3206935947386746, -1.714573053231576, -1.8883898919133222], [0.10458931850679992, -0.49907367547354214, -1.665215414803808, -1.7215314620832907]], "1": [[-35.994392419310216, -36.66891491917463], [-11.864601837376762, -11.315916586027372]], "2": [[-1.873009848505275, -1.870011152993047], [-2.023693388562178, -2.0134917757717696], [12.99534350181401, 5.038425672144536]], "3": [[5.1681379577583355, 6.131625207050387, 0.0048027371124032]]}