{"Train": 0.14930433171445087, "Val": 0.14719342075875178, "Test": 0.14840245862197265, "max_epoch": 49, "stop_reason": "Max epochs reached", "num_hidden_layers": 3, "total_hidden_units": 5, "unit_combination": [1, 3, 1], "learning_rate": 0.2}