{"0": [[20.214542515709464, 20.95131106379595, 109.50264950648615, 100.32788140135284]], "1": [[-1.554538811595205e-28], [2.47976020353842e-27], [-37.347051196601164]], "2": [[-1.554538876241347e-28, 2.4797607359775557e-27, -4.869488050669025]], "3": [[-5.790375626984492]]}