{"Train": 0.16813680975125905, "Val": 0.17001781910294644, "Test": 0.17275772671378226, "max_epoch": 3, "stop_reason": "Weight gradients converged", "num_hidden_layers": 1, "total_hidden_units": 3, "unit_combination": [3], "learning_rate": 0.9}