{"0": [[4.9943423150523145, 10.860497284433926, 5.338429418501254, 5.307132376197219], [-1.1600639116763172, -2.554174429444924, -1.2872641215318432, -1.2614524949639094], [-5.307741734103647, -11.597689612032104, -5.7236475231816035, -5.697229323941104]], "1": [[-2.989306438670078, 5.739569760516718, 4.679580371285928]]}