{"Train": 0.1681368097538384, "Val": 0.17001781910552619, "Test": 0.1727577267167227, "max_epoch": 3, "stop_reason": "Weight gradients converged", "num_hidden_layers": 3, "total_hidden_units": 13, "unit_combination": [3, 5, 5], "learning_rate": 0.9}