{"0": [[-0.8361871995669482, -1.3382598882127672, -0.9505799321815526, -0.9401335087694238], [-1.2498398739868428, -2.048302596225737, -1.440899077700696, -1.4236704562824203], [1.686818075122681, 2.806123709840724, 1.980530031675248, 1.9557005351208407]], "1": [[1.7574098489028667, 2.807285172454257, -4.395372191012504], [-0.837147411073683, -1.3325110716144766, 2.084897920586618], [-0.23228790566542426, -0.3610728739106375, 0.568503705567413], [0.5494707396940887, 0.8831577471143504, -1.3756429169256534], [0.6581854937419965, 1.0410495978608545, -1.6162264413969472]], "2": [[2.588374956351484, -1.1250777086831296, -0.2822493924413716, 0.7152545244787292, 0.8618800068512419], [4.081987072256236, -1.7771586935205477, -0.47445150598049896, 1.1657901093703584, 1.3752503754540677], [0.2873849563340838, -0.11835861640815552, -0.020967267096134157, 0.07150874700197835, 0.09061586085686141], [0.5790335340076492, -0.24082929670127295, -0.06071304069824292, 0.15822989970296938, 0.1915146608486326], [3.756912509986219, -1.6151029235365404, -0.44863138494092486, 1.0564578539205105, 1.2468088514139684]], "3": [[3.0871339711702013, 4.99886589301241, 0.329132347987277, 0.6779513685634624, 4.5557541117456]]}