{"0": [[2.3113173967133007, 0.6322722809744357, 0.10710844604232385, -0.24974770188648146], [1.9926248341071642, 0.47396296176089553, 0.7101910496425224, 0.4273474796333289], [2.616222728161397, 0.6960531216821787, -0.3688883803835004, -0.7451365678882291], [-0.9755297431975773, -0.14877561352356633, -0.5689924807791389, -0.46807478115961343], [5.7268220787313036, 1.7005237270117275, 1.3514066378150718, 0.3983052864920253]], "1": [[34.21177998328786, 31.468924216765537, 34.38607650386142, -11.478763826957485, 36.67773232072906]], "2": [[2.417718583401823], [-6.699003169243508e-18], [-1.6177710745139708e-17], [4.199940189309995e-12], [-3.8290151663618557e-16]], "3": [[-6.536291324251932, -6.6102464364834445e-18, -1.6058586590011587e-17, 4.1999469110727454e-12, -3.8255505104371253e-16]]}