{"Train": 0.14931102518571684, "Val": 0.14720009503760728, "Test": 0.14840911445924246, "max_epoch": 19, "stop_reason": "Weight gradients converged", "num_hidden_layers": 1, "total_hidden_units": 4, "unit_combination": [4], "learning_rate": 0.2}