{"0": [[2.7768529149600223, 3.8748868636382463, 0.8347183526468608, -1.0023469088376815], [3.046232767130955, 4.6136038295235515, 0.7068058091421101, -1.047858945089997], [-1.8306874575663523, -1.629167760492664, -2.343357741877673, -1.0801629515674056], [-1.8333367954275535, 2.044722144241964, -0.1483183737453967, -0.6434267098933067]], "1": [[-1.7958629349038993, -0.27766735900701023, 7.184943603017221, 1.8058939005961891]]}