{"0": [[1.60038837623541, 1.3527970676849288, 1.7734412364498946, 1.7687534762028196], [-2.4290713078130186, -1.0063313852401186, -2.607297159110272, -2.5830728213973435], [-3.899120755631672, -2.004986666855229, -4.2909414732385835, -4.24017919224084], [-3.4575065043352167, -1.534205403989526, -3.685696763213518, -3.6287695962181976]], "1": [[-3.132672635323026, 0.6076684982486782, 2.9439585159154698, 1.286328403784183]]}