{"0": [[0.6081195537805817, 0.10221964927288864, 1.384183626162335, 1.9345345154110234]], "1": [[-3.8778878250571336], [0.4706721216123789], [-0.7389682701629122], [1.3496719762983913], [1.2533835972393963]], "2": [[1.3122603783175932, -0.4759588955018632, 0.7540937528911208, -1.563152739142805, -1.419196658699203], [0.8273059451758423, -0.1978190770698541, 0.3301989758673058, -0.6125741235418907, -0.571857098567306], [-3.062969151863978, 0.10707934207810649, -0.1816108715678873, 0.5485062282121299, 0.4387723587824341]], "3": [[-7.827310138063473, -1.2524563296751483, 1.8588271452066878]]}