{"0": [[-0.4512111973522293, -0.06712149440253178, -0.3787559954336573, -0.34937619093443106], [0.5785225579136033, 0.10504967942296499, 0.49893198771880887, 0.4966393876896535], [-1.9419635150562875, -0.3608239312643961, -1.7475174832192344, -1.690868470613092]], "1": [[0.6885098067046406, -0.924544985140178, 3.549480522292451]], "2": [[-10.629050535739681], [-4.500071656312002]], "3": [[12.598645572959946, -33.38028252737689]]}