{"Train": 0.11354966663168302, "Val": 0.11344648760303558, "Test": 0.11335233197170805, "max_epoch": 3, "stop_reason": "Weight gradients converged", "num_hidden_layers": 3, "total_hidden_units": 7, "unit_combination": [2, 2, 3], "learning_rate": 0.9}