{"0": [[1.838283249599591, 2.1543208410599126, 2.238336020305666, 2.2276923842840795], [-0.9950388645934931, -1.1326104907524381, -1.2006271122426366, -1.1695232857643356]], "1": [[3.7273704131216063, -1.6599275030129497], [-3.6795254016897587, 1.652304328146369]], "2": [[2.0173182482754353, -1.9989309591132713], [3.0135949487097324, -2.979199770751791], [2.385843845031816, -2.343138422541591]], "3": [[-2.8799719356017155, -4.3731361965702, -3.4083885412598915]]}