{"0": [[-6.551287781507415, -5.136504696963797, -1.2298745894445768, -1.467713394825695]], "1": [[7.54825922365141e-19], [-3.3794413615373467e-18], [4.2275064909507015e-18], [6.370290568658501]], "2": [[7.548259223655959e-19, -3.3794413615373475e-18, 4.227506490950713e-18, 6.431004200107984]]}