{"0": [[9.723722805618422, 0.9883963529328202, 12.931094238695161, 15.105017234599353]], "1": [[-67.36830456289732]], "2": [[-3.0910530671765186], [-2.76453260581443], [-0.6395929012643481], [-9.455270448776561e-05]], "3": [[3.261574465119288, 3.131503354310787, 3.20039296363846, 0.00019872322566437175]]}