{"0": [[3.6631114382971233, 0.4295913061207413, 0.12085713374392051, -0.11364836974732212], [-14.453145660582598, -0.6140756448687344, -0.06633659895933952, -3.9647004581270373]], "1": [[3.2908321653817025, -3.5081728571838013]], "2": [[2.3253526946149368e-24], [5.359221473707979], [2.6871028842111432e-24], [-3.135520882263684e-23]], "3": [[2.3253526946149368e-24, -6.297440887382872, 2.6871028842111432e-24, -3.1355208822636534e-23]]}