{"Train": 0.14931111318255977, "Val": 0.14720019358073544, "Test": 0.14840922890526037, "max_epoch": 5, "stop_reason": "Weight gradients converged", "num_hidden_layers": 3, "total_hidden_units": 4, "unit_combination": [2, 1, 1], "learning_rate": 0.9}