{"0": [[-0.9259466993972101, -2.006906167903703, -1.0151847460649595, -1.0268911612833747], [-1.1980424717814486, -2.589342632672939, -1.3051562762789126, -1.3141111617016494]], "1": [[-2.8825269143786585, -4.204789112227207]], "2": [[5.701344365360503]], "3": [[-16.859882011696143]]}