{"Train": 0.11354966617692437, "Val": 0.11344648715419368, "Test": 0.11335233151027459, "max_epoch": 3, "stop_reason": "Weight gradients converged", "num_hidden_layers": 3, "total_hidden_units": 8, "unit_combination": [3, 3, 2], "learning_rate": 0.9}