{"0": [[0.32797137260650727, 0.12334038311241546, 0.29560964148865665, 0.30067809099917414], [0.4660862047138922, 0.16875364820472394, 0.42328407389760186, 0.41602452400362183], [-1.432669448273749, -0.5728222476201761, -1.335403982560775, -1.3491288942198731]], "1": [[0.46078931796013556, 0.6714423319816548, -2.262499812464077], [-0.24525665055019402, -0.32002901565406355, 1.1815843976467746], [-0.1575616645276997, -0.20637032779629957, 0.8349567515730016]], "2": [[0.7178155343217907, -0.15529003860009227, -0.026207461181147244], [-2.0754333108673504, 1.1153655921797123, 0.8298085549182388]], "3": [[-5.410197066042805, 6.488567873353837]]}