{"Train": 1.4245370390814516, "Val": 1.4233501558774087, "Test": 1.4248305089745952, "max_epoch": 5, "stop_reason": "Weight gradients converged", "num_hidden_layers": 3, "total_hidden_units": 3, "unit_combination": [1, 1, 1], "learning_rate": 0.5}