{"0": [[1.0298090302135374, 0.1420686636672943, 0.7890545734929616, 0.8089505784910129]], "1": [[1.6095662921566556]], "2": [[24.612975975031517]], "3": [[8.270353754266397]]}