{"0": [[-1.0515929233341588, -1.6605504899043566, -1.0785522637667713, -1.0512933057892766]], "1": [[1.9529673227799358], [2.3236359622205134]], "2": [[0.05507573017933018, 0.0374335635306548], [0.6608501044403103, 0.5881790624572423], [-0.413238976572028, -0.3741532779866292], [-1.140912757961361, -1.3614002883771543], [-1.5413245881664246, -1.8157356493654244]], "3": [[0.049085916135337464, 1.3288280340857095, -1.5363956137395758, -2.5904895765918137, -3.1145351904051055]]}