{"Train": 0.14931107383366693, "Val": 0.147200154285419, "Test": 0.14840918959236654, "max_epoch": 3, "stop_reason": "Weight gradients converged", "num_hidden_layers": 2, "total_hidden_units": 8, "unit_combination": [5, 3], "learning_rate": 0.2}