{"0": [[-1.5200054173464697, -0.3185274401271242, -0.2573792537549991, -0.32523506472206326], [-1.276332192792746, -0.20257979903721465, -0.3004872292007105, -0.3243062411838786], [-1.4272927036525604, 0.7489226123812041, -1.8708000462511643, -1.6977424601931295], [-1.555797907557563, -0.3383874453621452, -0.26123989439870954, -0.3293576300646748], [-1.5149310489038055, -0.3276669487823806, -0.2703165195229996, -0.32268794915391186]], "1": [[-1.6445636430037933, -1.6220684358799025, -0.7342619737109944, -1.6655037104386814, -1.6556462473757634], [-1.5251786754146477, -1.4936769591145183, -0.41308322664264213, -1.5319116265121724, -1.5262681397624787], [-1.01038638772632, -1.016118210371325, -2.8846456655439683, -0.9997599726812056, -1.0139786364116423]], "2": [[-2.2865051473027775, -1.1750812131678876, -4.908407909408699]]}