{"0": [[-344.12694336784074, -384.61074302422145, -200.57560386521902, -175.7070301487549], [-3.9855781479894583, -1.0089111391558077, -2.4653190366344724, -2.5528696611808983], [-3.4377462158959995, -0.7635206570387378, -2.0186955631553247, -2.148707832087497], [388.75643034264544, 434.648586123333, 226.6016212422636, 198.59251991665738]], "1": [[10.337208205435669, 33.4307042886105, 35.47009848774154, -5.4212890990958265], [-35.49678470402035, 9.109122584611612, 23.016826719984074, 34.497068625738166], [40.20822369610954, 1.846653745662529, -11.835668676446737, -37.520994373297825], [29.62995565111415, 36.24680314683218, 31.976972977666993, -23.241918900887427]], "2": [[-12.37414420015812, 0.4433040616823951, -7.3760568290389905, -14.803075345553383], [-22.485458385721113, -6.099793147489987, -5.188333134675255, -19.961888323699643], [-6.6062766521002585, -1.859058228095523, -1.4563463199184106, -5.798510092622573], [-28.734328343630107, -6.9359362388617525, -7.688331079214737, -26.917407028096907], [-2.479161560069228, -3.133070471368052, 2.538520116644727, 1.8388888795616307]], "3": [[-24.382950329043325, -7.867359684398495, -0.15569758954970722, -6.756610266731124, 0.5441292015701181]]}