{"0": [[0.401880271175216, 0.23362511692675406, 0.6426621390370271, 0.47892335114121765], [-0.41900276976051665, -0.22797300067392556, -0.6622616474548937, -0.5129302754032017], [0.6495207644479679, 0.343520749373819, 0.965386159699515, 0.7685107842837146]], "1": [[-0.9387013719468603, 0.9753278792151941, -1.4354346402647506], [0.35560256867748247, -0.3716603263166428, 0.6394302870295017], [-0.6461075268476818, 0.6608644918836751, -0.7775450505586694]], "2": [[-1.0727767983719763, 0.29438022791433194, -0.38117577743333353], [-4.551510282345344, 3.0582264493258786, 0.06308857350114372], [1.4950790873884443, -0.4729797946684922, 0.010888384728026987], [1.236289483586651, -1.6940748968638366, -0.26138959398042105]], "3": [[-12.505309739833425, -24.294555659530634, 13.781430895942544, -14.056617642061813]]}