{"Train": 0.11354966144261512, "Val": 0.11344648240038999, "Test": 0.11335232677450029, "max_epoch": 3, "stop_reason": "Weight gradients converged", "num_hidden_layers": 3, "total_hidden_units": 10, "unit_combination": [1, 5, 4], "learning_rate": 0.5}