{"0": [[0.41246225314679363, 0.8895363556579756, 11.910245772906407, 6.1931802389472494]], "1": [[2.1032888225182154], [-0.26616768777749905], [-0.03662790701217581], [-1.4125530139047715], [-0.14960468437102814]], "2": [[1.9865861936702953, -0.3291716849841266, -0.06402429298118296, -1.2444187802809534, -0.18067331088859948], [-2.1965912571247244, 0.3280197494332841, 0.03793897480903306, 1.522625200189249, 0.186720551645698], [3.319094985612499, -0.7259652418989849, -0.1847497358361404, -1.986920232503942, -0.38724312408428274], [-0.3533949553308258, 0.30487844205966147, 0.04658252440691901, 0.49585637638648183, 0.18663652107823886]], "3": [[-0.8900828491967073, -2.455133802500146, -12.531953540839678, -2.35345802843594]]}