{"0": [[-0.7511081511849319, -0.7083328041078156, -0.8814581111069316, -0.9242998668975093], [-0.22944045573810237, -0.2137880867805943, -0.2775440105396436, -0.28202164115668205], [0.8789798567752523, 0.8553297636943233, 1.0415963095339142, 1.0721781362446043], [-0.8977244459332985, -0.8521360058167767, -1.0421267878369713, -1.0715091690512268]], "1": [[1.169028494298897, 0.3390142207185314, -1.4252970064957986, 1.432330612996375], [1.2840268489636628, 0.3773343282340799, -1.5398274670652903, 1.546609908130036]], "2": [[2.182221203774971, 2.392419010400553], [0.8154369051925997, 0.9439019210723406]], "3": [[14.069623064155174, 12.368832924508675]]}