{"Train": 0.11354952032270277, "Val": 0.11344634094450062, "Test": 0.1133521854135341, "max_epoch": 3, "stop_reason": "Weight gradients converged", "num_hidden_layers": 3, "total_hidden_units": 6, "unit_combination": [1, 2, 3], "learning_rate": 0.5}