{"0": [[1.0190575964720103, 0.10191494637836726, 1.4520972620330497, 1.2829753448451149]], "1": [[3.0415358996003414], [1.0026773000643412]], "2": [[-30.3196403970873, -1.3996518143181669], [9.129446832674741, 0.634081494392149], [0.43383884231427716, 0.006451391041580349]], "3": [[11.378258711567442, 3.9173039130424145, -0.4685673105025748]]}