{"Train": 0.1493111131756765, "Val": 0.14720019357386233, "Test": 0.14840922889837702, "max_epoch": 3, "stop_reason": "Weight gradients converged", "num_hidden_layers": 3, "total_hidden_units": 6, "unit_combination": [1, 2, 3], "learning_rate": 0.5}