{"0": [[-1.2076723414885142, -0.5280790742900318, -1.348049682746151, -1.3415866006089139]], "1": [[-2.511022297387729], [0.7682800562494462]], "2": [[-0.4043518879541999, 0.3239005948599496], [-2.058108812085415, 0.6699580369522712], [-1.187238130004344, 0.2569957983236186]], "3": [[-0.5671481831231175, 7.454552441306661, 6.518559132315966]]}