{"0": [[0.021744541529226797, 0.0016385306583376344, -0.009366849903553073, 0.0036843349986233603], [-0.01084363965025311, -0.0014019930905275204, -0.0016482660909036024, 0.018357641711777513], [-0.011193395817027505, 0.0062318195288268525, -0.0016534575690239958, -0.0010506603597079313], [0.0019631003390880304, 0.006136021467825542, 0.006637201231790812, -0.00027125639495916216], [0.011113273992027712, 0.0037946626277590117, -0.0030358603571659683, 0.0012084120080982233]], "1": [[0.002049073087163263, 0.006506125308796545, 0.020068192540424114, 0.0002526701718753372, 0.013005494190137213]], "2": [[-0.004368561054679082]], "3": [[0.0028475900664384447]]}