{"Train": 0.11354966699057674, "Val": 0.11344648796285926, "Test": 0.11335233233116351, "max_epoch": 4, "stop_reason": "Weight gradients converged", "num_hidden_layers": 3, "total_hidden_units": 6, "unit_combination": [1, 4, 1], "learning_rate": 0.5}