{"0": [[0.29628139565666756, -0.26578656797889516, -3.978042982668471, -2.2417255623560837]], "1": [[-2.7639107682141497], [-1.8739166171815045], [-0.13929811232147102], [-1.727900793042905]], "2": [[3.3009625018122932, 1.994654147676422, 0.14027456570679261, -13.560329237040833]], "3": [[15.43586309587443]]}