{"0": [[-2.3864372246734993, -0.7931643843216512, -0.357782298961404, -3.345669519819413], [-2.3852992575278376, -0.8000466792757552, -0.33617948539879383, -3.3479584667011872]], "1": [[-0.12407185271426063, -0.11177292340442416], [-0.9952074497255563, -1.0335768913033934], [-0.19028189344598068, -0.19079964244434106]], "2": [[0.17810473730905899, 2.1070621769129585, 0.3287983199549858], [-0.15762946243929385, 8.16352533255444, -0.21557420104729685]], "3": [[-4.0651885235047125, -5.761695821531842]]}