{"0": [[-0.8876772299073364, -0.7062407079546408, -0.5265868628839468, -0.5995885210540781], [0.7183639725986138, 0.11259808249897978, 0.3544070771952697, 0.37123666802939], [1.093239871229205, 0.15911634645202113, 0.5503575751093287, 0.5302863637904354], [-0.14696360514581522, -0.020772269195392736, -0.08879205452012688, -0.07146786624163616]], "1": [[-0.45858937420266743, 0.360925065796525, 0.43023600183083055, -0.09744042422720015], [6.423016546396789, -0.5623073425507652, -1.024219173578991, 0.10098207430572956], [6.6398015479483, -0.5776556579539255, -1.055612578113155, 0.08440212345246408], [2.1496848103128245, -0.16038855149114797, -0.3186444716567079, 0.015683481834174264]], "2": [[0.7133527946476904, -0.333202131850026, -0.3671318527063294, -0.3013348978794473], [0.05047557616251964, -1.569623475374377, -0.5605903097678905, -1.0786082822514755], [0.7285345011125777, -2.4354551798481263, -0.9165904805556266, -0.8499677980231997]], "3": [[10.308887431815993, -4.258270083410098, -23.035860590685175]]}