{"Train": 0.16813670124033572, "Val": 0.17001771134786825, "Test": 0.1727576141063377, "max_epoch": 5, "stop_reason": "Weight gradients converged", "num_hidden_layers": 3, "total_hidden_units": 5, "unit_combination": [1, 3, 1], "learning_rate": 0.5}