{"0": [[0.6836926876653806, 0.12747002796875775, 0.950468986072063, 0.9379538024925624]], "1": [[-0.09291955693664834], [1.4195997100574562], [-0.03918746761989611]], "2": [[-0.11937809539474381, 1.6393657328511566, -0.04033364732409503]], "3": [[-8.986595955575307]]}