{"0": [[-2.163646323340262, 3.3541013474990495, 2.8710074414328166, 1.5010302265135396], [0.014164178949768742, -2.1352281564877265, -1.7801237961952447, -5.374290550261602]], "1": [[-7.2746625052160985, -10.802481062921041]], "2": [[-6.931782928536899]]}