{"Train": 0.14931111318203652, "Val": 0.14720019358021036, "Test": 0.14840922890474517, "max_epoch": 3, "stop_reason": "Weight gradients converged", "num_hidden_layers": 3, "total_hidden_units": 12, "unit_combination": [5, 3, 4], "learning_rate": 0.9}