{"0": [[-0.28729822601530486, -0.20128364941200527, -0.07577785366511773, -0.14666032389046493], [0.026779736116497494, 0.026206361162246686, 0.004188609306773084, 0.017857653353879697], [-0.7625909804897767, -0.5459523009876267, -0.5032125748324396, -0.6686962057252176], [-0.7309261954936384, -0.5089333961816959, -0.4541065571518707, -0.5982845473878017], [0.10876554864189063, 0.05649902988163925, 0.04258824519835765, 0.061444813763879]], "1": [[0.5081458865282286, -0.08659398648100561, 1.3403377702634212, 1.2494187593340482, -0.1241112228562419], [1.7416475300567116, -0.2949080412577099, 2.6919707307430167, 2.648970523958736, -0.5193957801884272], [-2.627747359654257, 0.4458684307333556, -4.137808141748176, -4.102388622755625, 0.7584139130474641]], "2": [[-1.5724575923749615, 1.1082079755808054, -0.5450868842895489], [3.1454717507593033, -1.558158825117102, 1.227054005495222], [-1.6841473862504777, 1.1334749996345765, -0.5495324979980438], [-1.7710066433730363, 1.164490973738501, -0.5776385023342057]], "3": [[25.268660472483916, 34.181899620605854, 25.165161680030675, 25.264203920312273]]}