{"Train": 0.2869241834130302, "Val": 0.285275282040372, "Test": 0.28661997626000835, "max_epoch": 2, "stop_reason": "Weight gradients converged", "num_hidden_layers": 3, "total_hidden_units": 3, "unit_combination": [1, 1, 1], "learning_rate": 0.2}