{"0": [[0.002530276421812881, -0.023207456083294546, -0.0009621272469435718, 0.015807545249228585]], "1": [[0.005128645787011637]], "2": [[-0.0007463642168638649]], "3": [[0.010749185473633315]]}