{"Train": 0.16813680975504267, "Val": 0.1700178191067007, "Test": 0.17275772671789616, "max_epoch": 10, "stop_reason": "Weight gradients converged", "num_hidden_layers": 1, "total_hidden_units": 2, "unit_combination": [2], "learning_rate": 0.2}