{"0": [[-2.5706967246013956, -5.166370613461742, -2.5001089703655084, -2.543330331391417], [-2.0024808340439213, -4.326966551079054, -2.0258772215978897, -2.0233942357091492]], "1": [[6.126543926988592, 8.144329346980527]]}