{"0": [[-6.0758053167272115, -0.9009917217208039, -0.7569187975946902, -1.0110738261857541]], "1": [[-2.141816472076405], [7.155411427612521], [-0.015803802563024646]], "2": [[0.031183141230432306, -0.043762577786249375, -0.011225321755924415], [0.04357828274896604, 0.17873330132690946, -0.012489073123603596], [3.254867597072671, -1.8401597496925393, 0.03355758159141483], [-0.4960573901951867, 0.8772855267404611, 0.035625130220244924]], "3": [[0.06735255990927701, 1.7139477505739025, -6.325458330796844, 1.5422645999215376]]}