{"0": [[-0.1759469905089149, -0.3544027363842682, -0.16968373394075725, -0.16597220223788658], [1.1310062559334866, 2.2276786049954227, 1.1221235804370413, 1.10663443293286], [1.0065453548451488, 1.97248534343965, 0.9779036615522774, 0.9751053866055611], [-1.4853197744797861, -2.975129156280401, -1.4510514637765075, -1.463392987320144], [1.0039500712362355, 2.008462165592726, 0.9945029160881255, 0.968274757135797]], "1": [[0.4748300292465187, -3.165087589152828, -2.7355343989047527, 4.343603135639671, -2.731794335150073]], "2": [[10.784158183724436]]}