{"Train": 0.1681368097485863, "Val": 0.17001781909789207, "Test": 0.17275772670901435, "max_epoch": 3, "stop_reason": "Weight gradients converged", "num_hidden_layers": 3, "total_hidden_units": 10, "unit_combination": [3, 4, 3], "learning_rate": 0.5}