{"0": [[-0.01348125390784138, -0.21619637940774108, -0.023652673876953408, -0.02898449732992676], [0.22725174373561077, 0.609565760988653, 0.31462837776927605, 0.357569850016474], [0.15361985963024233, 0.4847781088963452, 0.19573336560976023, 0.23724025443061722]], "1": [[0.0890372093101049, -0.07616966218070384, -0.09159717750456199], [0.07480992812645247, 0.01517357762068622, -0.059502968676850586], [0.27430229564839026, -0.9601833345022278, -0.7166521308770716], [0.021914519857208145, 0.1090180332328342, 0.03785664126772921]], "2": [[-0.5425491346984771, -0.8581162975614373, 3.0945701840568756, -1.188921517595888], [-0.23883629178425678, -0.23810996899936565, 0.06095974450420549, -0.1921867934299567], [-0.2858282035767741, -0.2524522813467694, -0.221348429527409, -0.17637237772141948]], "3": [[14.609254164344504, -7.01750628352236, -6.892575465184709]]}