{"0": [[-0.9865436766735369, -0.5398400412727867, -0.5611570652764016, -0.46287798774227007], [-1.2995820333343941, -1.3818630521745732, -1.0663019089855443, -1.0016308855270744], [0.49831958831561624, 0.1524196613873815, 0.12467442562294259, 0.0586136938451371], [2.127365606430517, -0.32255690375551826, -0.00778830516366204, -0.1298294369128535]], "1": [[-1.5258961497064272, -2.8280605429154613, 0.6289881082496833, 1.3052044905620521], [-0.19004137638802432, -0.16646203334255336, 0.12278818184031193, 0.7260962087397499], [0.20969601463176482, 0.18389971553369155, -0.15151469977758683, -0.7409070988129463], [-0.22431878610749825, -0.2841593387992707, 0.09201458356361818, -0.19934193265901118]], "2": [[-0.8568692469943148, -1.0150402476266265, 1.0132348718362525, 0.9794486717012664], [-0.5596930858596207, -0.1486476047305481, 0.15647452616345295, -0.06257383747593576], [0.42012389861179905, 0.5359824945464408, -0.5465685690702905, -0.5585286845462348], [1.2340222015476023, 1.3332082031987962, -1.3480639834820907, -0.877769305345718], [-0.9338187331573338, -1.0607644872671818, 1.036628089045077, 1.0046458630618755]], "3": [[3.5122091319793056, -2.8377992509891548, -5.238222617337146, -13.349278583099078, 4.2133551407613865]]}