{"0": [[-1.545830165496598, -1.14795974116756, -1.7763830452273601, -1.748376852118699]], "1": [[4.928628065848125], [10.344675377088116], [-3.4066199776469035]], "2": [[1.6608119749899986, 1.116072098798662, 1.41860952634134], [-1.927351579245503, -1.2245150528399409, -2.7867935778071597], [21.752624989278008, 7.681752659263103, 27.35045242299166], [0.6512131824674127, 0.6740072806191583, -0.06191513755799193]], "3": [[-2.192401104073079, 15.958709808999581, -2.928830259109679, -4.8620465516343225]]}