{"0": [[-1.356640003438977, -0.5257144917702816, -0.8715451614629062, -0.6965650341153596], [1.8670191243951115, 0.8277172874624902, 1.3960474878082918, 1.1400685707041642], [-0.08860689930781795, -0.027844538701960728, -0.07459784327120064, -0.04183898615811018], [0.585632040671714, 0.19348671157203245, 0.363302187895526, 0.2827483853774041]], "1": [[-0.9275400940362396, 1.3261919110729565, -0.05186659399476294, 0.40064499432434825], [1.5110155545424488, -1.7071393542829463, 0.1327694174301494, -0.822508492277224], [-1.2223196750678578, 1.3839409391001518, -0.10306485017228645, 0.668496823972894], [1.6288017793792195, -1.8141631226656376, 0.11810328069904016, -0.8764342465145949]], "2": [[1.6638356175506992, -0.004934385445319217, -0.017140322027547242, -0.01883167712288853], [0.9225862514114628, 0.16577595850377086, -0.12158384928063992, 0.15411722802269723], [-10.54554099074071, 2.8656433795233625, -2.2493848646852097, 3.093634571237975]], "3": [[-7.997778925216298, -7.498136068385252, -1.0798315871426756]]}