{"Train": 0.1493111060219374, "Val": 0.14720018642924235, "Test": 0.14840922175644788, "max_epoch": 5, "stop_reason": "Weight gradients converged", "num_hidden_layers": 3, "total_hidden_units": 5, "unit_combination": [2, 2, 1], "learning_rate": 0.5}