{"0": [[2.210903018499911, 0.4931223511035713, 3.491001907343435, 3.6170169094180378], [0.3822975958964733, 0.06140724652184425, 0.4912717285742303, 0.5213320985691441]], "1": [[35.628415607596956, 0.2016378745904094], [44.47382037563795, 0.2730764578970897]], "2": [[5.364959129153168, 6.534449809230971]], "3": [[-9.216386538316637]]}