{"0": [[0.6755795961963933, 1.2375840219807934, 0.5091021959415849, 0.4592182572835392], [-0.23117744007785354, -0.39925140300635115, -0.15365881419984107, -0.13184919620503785], [-1.1253638417095468, -2.0547308411056973, -0.882447119150108, -0.8083399893377808], [-0.17296508753395992, -0.2985030838442664, -0.0992545315476046, -0.10776479494912254]], "1": [[-1.5741016417286473, 0.4694272095646684, 2.81677432047622, 0.36283039396696304]], "2": [[28.57720209439784]]}