{"Train": 0.11354955720445012, "Val": 0.11344637789221815, "Test": 0.11335222237324119, "max_epoch": 5, "stop_reason": "Weight gradients converged", "num_hidden_layers": 3, "total_hidden_units": 8, "unit_combination": [4, 3, 1], "learning_rate": 0.5}