{"0": [[-0.0340953825185202, 0.2696782255026835, 0.3358834639440815, 0.19600250049186663], [-0.17830420956604867, 0.04161542116279554, -0.023410866262603382, -0.059835767976790265], [-0.8446039617148531, -1.574126397407979, -2.2561751846440674, -1.850114113226279], [-0.263754209161916, -0.7558075371387672, -1.003234274413365, -0.7304717451658072]], "1": [[0.7464839762411266, 0.2955714526208314, -2.704695360470471, -1.498307331603849], [-0.9746882124010324, -0.38964978523000127, 3.6950353238461924, 2.0241970220985372], [-2.0882676647243787, -0.8029884431489956, 8.24248171124107, 4.40827857734925]], "2": [[-0.7762469496171842, 1.4575777108827777, 3.461967199475248]], "3": [[7.797617910209415]]}