{"0": [[-1.865431572042261, -0.7774195043556843, 0.5389091943166731, 0.12462770669384543], [-11.530269560478915, -7.730364612060978, 0.6108410073932709, -3.2631828597546475]], "1": [[0.28800196595398514, -3.364598852992196], [0.06318617856686252, -0.29846194353294636], [0.38404076615381727, 0.5507422813754133]], "2": [[-9.028397114837508, -0.1383125839197216, -0.518115094921999]]}