{"0": [[-3.1601975603947796, 0.36050947057516153, 0.4051170603746564, 0.22046449788337374], [7.405406223734547, 3.5987680805795224, 6.119375716307271, 5.658290935564724]], "1": [[-4.133623442273308, -9.704154244248539], [0.7579893974144081, 1.7510274701832802], [1.4865406850205618, 2.11812618068879], [-0.6346391664098971, -1.9400341291198997]], "2": [[1.0469769486755947, -0.8228333048400935, -0.3213681434783238, 0.10364626437931825], [-0.6570642282892821, 0.07804815592463826, -0.14401185924654059, 0.09370427139162536], [4.890234974304089, -0.8814970979345095, -0.24186246273327944, 1.4233919294202584], [-0.4943066750921921, 0.09318693150809268, -0.07005165208624647, 0.14488054536662806]], "3": [[3.7464963876853443, -2.949374597839966, 6.00631765968032, 2.7071519801135677]]}