{"Train": 0.16813679504000387, "Val": 0.17001780434869068, "Test": 0.172757711818214, "max_epoch": 9, "stop_reason": "Weight gradients converged", "num_hidden_layers": 3, "total_hidden_units": 8, "unit_combination": [2, 4, 2], "learning_rate": 0.2}