{"0": [[3.392505219248324, 2.7230609652519457, 0.19643499816651006, 0.6181301147504704], [0.3035680206177252, -0.2935672982781552, -0.3736671234554415, -0.22472945337191153]], "1": [[4.099965151972918, -0.5697164954326549], [0.04224601573297782, -0.007252329200379871], [-1.7874007940274395, 0.4262988071523057], [-0.7033776302530017, 0.12374568213029258]], "2": [[0.850628433270588, 0.0465200596406855, -1.6515505760002485, -0.747445191936075], [0.1650780720196536, 0.04674105043735685, -2.537093729744311, -0.7295412065292002]], "3": [[-3.089625610059398, -5.799184741859846]]}