{"Train": 0.14927034888728877, "Val": 0.1471594812651855, "Test": 0.1483685318521202, "max_epoch": 49, "stop_reason": "Max epochs reached", "num_hidden_layers": 3, "total_hidden_units": 8, "unit_combination": [2, 1, 5], "learning_rate": 0.2}