{"0": [[2.715521039345191, 3.111152108380315, 2.321019068072548, 2.7157131422886494], [-2.8029288399921968, -5.9714708630846545, -0.8824842775754004, -0.9950292171146919]], "1": [[7.490872938085534, 0.10086613693699858]], "2": [[-2.7865433431778098e-14], [-1.525492712026079e-14], [6.335425155894333e-14], [-9.981883943856667], [-8.805515395967508e-15]], "3": [[-2.786543343177902e-14, -1.525492712026034e-14, 6.335425155894247e-14, 4.892798465648711, -8.805515395967509e-15]]}