{"Train": 0.14931111309017145, "Val": 0.14720019347876792, "Test": 0.14840922874583734, "max_epoch": 3, "stop_reason": "Weight gradients converged", "num_hidden_layers": 3, "total_hidden_units": 10, "unit_combination": [3, 2, 5], "learning_rate": 0.5}