{"0": [[-0.13768515809537954, -0.09522459593416911, -0.09834842849910891, -0.09630128082593374], [0.07914390766745272, 0.06005565197555095, 0.0599460940325987, 0.0668084944507414], [-0.8698550435394358, -0.5696471202174669, -0.776840064998693, -0.7490268061552013]], "1": [[-0.2238678172803245, 0.13918269029482291, -1.8378438909079975], [-0.04086051185849601, 0.030048488376072727, 0.11424287173815435]], "2": [[0.2272378878752583, -0.0328669411872413], [2.2187288540499517, -1.0514702567477006], [0.30733148801282867, -0.046259551799959504], [-1.3901221798240087, 0.24874888359894706], [1.017687895160801, -0.11528224408212195]], "3": [[-0.1703493677553069, 8.577307738604583, -0.11465723792900515, 13.258891039946626, -12.854968047298929]]}