{"0": [[-3.775518774219413, -7.99939944484878, -3.9190441667043805, -3.8888717712807104], [-5.020972267134107, -10.591134565387284, -5.238168909361274, -5.184676281207597], [3.2805708518950216, 6.872760114807988, 3.4212497490521177, 3.369767635825489], [-4.201888167979865, -8.81565605978954, -4.357575345856933, -4.326814054212909]], "1": [[9.763349810629972, 20.372376314465928, -19.714445442870975, 11.72460920426986]]}