{"0": [[-0.658677769827836, -0.28879219216602103, -0.6938809318948993, -0.7006629082554496], [-0.49616831768318914, -0.21398545973319513, -0.5496422132682096, -0.5590145921850979], [1.1639176224075942, 0.5277458971625397, 1.2926410213456254, 1.300996780342111], [-0.7719845591779121, -0.36871619521026705, -0.8429223256437836, -0.8570947541967606]], "1": [[0.45468841659180625, 0.3608833247310756, -0.9832237608141582, 0.5701428824812635], [1.1509883157182859, 0.887129429212883, -2.426830367430599, 1.4246142155255148], [-0.3089657090768962, -0.22993764509031706, 0.6253985126018093, -0.38417002600842404]], "2": [[0.8335924876445356, 2.5787791734084142, -0.5407703658668566], [0.6221579732308876, 1.8928871583924902, -0.39630840811292045], [-0.7445672811574117, -2.301164320982571, 0.4859856132721713], [0.07782640124760655, 0.20330542632237475, -0.04694128864250322], [-0.22049647725449054, -0.703634756509523, 0.11780426909268019]], "3": [[3.02054086994793, 2.1156736815649357, -2.6352353871518, 0.2249920541285185, -0.7413750838263645]]}