{"0": [[3.02587455643653, 5.618257161751555, 3.153154903783929, 3.093187453203095], [0.5707003971583438, 1.1935332799595815, 0.9204287833492913, 0.8395325646731092], [-1.533163249089958, -1.0641051487648514, -0.08210780764143051, -0.10463228250165732], [-3.247693825911522, -6.08914346788159, -3.96333855789001, -3.7462593307681993], [-2.741139419595144, -4.649742501011152, -2.6824104491788274, -2.5977984207024494]], "1": [[8.111400453364833, -1.5556192521278773, -1.132075541887046, -0.6833597071847675, -4.290222073486833]], "2": [[0.6853726435033229], [-0.15102292349777527], [0.7888709716579655], [4.625945746661752]], "3": [[2.0357082489458835, -0.3145763178083241, 1.9419703710358331, -8.746225260767726]]}