{"0": [[-0.3429827810182755, -0.5622987571554083, -0.25844023937474037, -0.25843930023063255], [-1.1436911526912317, -1.5210377495695298, -1.0381143148984877, -1.035979616146237], [-0.08812916444573529, -0.16069209660081746, -0.06976834990292942, -0.058007272955411], [-0.1045118144201214, -0.20468964892157113, -0.0594646732646448, -0.04482160788934522], [0.07522546487663617, 0.1814783519455877, 0.06518270955081769, 0.0566546105516957]], "1": [[0.08422855419885589, 0.608399602911661, 0.025320160160680436, 0.03658544200489737, -0.024378900313435925], [0.18307434189117106, 0.20643620190729153, 0.0768962708479289, 0.08193733092525597, -0.08313251297553062], [-0.23048612489981707, -0.13275938796036224, -0.10386393393586732, -0.09609866132297201, 0.09197709617826336], [0.6510925682007888, 1.9611848309322657, 0.20127104919201722, 0.2212976010548867, -0.18644219986709532], [-0.4484755215884776, -1.4009505073075332, -0.11211664540490329, -0.15040250547058906, 0.1262889306865947]], "2": [[-1.1396223768589828, 0.2436297685907772, -0.6175665009003033, -2.2100204088044006, 1.7077216867016014], [0.9378622333536566, -0.2800906231725867, 0.6384170104535797, 1.133917035610187, -1.078564478760437], [-1.407976414407986, 0.41765254899831716, -1.0063634834574655, -1.6163583477099088, 1.5707668981111436]], "3": [[-30.849622243530504, 19.496975026600296, 20.966517947186745]]}