{"Train": 0.11354966680092006, "Val": 0.1134464877727142, "Test": 0.11335233214120773, "max_epoch": 3, "stop_reason": "Weight gradients converged", "num_hidden_layers": 3, "total_hidden_units": 11, "unit_combination": [2, 5, 4], "learning_rate": 0.9}