{"0": [[0.08992963003463428, 0.07443470297689084, 0.10254650545821467, 0.08858254585878227], [-2.2256003143172527, -1.5094304176099045, -2.4379554672725168, -2.4419166338422253]], "1": [[0.12413451536951069, -3.979626277269837], [-0.053425055693175544, 1.8304672324657374], [0.043170942815339036, -1.063853305291848], [0.058655073280787576, -1.3221307981813626], [0.09217237971051796, -2.7529873153760884]], "2": [[-1.753844386184526, 0.7535862568628965, -0.43811194011365356, -0.5529003006234072, -1.1807566178827102], [-1.7468156724240436, 0.7765500557175025, -0.4482925264207795, -0.5507543971099934, -1.1780676892891393], [3.0983821321043, -1.3598724652107357, 0.7866444946281362, 0.9759468939783936, 2.0725903630727474], [-1.4387785993273323, 0.6339150190762799, -0.365524271169231, -0.4603413852065314, -0.9503050492174208]], "3": [[2.373814008827213, 2.378867634695092, -4.28877473262253, 1.9402478989876806]]}