{"0": [[-0.10383339155401212, -0.025324976981397927, -0.09100484097834785, -0.09603658498245271], [-0.019810406057719807, -0.020092280205272886, -0.03170828393267884, -0.02421005871634409], [1.4406327513454944, 0.49844922280304993, 1.5332401751974414, 1.496077792258667]], "1": [[-0.09179670704944702, -0.022855321757482405, 1.7324358717426205], [-0.11309635596580468, -0.03291734352135414, 2.2703706175769027], [-0.056916178433216856, -0.014429637209936877, 0.9577055669031491], [-0.020971423816228126, -0.021553138408475288, 0.49695452070174917], [0.057552052206402075, 0.011855331048907796, -1.0113487363307874]], "2": [[-1.7925679024994037, -2.4131334255210093, -0.9688033005246609, -0.4991680019382567, 1.023748441314895]], "3": [[11.226466046881084]]}