{"0": [[0.09731041449947157, 0.13314223728340727, 2.0644763259721084, 1.8979385634690655], [0.8434800547528813, 0.4196371765362122, -2.5565413194915236, -2.2345593848832817]], "1": [[1.6675269853436103, -1.5682207222756903], [7.231470511964033, -9.819036247228611]], "2": [[-3.585009559906778, -8.073238441172656]], "3": [[6.944440716285677]]}