{"Train": 1.4245372498378919, "Val": 1.4233503666934342, "Test": 1.4248307198067496, "max_epoch": 3, "stop_reason": "Weight gradients converged", "num_hidden_layers": 3, "total_hidden_units": 8, "unit_combination": [2, 4, 2], "learning_rate": 0.5}