{"0": [[-2.020740828871366, -0.018863554349740106, -0.5618955292753083, -0.5572646236971294], [-1.064130231262201, -0.0009581153926214686, -0.3784087762438651, -0.3617702118480723]], "1": [[4.990548047089957, 2.6169003732056804], [-0.305835016302342, -0.11737009917877017], [-0.7973873309286587, -0.41531656314479604], [0.153829040179799, 0.05620016371018202]], "2": [[1.9069125498438453, -0.8961926968340962, -1.6635402189969015, 0.4495333264923391], [-2.7811526786263516, 0.3535646537901573, 0.7761669880145321, -0.14752417222638536]], "3": [[-7.974968504661838, 2.321951030385004]]}