{"0": [[1.0510044348067396, 1.4770621883060757, 1.163165267479144, 1.0736918538720714], [0.05143671415608608, 0.2253558477381574, 0.07999834770024976, 0.10745638319192877], [-0.3758019901911238, -0.7270251311227433, -0.4348116896125888, -0.41581896174551125], [0.11301406138929271, 0.3896289138228438, 0.19461358781054924, 0.17364596219650144], [0.16552770883868698, 0.46328372039531324, 0.25794013561373924, 0.23322950554753033]], "1": [[-0.5294760836484685, 0.025588941862880323, 0.009058227921855714, 0.026406648802230006, 0.028379732341151646], [0.6741765707754548, 0.2652874767856518, -0.6848349271298257, 0.4324804577377642, 0.5254289140204825], [-0.8507612240606669, -0.049306272296610276, 0.2389480929114887, -0.09853179174168325, -0.14328540152663993], [1.7455922478614443, 0.2575232513220717, -0.8191621927539463, 0.43518127845042565, 0.5188291791202183], [1.1102783078866587, 0.1284217918354627, -0.46513895287731294, 0.2241852491049629, 0.2657698904739652]], "2": [[26.377696496802546, 7.651737280084135, 27.33773948929832, -28.286223163784328, -27.85526558528437], [1.6461469565865967, 0.830967700960569, 1.6683164347796673, -1.6929972176068344, -1.694032959811132], [0.967446383562034, 0.3293064658449368, 1.089503085861943, -1.9262687222523707, -1.1789498315879599], [0.9342990976717876, 0.5174350620408483, 0.957593452131061, -0.787906398503235, -0.9381618176804468]], "3": [[7.309672354067549, 1.6244012505368113, 12.244509883341628, -2.4243338415006943]]}