{"Train": 0.11354966698719304, "Val": 0.11344648795946836, "Test": 0.11335233232777221, "max_epoch": 4, "stop_reason": "Weight gradients converged", "num_hidden_layers": 3, "total_hidden_units": 12, "unit_combination": [5, 3, 4], "learning_rate": 0.2}