{"0": [[-0.8614501228308934, -0.10783288723218656, -0.9528191440993871, -1.433655550224376], [0.4568347627501302, 0.06326299477683271, 0.4232596707397311, 0.613876890269794], [-0.5551529962940872, -0.04275450291952393, -0.5205790694678275, -0.7765370175091526], [1.0839880903596293, 0.05522530216865559, 1.0653749157917065, 1.6802098315930125], [-0.8034081750250432, -0.060404871624693685, -0.7416654159659829, -1.1012511839609487]], "1": [[0.002273658027602472, 0.044637391609615246, -0.07058679455687403, 0.21286177567116613, -0.17048234925720018], [1.6922875863410984, -0.818237763866199, 0.9309094562294996, -1.3820167507501822, 1.1126312769333373], [0.19894381382798207, -0.2910900836162073, 0.3568172448696192, -0.5836930416146477, 0.5407274288714761]], "2": [[1.8568059852145755, -3.6738347938502818, -1.6927495373460495], [1.02336523395202, -1.961267972744924, -0.8925220040159095], [0.11181033041266246, -1.4074250261812626, 0.20276376810671257], [-0.9581706275883196, 1.8782907716600006, 0.8441215867824798]], "3": [[-5.649264382616823, -2.9749162372875193, -1.7305351262908997, 2.913012032146415]]}