{"0": [[0.6404844047344721, 1.6098194322581951, 1.085513690395613, 1.1018230358546943], [1.3567938443184968, 2.661786682773691, 1.006271569224438, 1.0281051535344206], [-0.594664751869937, -1.2462677765206667, -1.204494883941767, -1.2884361978847896], [0.7893901400055361, 1.9748004075845347, 1.3694677008705818, 1.4200666499584271], [1.0861431280948268, 2.826384187395086, 0.20233048213743748, 0.13877516715370172]], "1": [[1.138566254083328, -0.5322780500479535, 2.59311426177591, 0.6227063098735901, -3.913278819907011], [1.1458387771734553, -0.5269681836303792, 2.5945516420060684, 0.6219492426714717, -3.919505517522325]], "2": [[1.5173031104807035, 1.5264484655862245], [1.987028892591216, 1.993365941346156], [1.5859774139923377, 1.5906329984329406], [-1.8180552814833189, -1.7288026263420158]], "3": [[-3.6477226150953626, -2.2845716870979684, -3.4616770771658567, 5.151312372625259]]}