{"Train": 0.11354966699060172, "Val": 0.11344648796288444, "Test": 0.11335233233118794, "max_epoch": 3, "stop_reason": "Weight gradients converged", "num_hidden_layers": 3, "total_hidden_units": 13, "unit_combination": [5, 4, 4], "learning_rate": 0.5}