{"0": [[-0.5996230410971574, -0.22339748239069526, -0.6465421552872708, -0.6778499952048932], [-0.30841693412026006, -0.10608823032906037, -0.32105820363669857, -0.3357841541791009], [-0.3478687832937898, -0.14849208074880688, -0.3858492496149983, -0.3769205253870707], [0.6641449501939688, 0.2458849619885127, 0.7489257758626102, 0.7393219417541425], [0.408212639936878, 0.15993959723232345, 0.44126843272512983, 0.44863713730718874]], "1": [[0.20869914687336985, 0.10101302970960917, 0.12821345217741265, -0.2347223336071161, -0.13262393281046317], [0.6533988802179905, 0.32055598858136575, 0.3695263148870486, -0.7333590425692348, -0.44045151387169035], [-0.9048254911327601, -0.449967121255291, -0.5209150158751216, 1.024639194701424, 0.6023194451501169], [0.1447724789185109, 0.062279594438600594, 0.07840427816735014, -0.14120374818841272, -0.10253361757166136]], "2": [[-0.10939934734832826, -0.2532520710027805, 0.29159366507232587, -0.06629512206077919], [-0.028234033364442596, -0.3396997751088797, 0.5920776638376096, -0.0013443738833981004], [2.0906719124284456, 3.4227755190346287, -3.434022832189313, 1.3194737963660763], [0.2769143620566781, 0.8431191196230859, -1.1452728557001577, 0.16888608608369812]], "3": [[0.9047156959485172, -14.280474228838816, -3.6949098423106372, 14.853237039469743]]}