{"Train": 0.11354965488301992, "Val": 0.11344647582431105, "Test": 0.11335232020425791, "max_epoch": 3, "stop_reason": "Weight gradients converged", "num_hidden_layers": 3, "total_hidden_units": 12, "unit_combination": [5, 5, 2], "learning_rate": 0.9}