{"0": [[-0.8281649872892202, -0.20865519178147615, -0.9217240118582054, -0.9666869957450644], [-0.6996395593640696, -0.15365552893777512, -0.7928605848381709, -0.8104821862005614], [0.6808639244081982, 0.17212694140609333, 0.769617825072542, 0.8012911454446188], [-0.06362179829724827, -0.020807211751817385, -0.07318389359215659, -0.0847924837766944], [1.0150860126187722, 0.27452377912230397, 1.167859493313351, 1.1894401515677286]], "1": [[-0.6523162748111797, -0.554095371809829, 0.5422231349782793, -0.054729677366207284, 0.831105720949432], [0.40740287516050644, 0.3557018990190982, -0.3502953166832418, 0.03282934937142947, -0.5298187097969098], [-1.3427167395578792, -1.1196131550516937, 1.0947491462658236, -0.10782170797187389, 1.6987900827086002], [-0.008733294044884042, -0.011755644017655614, 0.0050021804211923685, 3.449343215417646e-05, 0.015104435599572164], [-0.45420544213311315, -0.36513579220366965, 0.3644046136537718, -0.03896173347979716, 0.5962720939336812]], "2": [[-3.7486286230234693, 3.6296141895015843, -3.6051112407678096, -0.7257895684141634, -3.668175854330992], [1.3665782645698865, -0.9726454563523393, 2.7517182277908625, 0.11068243468409575, 1.0298561098339665]], "3": [[-11.592001806446856, -20.492188004214942]]}