{"0": [[-1.1456802787592124, -0.8238027414417118, -1.1473503418815563, -1.1283435008531935], [-0.9560624932816804, -0.6681931505519115, -0.9571823660071327, -0.9219178695142022]], "1": [[0.728881076447262, 0.6269260103310997], [2.159322210771491, 1.664991561915126], [-0.6114171941883002, -0.5365572472217792], [-0.575970052345659, -0.5156424477040071], [0.8175052746196745, 0.6896777150149384]], "2": [[-1.0278774128012145, -0.765014034034698, 0.8360437660019884, 0.7906258278844077, -1.103809728187995], [-0.5841971902570682, 0.7806960339970149, 0.5008860846358731, 0.4963169965383486, -0.571187547204023], [-0.596986312366008, -0.37485324568693584, 0.4105869872832796, 0.36920930763443804, -0.9182167741486457], [0.6442950296821017, 1.9510188145723533, -0.5124791499377331, -0.44739793861380045, 0.9242211893688379]], "3": [[8.262801928007239, -4.680828660707775, 5.02670303007248, -9.480287815970046]]}