{"0": [[0.6808247241995404, 1.452402129128598, 0.7191369040496367, 0.7127704694415076], [1.1639295244180177, 2.5285162040708404, 1.2460282156145397, 1.2283860975930452], [0.9007704879421229, 1.9408048319953715, 0.9391524005654344, 0.9388875790575983]], "1": [[-1.3582308323314605, -2.522915022271674, -1.8490855412201452], [0.22077143667575272, 0.38962517203236396, 0.2908910517308389], [1.281922753734759, 2.367664270274605, 1.7444686503667928], [-0.4690307337940318, -0.8324462524901791, -0.6094784014536625]], "2": [[3.407121847134817, -0.5320204701393193, -3.225282753665614, 1.1008628064472423]]}