{"Train": 0.113549666843334, "Val": 0.11344648781523499, "Test": 0.11335233218369026, "max_epoch": 3, "stop_reason": "Weight gradients converged", "num_hidden_layers": 1, "total_hidden_units": 1, "unit_combination": [1], "learning_rate": 0.5}