{"0": [[-15.963162833322546, -30.804761806712673, -15.766587979975101, -15.84539707479677]], "1": [[11.104459475840622]]}