{"Train": 0.1135496591990107, "Val": 0.11344648022348482, "Test": 0.1133523244664268, "max_epoch": 9, "stop_reason": "Weight gradients converged", "num_hidden_layers": 3, "total_hidden_units": 8, "unit_combination": [2, 4, 2], "learning_rate": 0.2}