{"0": [[1.2766519382569599, 0.1581643449548513, 1.0384858832109696, 0.9235368461264288], [1.0285521785806204, 0.04558211084591745, 0.25950616852230446, 0.277143551918394]], "1": [[-1.2656543685508692, -0.2685028938143575], [1.8755693293946007, 0.9334727267103532], [0.4751699073371132, 0.09829761021235629], [-1.7890070029694727, -0.8597182584395477]], "2": [[1.9284492828815132, 1.9461213025236515, 0.5128583433280136, -2.0689682074153932], [1.5389103443164587, -0.8750732227738154, 0.07311552675038369, 0.5508544079299833]], "3": [[-3.971682003812623, 5.27447085174452]]}