{"0": [[-0.3388220433104396, -0.6273180107898031, -0.31508620454625147, -0.32267161858963095], [-0.5409096017441587, -0.9696469685816912, -0.508801695858084, -0.5092105341479611], [1.2894497889336762, 2.402028887728819, 1.2405389105221918, 1.2569700723910593], [-0.13389058729473924, -0.25176590183267683, -0.13242396890513755, -0.11639217355257739]], "1": [[0.5977702054045603, 0.9484313819579439, -3.108656607291248, 0.2358325258382636], [0.6025534124332192, 0.9627597872498752, -3.119407658982, 0.24068885436751625]], "2": [[4.627843168136664, 4.648461518177802]]}