{"0": [[0.17077916622946743, 0.04834188400816416, 0.1444479621096052, 0.15906614519222023], [-1.394546492156522, -0.3646170248689291, -1.501171799596203, -1.5028570870940512]], "1": [[0.08749074009527101, -1.1683688681137065], [-0.24231741922669994, 2.786738592298585], [0.016912260298598856, -0.10881334014035668], [0.08236316511367138, -1.099078654442782], [0.06931444166532673, -0.8295393971278539]], "2": [[1.1902365446220458, -3.164098263940069, 0.11056990663971039, 1.1160769061775793, 0.838663615346893]], "3": [[-21.183954906772435]]}