{"0": [[-2.701993914869782, 0.09488326356730901, -2.321844793017959, -2.1884205677686484], [-2.4312478685878753, 0.09937653034212318, -2.1093488625249837, -2.009280146250718], [-4.48758203728932, 0.05267089275585658, -3.8180274645155365, -3.62105550803005]], "1": [[0.7974647794948588, 0.6822028257335421, 1.5668753021144446], [0.134392455763745, 0.13265643754738893, 0.14205562665923804], [-0.3786116639684351, -0.4078151299946634, -0.2601858235343209], [0.4459618637924221, 0.4474561506490331, 0.3991565027775978]], "2": [[-4.951046275795959, 0.3037683875676878, -0.954270684474895, 0.3203925334869505]], "3": [[-10.898076796161536]]}