{"Train": 0.11354965465196833, "Val": 0.11344647559227418, "Test": 0.1133523199732479, "max_epoch": 15, "stop_reason": "Weight gradients converged", "num_hidden_layers": 3, "total_hidden_units": 5, "unit_combination": [2, 2, 1], "learning_rate": 0.5}