{"0": [[5.527050138974505, 0.44347177938930654, 5.845460413343246, 5.3080788342864835], [4.659689373299554, 0.3594008529914837, 4.876847467688405, 4.421338186406927]], "1": [[3.7703561174281783, 4.21013554327109], [-0.8371896966254253, -0.7906838369818715]], "2": [[-20.706475713676515, -1.0325354809912053]], "3": [[8.890341339034217]]}