{"0": [[0.6909441674137086, 0.05533599599875089, 0.5692924730537969, 0.5478447773553015], [1.4524641155842737, 0.10754415623737157, 1.1474102898702674, 1.130267717273318], [0.7506262404903834, 0.0506743813556197, 0.5891906440871982, 0.5924656278858461]], "1": [[0.9281298126812096, 2.2263283532973817, 0.9862925649830309], [0.8535948322232971, 1.6015443884926452, 0.918128728114673]], "2": [[10.324596667100685, 7.508336263911858], [0.38056703011465753, 0.9026428568538032]], "3": [[-32.03044031402305, -13.575834731481846]]}