{"0": [[-0.11897322562648485, -0.2630221247129285, -0.10549261214302061, -0.13292530971607594], [-0.39904951065493033, -0.8953675031929165, -0.43076992696957794, -0.4281609331562108], [-0.007723979618072109, -0.03365473803649659, -0.014797744376411029, -0.015407670669801813], [-1.04650223191978, -2.2823028100239835, -1.1411762914622885, -1.1266356913984152], [0.581969007155004, 1.25783184551212, 0.6322161806380585, 0.625058571717457]], "1": [[0.32550820609088793, 1.172441178649851, 0.05128923184931688, 3.6750193072794763, -1.7036272044431473]], "2": [[8.012253920517118]]}