{"0": [[0.7862187332642693, 0.5068262822612135, 0.6863042293701429, 0.7030656223287055], [-1.8226984015871974, -0.9056092360697798, -1.7933502310960345, -1.8796141358871852], [-1.0268641203628288, -2.5824675635156216, -0.7680850404540219, -0.7345753640162513], [-2.900808703771092, -1.402024852309914, -2.7570085516741956, -2.834682700425244], [-3.0413353424973018, -6.50629065117538, -3.204370860558257, -3.174894759682863]], "1": [[0.027632455210135687, 4.5750804048455445, 0.06198844318219218, 5.466152547394737, 10.347572887854461]]}