{"Train": 0.14931094822690352, "Val": 0.14720002883498237, "Test": 0.14840906421766692, "max_epoch": 3, "stop_reason": "Weight gradients converged", "num_hidden_layers": 3, "total_hidden_units": 7, "unit_combination": [2, 4, 1], "learning_rate": 0.9}