{"0": [[-0.4819425144801231, -0.8388427592072888, -0.5764638891343571, -0.574261089928173], [-0.9199557438716375, -1.6453799549469346, -1.1128712961268006, -1.1058786014906752]], "1": [[0.3065860728963619, 0.6474180044067923], [-0.6992639880725006, -1.4825908681983522], [-0.9654172430692208, -2.035412688541029], [-0.4005625951117217, -0.8511537345242445]], "2": [[0.717009926002341, -1.6518467179494163, -2.288877871855718, -0.9420806596563325]], "3": [[7.64858545432921]]}