{"Train": 1.462941541030228, "Val": 1.4611522502749852, "Test": 1.461726149493005, "max_epoch": 3, "stop_reason": "Weight gradients converged", "num_hidden_layers": 3, "total_hidden_units": 10, "unit_combination": [4, 4, 2], "learning_rate": 0.9}