{"0": [[0.930847537906715, 0.8032776872558872, 0.8741490618432937, 0.8875353650363175], [-1.121995182260869, -0.9579123371727462, -1.0541651823692773, -1.0194721103181739], [0.39816285972523635, 0.3538956888652936, 0.37150377279874547, 0.3690089833706288], [1.1388478762518652, 0.9909496958078815, 1.060882235859515, 1.0565010766442768]], "1": [[1.1942620774823063, -1.444271286778288, 0.49950951096868595, 1.499941636746848], [0.9293337068175384, -1.1393036141731907, 0.37223933253988856, 1.1494709933928287], [0.9712730883211934, -1.1794282174365824, 0.40510356415991106, 1.2009932554500475], [0.3252731376745276, -0.361051600438895, 0.14565230447477218, 0.3722043917556591]], "2": [[-2.320281951349861, -1.7651834735985672, -1.846185250426585, -0.251063934661104], [1.2794991447295703, 1.4810797989522435, 1.4443750157487159, 0.7884127761797769]], "3": [[16.79697288890069, 28.45881450799926]]}