{"0": [[-0.39741449443330673, -0.013606289678206719, -0.434631004350706, -0.388376656667137], [-1.4125912696075567, -0.03347845238565885, -1.4130334525630328, -1.3255725033104528], [-2.9018436496132614, -0.03973628058941419, -4.477132138681421, -2.399781426762199]], "1": [[0.9009076813309719, 2.0458451145128924, 6.723783345719098], [-1.3090108826026468, -2.9755710119789316, -9.824160833591487], [-1.6106955298857222, -3.6523676877527094, -12.3336474563517], [0.33856569109801865, 0.7901400713027502, 2.6215120890392045], [-1.1539841568073466, -2.6071849799130233, -8.554645691812787]], "2": [[-0.3183240409032311, 0.5654787564740311, 0.9780185173017809, -0.11018273120634273, 0.48367331574360045], [-0.05264327310755845, 0.04550634840572878, -2.5829120915179113, 0.07481853843337562, 0.3377762465082235], [-0.31287011921984614, 0.4402026615033029, -0.17877547326337895, -0.09068384970313999, 0.47878249715326504], [0.6308096778325479, -0.9948006413521098, -2.3278685570088222, 0.2875300934406899, -0.7372653002197519], [0.5700827274871267, -0.8470468039916466, 1.2785394388627958, 0.14215829222974113, -0.9958503900334967]], "3": [[1.1975113210872554, -4.130641034463607, 0.3524190487267489, -5.212467904447859, 0.7004487862708915]]}