{"0": [[0.1943197910250842, -0.07949043810027985, 1.1328475520005774, 0.9781742605428898], [1.3197028211880306, 1.3109608637140107, 0.683928049296672, 0.23670443734390184], [0.14636607915762223, 0.8917885537087448, -3.758884273299508, -3.3779083048949365], [-0.9031681758339856, -0.0026507037745166395, 2.937670986674305, 3.353211194803512], [-1.7075190324536649, -1.536735799819723, 0.8478757055964804, 0.9522484498408607]], "1": [[0.4638077766370874, 4.318118538983007, -0.8585668108784205, 5.119238611558019, -2.112775608826706], [-0.3005405933194585, 2.9090469352987722, 2.8502297070887153, -2.71784295957912, -3.1005870818327987], [-0.500758390347326, -2.87128128780377, 1.689631964536018, -5.432011594944903, 0.8859495933574971], [-0.3450803483070082, 2.778544691179146, 3.0653195898744348, -3.2650645482594607, -3.1240275574781435], [0.2211932896492719, -2.716322798615619, -2.1925812895699135, 1.698123817808202, 2.6583798558044327]], "2": [[1.0539825721484926, 0.6317007211667999, -0.883978835353236, 0.5462588280969953, -0.6664420312590004], [3.1457806150745027, 1.5138924011200015, -2.59779908334331, 1.269586907406896, -1.6785830990574258], [-4.0944474707284435, -0.4744281299245741, 3.443964779221448, -0.20783217124892975, 0.7043433439855126], [-2.296875098824318, -1.3828797771414039, 1.8746209643227991, -1.1788405922354834, 1.4531016855640837], [1.0769399533732105, 0.9489372294769004, -0.8653079162215296, 0.855423685106061, -0.965859330889586]], "3": [[0.554421389624362, -0.9112765380181506, 7.3779416191946225, 0.6383480209571581, 0.5844623714612082]]}