{"Train": 1.4245372537176808, "Val": 1.423350370574193, "Test": 1.4248307236891598, "max_epoch": 3, "stop_reason": "Weight gradients converged", "num_hidden_layers": 3, "total_hidden_units": 7, "unit_combination": [1, 1, 5], "learning_rate": 0.5}