{"0": [[1.9829845145188638, 0.020837430710790535, 6.552475746309647, 5.854466382951926]], "1": [[-6.6218746525605665]], "2": [[0.5895577368222241], [-0.6835650756663236], [3.8802285041020452], [3.6149999736777563], [4.697649989739094]], "3": [[-0.5925742331819617, 0.6948173258838108, -6.789476793678851, -5.610177253069657, -2.4105784646657247]]}