{"Train": 0.16813676224531973, "Val": 0.17001777150526412, "Test": 0.17275767871666828, "max_epoch": 3, "stop_reason": "Weight gradients converged", "num_hidden_layers": 3, "total_hidden_units": 10, "unit_combination": [1, 5, 4], "learning_rate": 0.9}