{"0": [[-0.9198873124912724, -1.5232854826993318, -1.138363138865437, -1.1392325114395117]], "1": [[1.3468145941436198], [2.372753662477912], [1.8714566886618302], [1.0200743480736432], [-0.8526267882044551]], "2": [[0.5521040283771915, 1.100822873654349, 0.7945386098672403, 0.41882244182343864, -0.33347970881719147], [0.9635858089079402, 1.9064133652703001, 1.3918970120637317, 0.7057609992803371, -0.6103196551301726], [0.4502548643287726, 0.8535003469941663, 0.6333920450533734, 0.3271635589269283, -0.26431774393374874], [0.7303262373446066, 1.4642189500973857, 1.0819209467747062, 0.5536634665843517, -0.4542013012088264]], "3": [[1.6087763429079616, 3.189123259305831, 1.247189094231828, 2.2471387012824104]]}