{"Train": 0.14929561528192292, "Val": 0.14718471544001424, "Test": 0.14839375656649278, "max_epoch": 49, "stop_reason": "Max epochs reached", "num_hidden_layers": 3, "total_hidden_units": 5, "unit_combination": [3, 1, 1], "learning_rate": 0.2}