{"0": [[-1.9370960953597198, -0.004929686617119777, -0.2683440944272418, -0.16725978543711292], [1.5771170589384238, 0.6644719948167964, 1.3782237255701317, 1.3896077762256922], [-1.3139993042516152, -0.3143718144199111, -0.3500929111287951, -0.25754893659018535]], "1": [[-1.3281624142254533, 2.1614865855504, -1.2334811048846348]], "2": [[14.158975567405598]], "3": [[-5.37641499955775]]}