{"Train": 0.14931077735779494, "Val": 0.14719985760572896, "Test": 0.14840889378253924, "max_epoch": 4, "stop_reason": "Weight gradients converged", "num_hidden_layers": 3, "total_hidden_units": 12, "unit_combination": [2, 5, 5], "learning_rate": 0.2}