{"0": [[-2.104344564646198, -1.9068678715247047, -1.4420567040536696, -0.9296458925941343], [2.398967654723564, 1.8030660991620655, -0.26662454996479057, -0.2601150229829947]], "1": [[0.003101759427464703, 0.031813789406690156], [-1.1716170062603144, 0.020909351670997747], [-1.199580836674947, 0.0060433608842531995], [0.1683694562136398, 0.3136828353859066], [1.0011497317081368, 0.036893651879413014]], "2": [[0.01058761046637582, -2.3040843403684685, -2.3343059773923804, 0.7242425929328755, 2.0835457550644736], [0.02833257251762857, 0.5240450837351741, 0.5284255760492148, 0.1015691649067608, -0.43891787885846567], [8.741181550078904e-05, 0.41953596482629174, 0.40847594712201774, -0.039586064310842384, -0.36394480076893193], [0.020139382582721892, 0.5428481767825868, 0.5566900136317661, 0.07385807900305012, -0.45638684895516074], [0.03242413438912635, 0.09617158876486608, 0.09592270821064353, 0.06150703239493441, -0.11855367442664862]], "3": [[9.607318545348333, 0.7547767427642939, 0.6879035026081485, 1.18698885110656, 0.7674109549102803]]}