{"Train": 0.16813680975546896, "Val": 0.1700178191071604, "Test": 0.17275772671836923, "max_epoch": 3, "stop_reason": "Weight gradients converged", "num_hidden_layers": 2, "total_hidden_units": 7, "unit_combination": [5, 2], "learning_rate": 0.9}