{"0": [[0.5786073154180162, 1.1696176773219618, 0.5550104735726266, 0.5709960772177879], [-0.5452292174299577, -1.178422956974609, -0.5464342824182968, -0.5611932434906057], [-0.35154047240721165, -0.7083003347541564, -0.3132223401629886, -0.31761925747400976], [0.7663931568778932, 1.5885221722692935, 0.7578219668329517, 0.7501865493323516], [0.9024677486712639, 1.8616949161285792, 0.9195244478191839, 0.8829823328008205]], "1": [[-0.9025669553926763, 0.9186269659360515, 0.5284109862018783, -1.2466977122974627, -1.5006282637243866], [-1.2372840202633206, 1.248860742839844, 0.7395361261661335, -1.686139378933803, -2.0180532454947984]], "2": [[7.50409985990032, 8.288914000925978]]}