{"Train": 0.14931045914417995, "Val": 0.14719954031970728, "Test": 0.14840857546401445, "max_epoch": 5, "stop_reason": "Weight gradients converged", "num_hidden_layers": 3, "total_hidden_units": 8, "unit_combination": [5, 2, 1], "learning_rate": 0.2}