{"0": [[-0.6874279367854285, -0.5775550522375901, -0.18829324650226537, -0.20267756565129863], [-2.0609816244097283, -1.3373631152850727, -0.08448912380290123, -0.15251326651855412], [1.9008944647705195, 1.2600250651834655, 0.11240698515910001, 0.18124017661222022], [-0.16303361035968486, -0.21327591784081004, -0.11322750540538716, -0.1282717424001248], [2.053146566563228, 1.3344539314704194, 0.0765869723943048, 0.16824134616296424]], "1": [[-0.010609504614022824, -0.003310278607299737, 0.014754533651606906, -0.018077212298757105, -0.010053587292193087], [-0.5774835470421781, -0.9496511113107284, 0.9402310122271553, -0.26406894074977055, 0.9539845977371849]], "2": [[-0.013821406888737167, 4.963483585059296]], "3": [[-6.962650429420238]]}