{"Train": 0.11354935365521981, "Val": 0.11344617729557957, "Test": 0.11335201604912074, "max_epoch": 3, "stop_reason": "Weight gradients converged", "num_hidden_layers": 2, "total_hidden_units": 7, "unit_combination": [4, 3], "learning_rate": 0.5}