{"0": [[0.6122674957524075, 1.1502462816935202, 0.6180742110589238, 0.6151498411211593], [0.45232662280406666, 0.8516552324117472, 0.4652110849083967, 0.4507854516996574], [1.1020267841507503, 2.107556124302498, 1.1669438290128213, 1.1733371580193532], [0.46295545976662833, 0.8478455901429848, 0.4790215341617758, 0.488175662126631]], "1": [[0.31497390371721146, 0.2303412047637537, 0.7477613235198497, 0.23124429282812342], [-1.298918986223237, -0.9517273766606023, -3.0504129824169235, -0.9633733865134457], [0.948509540544173, 0.6825664172838951, 2.197052000754618, 0.6982484630851172]], "2": [[-0.864288789501224, 3.9085922882742103, -2.6754832820834094]]}