{"Train": 1.4245372537177885, "Val": 1.4233503705743005, "Test": 1.4248307236892672, "max_epoch": 3, "stop_reason": "Weight gradients converged", "num_hidden_layers": 3, "total_hidden_units": 14, "unit_combination": [5, 5, 4], "learning_rate": 0.9}