{"0": [[-1.4516102663015409, -1.0700941854585435, -1.660232979905291, -1.9363563837409095], [-0.5874378943115904, -0.29317111775415694, -0.4238193575900952, -0.5345110338118237], [0.3305584028803097, 0.1378015321056506, 0.2273727896336214, 0.31709303022927837], [-0.3692993066223586, -0.1871456843772103, -0.2528329034485886, -0.32549432973701276], [-1.4190667203494154, -1.0011192125780597, -1.592443154635497, -1.8857947379468298]], "1": [[-0.11179865479003857, 0.18137057624167577, -0.16438087996526574, 0.16131179790443145, -0.08349973599153368], [1.8008936773006463, 0.41346740544324107, -0.2878290026897211, 0.2876171046881945, 1.717379512796569], [0.7502550172610694, 0.7178775796085048, -0.5378017818849748, 0.5709851489276617, 0.756904352467901], [-0.9844349883722792, -0.24746492705232428, 0.16046208062551726, -0.14870988604277618, -0.938820253065761], [0.3776297500315475, 0.49176080053744314, -0.35968796210952975, 0.3839141778719432, 0.3982564942458385]], "2": [[-3.9082089397087674, 4.406031703235836, -3.1996745166006133, -4.233503186714143, -3.60640804617512], [-0.8678277081910399, 2.5092990305310012, -0.5048488222716867, -1.458327768980148, -0.6591257562175508], [-4.1466670088763316, 4.591696659544468, -3.395207834981207, -4.48514794572565, -3.8198398773682958], [-3.9723815526159596, 4.412288364888029, -3.2647476219207556, -4.314383642252073, -3.6520804962128954]], "3": [[-15.192589720396734, 21.542640522829796, -13.356562393454755, -14.973259534755314]]}