{"0": [[-1.8800617128721238, -2.076885485395596, -1.834852016618329, -1.8610414863663274], [-1.441599063209405, -1.5703505258346275, -1.3924702667186368, -1.3941137174493838]], "1": [[-2.289224461406688, -1.5521670100416347], [-1.3235171301868536, -0.9200042165335124], [3.5029985238764128, 2.37840052890664], [1.4239066993178233, 0.9866499297783728]], "2": [[-2.2814691815749457, -1.3116008101909291, 3.638176492614484, 1.4025253678580256], [1.0218370238979417, 0.5735577450825237, -1.621736829463458, -0.632502354741453], [-0.9973490059551456, -0.5738647569947763, 1.5842897149240496, 0.6096762177938374], [0.9066544438567984, 0.5295607373556935, -1.4585652886714187, -0.5744814088667145]], "3": [[4.860431209436433, -2.1085248801273546, 2.058546794658423, -1.8989976720419746]]}