{"Train": 0.1681368097535331, "Val": 0.17001781910522018, "Test": 0.1727577267164144, "max_epoch": 4, "stop_reason": "Weight gradients converged", "num_hidden_layers": 3, "total_hidden_units": 9, "unit_combination": [2, 2, 5], "learning_rate": 0.2}