{"0": [[-2.8832414682508305, -2.140964658464832, -4.0702172474183795, -3.710308938633557], [-3.7250613374358776, -1.437567481252064, -3.0953037459585087, -2.9960407095339994]], "1": [[9.82039498565946, 9.27043637917356], [-0.38778275458181344, -0.903554248879557]], "2": [[5.665405725261209, -0.09050366288410494], [-0.3191607191616764, 0.08711995019273833], [0.0939231165514888, 0.10598210515399566], [0.3596977006070554, -0.11767990690295571], [-0.9871137981259814, 0.23465949251395862]], "3": [[8.654736749561806, -2.7586781107922924, 2.8856740454837966, 2.720781135296168, -2.925907328950753]]}