{"0": [[-0.2328163853450194, -0.0868199675549865, -0.2054316098226757, -0.2278292133773111], [0.2991431217135378, 0.10116096252059792, 0.26747048726446093, 0.262299386482372], [1.0442933112740527, 0.32536680192422196, 0.9186663953417815, 0.8933852614086851], [0.951440746763111, 0.30337479342557366, 0.8258116603466312, 0.8336439625850554]], "1": [[0.029510845793949227, -0.029766782143009367, -0.2661219314921061, -0.21796974060372898], [-0.1574131320230611, 0.1905359179209638, 0.7348512638194833, 0.636643804899513], [-0.2805268764550929, 0.35453081965241967, 1.1941097791642517, 1.0931647838397474], [-0.23248577759530512, 0.287064714706328, 0.9825126153990964, 0.8959219934392276]], "2": [[-1.2889911081229877, 1.5271324290729984, 1.587988739638299, 1.5753625099432693], [0.7294721087789064, -1.2646924726249913, -1.8764513364364266, -1.5918696622728834]], "3": [[-1.3069374443250599, 27.34577971085603]]}