{"Train": 0.1135490079680003, "Val": 0.11344582725317465, "Test": 0.11335167224359557, "max_epoch": 7, "stop_reason": "Weight gradients converged", "num_hidden_layers": 3, "total_hidden_units": 12, "unit_combination": [5, 4, 3], "learning_rate": 0.2}