{"0": [[-3.599180728168486, -1.0057967796574963, -3.1715895405494012, -3.305249127262849], [-0.3312552793323395, -0.140307178835053, 0.7787645610530788, 1.2726532721470663], [-2.978270783612567, -0.5731331655580094, -1.3768433658829822, -1.3247636935736036], [0.1356472761999632, -0.010727639446110377, 0.3677892090701457, 0.502380023395429], [-1.558297636518436, -0.30488339018476057, 0.22576716092203414, 0.6786006216183118]], "1": [[-2.3115135019481228, 0.9333194606737958, -0.13460317956399515, 0.362554206940376, 0.7701242721661512], [-1.1702037045050573, 0.14568081232767777, -0.3914535811400784, 0.07979942033919683, 0.032770003902221505], [-2.0896223096152697, 0.8606869789401672, -0.15155985945806744, 0.36993889875075403, 0.6590566369888115], [1.4693704075647267, -0.5675766155145392, 0.1890247039248185, -0.25232281379762267, -0.377049562948342]], "2": [[-1.608422340624406, -0.15290775066951798, -1.5599161044933876, 1.2117017587939345], [1.211295734953667, -0.3739467107228531, 1.2121936539778622, -1.2000182319460413], [0.7801007417057728, 0.7083186304557506, 0.8140426863505325, -0.8442632097239844]], "3": [[-2.9817666127015903, -5.236924589407831, -4.683140829438039]]}