{"0": [[9.37269988154426, 10.184142773865338, 7.2050951011990225, 7.037614152054782]], "1": [[-0.5982053471915266], [-4.218265045370714]], "2": [[0.5503001892215437, 6.9549746168421995]]}