{"0": [[2.814865371041892, 0.23028028849408574, 0.48403055237906223, -0.011671417296516344], [5.040209908727158, 0.49852752080075174, 0.42900350052364583, -0.39151347986800394], [2.356411631538943, 3.9459672430049677, 2.1131262876471117, 2.1095866784681907], [-2.474875168879372, -4.101417314240563, -2.177483187040983, -2.1704010630573736], [-3.901573297750745, -2.2506970859319617, -0.8848864960716519, -2.145844346029174]], "1": [[-0.11225314489914522, -0.1502695421615639, -0.038336283849028416, 0.05749939703673002, 0.1749090709824918], [-1.2307093247591883, -1.4965712049937847, -0.8205199653399161, 0.8514989185464852, 1.9367774360266385], [31.77471843599038, 34.952997827239535, 10.838898420542375, -13.342411296607356, -32.22586140812894], [-32.63666331502565, -36.1965086913496, -11.074813186922368, 13.65921694394514, 32.60873993324188], [-1.2881359830056918, -2.5247355061583616, -0.398576204070663, 0.43529571860285976, 1.3245842209260987]], "2": [[-0.1108417902830865, -3.160096761415461, -0.7171985790929296, 2.376265174118361, -3.0545942233637398]], "3": [[-6.551676108635374]]}