{"Train": 0.11354966635188218, "Val": 0.11344648732255255, "Test": 0.11335233169143463, "max_epoch": 3, "stop_reason": "Weight gradients converged", "num_hidden_layers": 3, "total_hidden_units": 10, "unit_combination": [5, 4, 1], "learning_rate": 0.9}