{"0": [[0.7918459006771036, 0.31654910254652213, 0.7874876152621076, 0.8171527015170698], [0.8583750807371087, 0.320319354235077, 0.85451018678889, 0.8676912304048218], [-0.859831746457302, -0.331614371665058, -0.8501712549622416, -0.8919381537955655], [-0.3169235270692008, -0.12704760279320787, -0.31841708537077396, -0.32848712350380954], [0.19488259425724822, 0.07084636292881169, 0.19550410341411054, 0.18555419552255148]], "1": [[0.07654401394674511, 0.08938523236518174, -0.09453097062301406, -0.03738677315903254, 0.027750743471917392], [-0.3699498868570905, -0.39803532349373, 0.3965777560347199, 0.13091409481587105, -0.07086967332667148], [1.484770209186818, 1.6236549927520612, -1.644820230975881, -0.5503015227223168, 0.32979122920833154], [0.3131280899314516, 0.3656707957683412, -0.3602189546310711, -0.1172265523155612, 0.0716137044173753]], "2": [[-0.15854548734658783, 0.6920571550853003, -3.6869103796399028, -0.6175948037823151]], "3": [[10.372706427182141]]}