{"0": [[3.066505489906406, 5.3628886900431, 8.116270668020698, 7.329937865384492]], "1": [[-19.358084689777037], [1.1711801734428968], [-0.3928759241033818], [-0.5652685833130962], [-1.3178115700767337]], "2": [[1.3670230389259654, -0.8797005674950031, 0.27133736422284904, 0.3999675334272559, 0.9818274664247469], [1.0712675585662033, -0.8196163531292906, 0.2751615602822865, 0.39199291394906616, 0.9241856049276306], [9.305043720501839, -0.7293995013218977, 0.24760712349085368, 0.33798079681546894, 0.8508019720903219]], "3": [[-4.5505293702039245, -4.1159886106751165, 0.19968496456771034]]}