{"0": [[-4.273720222939548, -4.175269015404789, -2.170276418270152, -1.8329094730403217], [-1.028213430857649, -2.73093772365277, -1.547671935830122, -1.5165299263451286], [-5.73246373899186, -6.6115305485645, -3.370231931566113, -3.0413206074861736]], "1": [[5.393751252863861, -8.256815954368056, 5.017209526285492], [-4.230654939978897, 13.363138267852472, -3.74241880968048]], "2": [[0.5487293317583941, -1.4039566211944006], [1.8571664072123961, 1.6467780299358197], [-0.7335691876869188, -2.355990675660018], [1.4242723138344413, -0.5445236536810846], [0.8654195440247601, 2.24167426782201]], "3": [[1.0933711611639414, 8.349831304838593, 0.668969004461563, 1.6073562780686332, -0.23686650197995135]]}