{"0": [[0.35654824937561924, -0.08030732262636965, 0.4214240365448842, 0.3352864139095117], [-0.3211281656441683, 0.13159578842852543, -0.42149995038749843, -0.33979981842569457], [-0.28627675508890915, 0.055077620552062174, -0.30575278839627446, -0.25605977461503265], [-0.329154793607697, 0.07469453881503722, -0.3739766166707122, -0.29712676896389006], [-0.3732396697587666, 0.1291854307019828, -0.4584689382290272, -0.3477518672093665]], "1": [[0.7533100829136317, -1.0503275458128232, -0.49887932040741284, -0.616919102079244, -0.978480999920507]], "2": [[-27.303606978975118]], "3": [[11.12960960010409]]}