{"0": [[-0.29448980350490017, -0.47539831967255897, -0.3303556703198212, -0.3465037527612857], [0.7748024947306071, 1.2230891614394908, 0.8975618757886926, 0.8871227095741182], [-0.9472538364361655, -1.5031947744372636, -1.08948121129407, -1.1022875998442137], [-0.49972134510898936, -0.7692319986095948, -0.5714136702256337, -0.5721201827596124]], "1": [[0.5669892023696701, -1.5294316269234036, 1.9479101423170562, 0.9510490932801363], [-0.47454168425039744, 1.2940581778140297, -1.61200343469722, -0.7957299175703403]], "2": [[-1.1005927678959633, 0.8472221456546044], [2.30701700872261, -1.9432753915162697], [-9.429084556344423, 9.497752716059626], [1.3769033053180237, -1.393099637376807]], "3": [[-26.20134608499799, 27.56716560058473, 16.12451614868631, -1.2940689056279935]]}