{"Train": 0.14931111314944356, "Val": 0.14720019354759534, "Test": 0.14840922887221114, "max_epoch": 3, "stop_reason": "Weight gradients converged", "num_hidden_layers": 3, "total_hidden_units": 6, "unit_combination": [1, 3, 2], "learning_rate": 0.5}