{"0": [[-0.8642118526430971, -0.7737161363326028, -0.7161809794338337, -0.7530329914007544]], "1": [[0.5164511450294623], [1.6038049433831407], [0.17140764744932518]], "2": [[-0.6091177244636319, 7.18820739374618, -0.13007541749397974], [-0.9162543881144044, 2.789754367423073, -0.38845413244505983]], "3": [[18.10955599370311, -6.458464780432893]]}