{"0": [[2.355873397907091, 0.5089680878875238, 0.5105384947719814, 0.5430215327864696], [0.7918804129272723, 0.2052557077903391, 0.20316090947842264, 0.2812060878852518], [2.515042667692292, 0.6228734486676909, 0.47823770077033384, 0.7509089641674479]], "1": [[-0.9603984054638882, -0.35915386313994574, -1.2027401441585917], [0.0044181187735827954, 0.017987712685915692, -0.009740145455696965]], "2": [[4.17043218240626, 0.0070144019451216]], "3": [[6.761749362537647]]}