{"Train": 0.1493111131816542, "Val": 0.1472001935798256, "Test": 0.14840922890435929, "max_epoch": 9, "stop_reason": "Weight gradients converged", "num_hidden_layers": 3, "total_hidden_units": 10, "unit_combination": [5, 2, 3], "learning_rate": 0.5}