{"0": [[-1.1684630938619487, -1.1661210579622725, -1.1706438128997547, -1.1501268264150066], [-0.6428935329699215, -0.5888120198929042, -0.5768953047467049, -0.5607922597509726], [0.3230619918250852, 0.3160506125499419, 0.31292334705770214, 0.29920964474623135], [-0.2147344750685153, -0.20802632459381906, -0.18143175843849257, -0.20823803765856982], [-0.38464003179754946, -0.38563981995867147, -0.3731946263250044, -0.3836937174828025]], "1": [[0.6347280791462676, 0.2557776365561099, -0.11307569865687973, 0.0838583561430723, 0.144208656929085], [2.847819256377866, 1.193211180191174, -0.6226136861065514, 0.39582231797914574, 0.7628783417661409]], "2": [[-0.664176915063846, -2.8607046796703677], [-1.022120372842425, -0.20922450687458308], [-0.4051898960746507, -2.0542236894184103]], "3": [[-10.353479218513536, 7.998274057104202, -9.461492916420548]]}