{"Train": 0.16813641775539007, "Val": 0.17001742601767877, "Test": 0.17275733122122133, "max_epoch": 3, "stop_reason": "Weight gradients converged", "num_hidden_layers": 3, "total_hidden_units": 9, "unit_combination": [5, 1, 3], "learning_rate": 0.9}