{"0": [[0.44808420259180365, 0.6924503384865595, 0.501370402067484, 0.5066973895967393], [0.43923789570465566, 0.6959038391192359, 0.507897900834746, 0.4941491816890811], [0.09311243030005238, 0.13433480816332016, 0.07699532254326936, 0.11443460004949346], [0.6186668049516734, 0.9745943430188935, 0.6951551294064122, 0.7010230203147978], [0.19669515506230015, 0.3209981083284891, 0.23568041094905115, 0.20520578153602181]], "1": [[1.101784040652215, 1.0996324814244927, 0.2117353127157707, 1.5680937142925169, 0.49014268400814276]], "2": [[3.36442416922445], [-1.5013720561906727], [0.23891845553727292]], "3": [[-9.751930752496225, -2.573572030210844, 0.9186780946618425]]}