{"0": [[3.4079583492349363, -0.5521145504428848, 2.3063481386135933, 1.991165162000223], [-3.9167024888635233, 0.32340655418153913, -2.717026544023495, -2.4230116609648937]], "1": [[-8.114142399573078, 3.5493653733259283], [34.96673673092913, -15.197114129477631], [-40.862475264375334, 17.81693683904501], [-18.419106778581558, 8.052961287621363]], "2": [[3.6307511935150476, 4.190766849643028, 3.832653556683403, 12.040223034162004], [4.162697074702117, 6.814784313842338, 3.1052309262061804, 14.173449369545281], [2.8498168456257673, 16.736207298916035, -4.685247953534336, 13.107391012233224], [1.6823991721130798, 1.1598000821478882, 2.30823704855048, 5.492817324008028]], "3": [[4.5115692740593625, 2.7588103752056607, -27.886075441141912, 9.140673006456623]]}