{"Train": 0.14930941209794876, "Val": 0.14719849466470433, "Test": 0.14840753062476333, "max_epoch": 49, "stop_reason": "Max epochs reached", "num_hidden_layers": 3, "total_hidden_units": 7, "unit_combination": [4, 1, 2], "learning_rate": 0.2}