{"0": [[1.0369557456202105, 0.519474496685442, 0.4152484262300603, 0.30312343375262074], [1.2001384780681545, 0.6368107622418849, 0.4714294782822116, 0.3574448250593292], [0.5020088802021012, -1.1912746154118705, -1.3533518877555861, -1.6508306073788712], [0.6048801590663632, 1.3038542946259348, 1.027491487505499, 1.0185196677038828]], "1": [[1.0931845664214674, 1.3075366861522906, -0.5027543150164835, 1.4460096116048002]], "2": [[-1.478244178259558e-32], [5.792226869727935]], "3": [[-1.4782441782574008e-32, -6.481298160235276]]}