{"0": [[-0.16713233195589178, -0.049936199109743264, -0.33971806718667497, -0.31735157880731835], [0.5968871400051059, 0.17075399286999257, 1.000521624672764, 0.9550584975397647]], "1": [[-0.0681537017119146, 0.19250784918897249], [-0.6065484737575907, 1.8479764132209846], [0.12160499494784555, -0.24023045270547871]], "2": [[0.7908747753247423, 4.392678986781333, -0.7610662978760475], [0.2774040846376484, -0.11580962741636339, -0.3739081490887978]], "3": [[-12.41220476769471, -5.938460547327605]]}