{"0": [[0.15517821462947864, -0.4275366197381058, -1.4247116389866012, -1.1235519420822275], [0.13360871970399604, -0.4166696609707713, -1.3830380137273106, -1.1232272544235058], [-0.13866737321650405, 0.4187151094987837, 1.2872965491754964, 1.0165476274574388], [0.11761561750915968, -0.39153540885819976, -1.373706493390418, -1.0581225446513725], [0.03441093912813803, -0.27252537740528454, -0.9780427825190404, -0.7243558765477245]], "1": [[-0.005229082851731662, -0.005468609168237442, -0.011322157654990292, -0.009893851901374331, 0.008194402855908372], [-0.7585962996561217, -0.7821573421342506, 0.730011739804008, -0.7550197947646582, -0.620901982213047], [-0.018802178960224198, -0.037041428842188966, -0.011776680397125268, -0.025159888750392365, 0.030711147215216634], [0.015438071979945681, 0.006545929360208899, 0.0011104229539701462, 0.011970447567462137, 0.005262065482809593], [5.863011059112589, 5.843580753592562, -5.728256677993404, 5.81276787219045, 5.150934261216016]], "2": [[-0.15551781230794098, 4.149022091239856, -0.0023810236954989916, 0.02359019140883178, -2.277137047362872]], "3": [[-6.743383934579335]]}