{"Train": 0.1681349227281711, "Val": 0.17001592781509464, "Test": 0.17275582122925587, "max_epoch": 49, "stop_reason": "Max epochs reached", "num_hidden_layers": 3, "total_hidden_units": 9, "unit_combination": [3, 5, 1], "learning_rate": 0.2}