{"0": [[-2.2036091378058535, -3.9203760616364294, -7.0572592312245614, -8.381502944748004], [2.677057860865923, 8.556296477289658, 2.2655412933090524, 2.372972018126599], [-10.083861422803356, -5.912315111194554, -8.546403715683462, -11.326913933433802]], "1": [[1.090652471066638, 0.9645068787818881, 0.11471718544131575], [-1.3238015402313084, 3.286306748547049, -0.7440849232373687], [-1.1676021485719201, 4.81978103906687, -5.305696263196604], [1.1774288863868752, 1.5540042315341582, 0.05729964717739476], [1.065024069423911, 1.6271808921160658, 0.21021231639793625]], "2": [[-0.9585928693924206, -1.9192451147227798, -3.7470649885830416, -1.6911287804648192, -1.8472277641906845]], "3": [[6.406385400105009]]}