{"0": [[-6.304632400311272, -2.6408110993285066, -5.535686914859738, -5.189448320146342], [-4.809813766123559, -1.7123992251663047, -2.8209849818581825, -4.39340078212961], [-7.63262756389355, -1.4274406924959586, -3.428003703844959, -3.4997856996590624], [4.442634793629885, 5.278226933253095, 5.861515062088329, 6.106548932431968]], "1": [[3.946167578966373, 2.8140463180918234, 5.278116939509713, -6.219249210189109]]}