{"Train": 0.11354940264140571, "Val": 0.11344622308134521, "Test": 0.11335206745484867, "max_epoch": 8, "stop_reason": "Weight gradients converged", "num_hidden_layers": 3, "total_hidden_units": 3, "unit_combination": [1, 1, 1], "learning_rate": 0.5}