{"0": [[-1.078394491604284, -0.39552457140402575, -1.5408832019404082, -1.339163729316748]], "1": [[2.740850826059638]], "2": [[2.7592086523989963]], "3": [[7.422340042314274]]}