{"0": [[-1.1431419981467734, -0.44608978168117175, -0.9190100471447895, -0.8947762190467659], [-0.8319763751216899, -0.3247683792198499, -0.6560782471023976, -0.6461638346809156], [2.158030163860069, 0.8614444295801097, 1.7764827677556385, 1.7462596059734832]], "1": [[1.0417565400376092, 0.752541486588195, -2.2725944213175078], [-1.097566297996397, -0.7606656357556174, 2.3556625747248576], [0.5621330822362934, 0.38582561637064133, -1.2133676923704126], [0.8400197447751994, 0.6235602277909643, -1.8341369282220008], [0.13085523696633922, 0.10304956096802025, -0.29393819181036857]], "2": [[-0.040879587039091336, 0.04219378586896457, -0.008690043952291362, -0.02929462344516716, 0.009273350440184116], [1.059283478826473, -1.0907440169707998, 0.5367515153175322, 0.8351389839362156, 0.13108632358965136], [-1.8078614620600084, 1.8915958782940578, -0.9593546437957978, -1.4506181831914766, -0.23172457651032283], [1.6637005342444076, -1.7207061933141323, 0.863679288914361, 1.3417874565260866, 0.21070283551638017]], "3": [[-0.06431379123339852, 1.814889662920633, -3.1813614250921103, 2.904372052768117]]}