{"Train": 0.14931111314689388, "Val": 0.14720019354506042, "Test": 0.14840922886932234, "max_epoch": 3, "stop_reason": "Weight gradients converged", "num_hidden_layers": 3, "total_hidden_units": 10, "unit_combination": [4, 5, 1], "learning_rate": 0.5}