{"0": [[0.5385615079637454, 0.1659372305212261, 0.4866134601351656, 0.47846626014209265], [-0.2802571646715854, -0.08830816983574216, -0.2651919123518142, -0.24977331858194135], [-0.7726506994162698, -0.2759322228865312, -0.7188380867238059, -0.7109606680460198], [0.5701667526510752, 0.20274470662955366, 0.5120056108887558, 0.50150301450807]], "1": [[-0.09102103760441156, 0.05195883868027685, 0.1360578717857806, -0.08011443628078103], [0.6675842893877251, -0.33898301481560983, -1.0061131599334365, 0.6987541394548208], [-0.06596887640684958, 0.035884543227299295, 0.08135236918598257, -0.06263138150239156], [-0.1664884436090415, 0.09636339106753876, 0.2552412259555802, -0.17854139497591803], [-0.5708179676171052, 0.3038921313739269, 0.8571128652000495, -0.6208975574543321]], "2": [[-0.18830363253768617, 1.328153338010188, -0.12736057855297286, -0.3620273925409666, -1.1499530268628857]], "3": [[-12.05859533610722]]}