{"Train": 0.14931110304448153, "Val": 0.14720018344439875, "Test": 0.1484092187889576, "max_epoch": 3, "stop_reason": "Weight gradients converged", "num_hidden_layers": 3, "total_hidden_units": 10, "unit_combination": [2, 5, 3], "learning_rate": 0.5}