{"0": [[-0.3692580139391999, -0.08713354653728664, -0.25671049105555127, -0.23977196444349164], [0.9862694619775132, 0.3561078653766903, 0.9813816158082861, 0.9153502462074649]], "1": [[0.005750238579587315, 0.016487432982552817], [-0.011093947775635674, 0.26786833224919926], [0.4342769025408698, -1.6759740530431984], [-0.23263723274218154, 1.0277513408684376], [-0.2300982943869086, 1.0229629648303558]], "2": [[0.009303841724878581, 0.07523606297664891, -0.03790455678349856, 0.014138010543478853, 0.0001762142292836739], [0.2330835536986931, 1.7045165244236105, -3.2530666463899025, 2.7912825539345754, 2.8011500198413244], [0.22436038850257684, 1.8291945114798904, -4.007449372921852, 3.2469460401234325, 3.2299754829658243]], "3": [[8.376195979111937, 6.176750556487311, -15.746541324155158]]}