{"0": [[0.5418505317759565, 0.1827316420188689, 0.044003840419434996, -0.049077642283168625], [1.072496089682673, -2.3084823139038244, -2.7990546951441804, -2.792344171573452], [0.8177524513955516, 0.48204151424616176, 0.6280750566541623, 0.5317897326590212], [-1.133710645300161, -0.3037935711006962, -0.5613293481169881, -0.3984991979415956], [-0.3213255023971159, -0.17388238844613696, 0.06841274819890535, 0.13875889922811885]], "1": [[-1.6626928436376467, 5.9763534338924655, -2.087846089753842, 1.826495354585523, 1.6285342482514749], [-0.2958692561404103, 0.8162475280172885, -0.6369148605717843, 0.615431750773085, 0.22079782241479717]], "2": [[1.3603511226459846, 1.8102905124688482], [2.7212486537850946, 0.8103931903227116]], "3": [[6.4112707924149746, 0.499591582078467]]}