{"Train": 1.4245372537177885, "Val": 1.423350370574301, "Test": 1.4248307236892674, "max_epoch": 3, "stop_reason": "Weight gradients converged", "num_hidden_layers": 2, "total_hidden_units": 6, "unit_combination": [3, 3], "learning_rate": 0.9}