{"0": [[-1.2463781878674163, -0.45974907819312977, -0.9030005294928, -1.1489814352825798], [-1.2321268197071626, -0.7060712435015943, -1.000972998448918, -1.2902229402139118], [1.2524081737428538, 0.6963770125448645, 0.9819507267033298, 1.2946289470621615]], "1": [[1.7000248800070117, 2.234118727979986, -2.213243588288155], [1.3010166536723153, 1.5063263222981529, -1.5178584339084626], [-2.3552469857488973, -2.777674682539118, 2.774273971539692]], "2": [[-4.129616078278995, -9.977796421355796, 9.25143100308291]]}