{"0": [[0.7935694451559948, 2.0777570398195393, 0.3420042744252319, 0.3143947795292847], [1.567218476705634, 3.654509222041277, 0.5534845496053975, 0.49093104308346214], [1.5276402375454916, 3.6587011347899585, 0.5863888579985523, 0.5187140631592279], [-1.1429954932154038, -2.865264263307244, -0.4946295193838823, -0.4552995409337274], [0.8120006658447806, 2.4380788995686284, 0.15144135304140752, 0.09498846357578848]], "1": [[-0.847703738930961, -1.3123091109915919, -1.3358013941090805, 1.1461013180407624, -1.9190376925300647], [0.3192747814931662, 0.11639473094478682, 0.11249074808956862, -0.2008026708843712, 0.47095878158524984]], "2": [[4.032244143693505, -1.492997652441574], [-1.1509481665728176, 0.42321344993117904], [-1.163781266588538, -0.15853511928132014]], "3": [[9.644567346391907, -2.6142162972078635, -3.162179502576964]]}