{"Train": 0.16813680493429234, "Val": 0.1700178142750881, "Test": 0.17275772185002652, "max_epoch": 4, "stop_reason": "Weight gradients converged", "num_hidden_layers": 3, "total_hidden_units": 12, "unit_combination": [5, 5, 2], "learning_rate": 0.2}