{"0": [[-0.857215358326354, 3.912601951812533, 2.9361087413941886, 2.561566124754819], [-1.355886417627979, -3.2315818239539635, -1.4312215058870623, -1.397180653908001], [-0.6892992118510349, -1.4502107426039867, -0.5652681414905394, -0.5717909151175455], [-0.9182709749855775, -2.0115422527554827, -0.8581872542828721, -0.8462839701875761], [1.9054246783528739, 8.022146747929776, 3.3576803718305936, 3.4681919257143448]], "1": [[-2.3469308066218364, 5.017057051817167, 4.123744905670134, 4.651202709819985, -2.330136770569192], [-0.0026642358679018884, -0.01604624794510175, -0.002031386869912623, -0.005219558387006146, 0.013436470116939997], [-2.424895922175658, 2.8830311654985747, 2.544973015918405, 2.795922843048507, -0.7563954759084972], [1.8755077116556487, -2.3469145767600073, -2.067716798957347, -2.2513567007729836, 0.6604011755754883], [-7.402084230553507, -4.4601056784820035, -1.8473487886305207, -2.757838444172861, 7.444650664455515]], "2": [[-4.493544432338134, -0.006589859696292798, -2.03953654206474, 1.6457223060988235, -1.0722176128156038], [-0.15871244898484035, 0.019218869863584082, -0.4055577098810428, 0.42137721628911257, 0.4366272170189643]], "3": [[-9.213446557901854, -0.19972934598054853]]}