{"Train": 0.11354966699060207, "Val": 0.11344648796288466, "Test": 0.11335233233118887, "max_epoch": 3, "stop_reason": "Weight gradients converged", "num_hidden_layers": 2, "total_hidden_units": 10, "unit_combination": [5, 5], "learning_rate": 0.9}