{"0": [[-0.8783493563134265, -1.6297930790968258, -0.8191217214967641, -0.8417060769345], [0.5645400601919084, 1.0668059494913875, 0.5467511875534695, 0.5582462576017688], [-1.098080305259388, -2.064875800309997, -1.0432750255242031, -1.0455290976137108], [-1.6550031726812917, -3.174905197859, -1.6021699285247342, -1.599451717038479], [1.6012493253323756, 3.025315800049308, 1.534241979875892, 1.5354088422117258]], "1": [[0.2698921468995956, -0.19690387234437076, 0.34856500781349414, 0.617897180354814, -0.5791153133798176], [-1.3085157595765453, 0.8808213674129498, -1.7228361749099503, -3.032263913857957, 2.887003424905002], [1.1407365743090419, -0.7922233777972333, 1.5081824321984554, 2.638989512624849, -2.5177578959664833], [0.8848879223669516, -0.6289711525758387, 1.1775827217065395, 2.0710471390837633, -1.9776020971544144], [-1.0399159605227275, 0.7121138632720109, -1.38232810030672, -2.4135901121029697, 2.3162155530278206]], "2": [[1.0433656932704773, -5.149373617384475, 4.483453321292325, 3.457757396160132, -3.9975222388425906]]}