{"0": [[-1.024893199865441, -1.2777692531810672, 1.248821147556732, 1.1391327401605444], [-0.3848262830728293, 0.2952120071963156, -1.7906845239245859, -1.8143223021137633], [1.3527069215904381, 1.5572163488303177, 0.5188356114455064, 0.759150657605326]], "1": [[-0.6121020092318843, 1.8440239401360057, -1.96547873282731], [0.077160562238463, 0.20621453878775833, -0.22552716288138203], [-0.5732375202800027, -1.7899669348154479, 1.867382199071124], [-0.028922933610885552, -0.07710463760060828, 0.08412984359126906]], "2": [[6.398686525601237, 0.42616412237875084, -6.069516817426992, -0.1597596214888368]]}