{"0": [[5.339901916149866, 3.006255353597475, 3.8144815352041093, 3.385358729456145]], "1": [[0.1158782044552618], [-0.004420124280053621], [7.699454706325955]], "2": [[-0.1859120616743298, -0.009731098473620359, -0.6125807641855431], [-0.21203160253265446, -0.019021989910445174, -0.0636259295852491], [-0.9875189446532529, 0.030784165482203862, -3.804990023617928]], "3": [[-1.9528555542867603, 2.4351722707732755, -6.709317641584302]]}