{"Train": 0.16813664714282334, "Val": 0.17001765663212576, "Test": 0.1727575615281465, "max_epoch": 3, "stop_reason": "Weight gradients converged", "num_hidden_layers": 3, "total_hidden_units": 10, "unit_combination": [4, 2, 4], "learning_rate": 0.5}