{"0": [[0.5313164838099446, 0.49972533760278426, 0.761841925357896, 0.7476975927893388], [0.13210717065909083, 0.12666607510742964, 0.1962559144556672, 0.1891768618809535], [-0.43800460328963803, -0.42003795278409267, -0.6364902176206877, -0.6399847993979834], [-0.18517308815666075, -0.2031625073051472, -0.2785011358993658, -0.2792779412845747]], "1": [[-1.439134551599135, -0.332409635445087, 1.1675533524623307, 0.4882419996399976], [-0.16516373990472336, -0.018292259070252555, 0.1278964394131723, 0.03572160107090496]], "2": [[1.073209415358259, -0.010418055512150207], [-2.104821709678266, -0.0886308532941176], [-0.5527796393456434, 0.06477142918383469], [-2.0253694011266044, -0.07058430731339224]], "3": [[1.6329531396072916, -3.176403242300968, -0.7694546780268974, -3.0433608477762135]]}