{"0": [[5.61903112695016, 4.185134359384787, 3.080374123521612, 5.200659669213585]], "1": [[0.0008874306945008612], [-0.0047358004915509285], [-6.634833654498594]], "2": [[0.0007023705743436073, -0.00375006444406147, -2.1837040165950765], [-0.00037795243980355157, 0.0020126956192406185, -2.841613791656341]], "3": [[-4.060192784139695, -3.5858995432635017]]}