{"0": [[-168.7900042054174, -255.56622171873335, -140.31796919932043, -142.0766718117511], [34.33994995371898, 51.89358735639023, 28.574302439970932, 28.90451924820936], [15.057826072636763, 22.736114996147425, 12.538980041391573, 12.669943665716705]], "1": [[-7.937181494145607, -31.490696447762534, -17.465380080095017], [0.21584135194087617, 8.138702271240934, 4.475836409206162]], "2": [[-5.4584853886303994, 0.3617445764957474], [-8.237609967747128, 1.024865888002154]], "3": [[-0.7916931601480339, -21.025472537343752]]}