{"0": [[0.45825461704024534, 0.6804086044788276, 0.41217547814088, 0.4273208884811514], [0.7519584650558427, 1.0591532335808678, 0.685591742783094, 0.67826526596331], [0.7341850261256896, 1.0367184814237809, 0.6744060466272017, 0.6474869475100068]], "1": [[-0.07979105362234395, -0.10893185500950747, -0.12937841667178482], [0.03379889865580959, 0.06863025169550181, 0.0554120350853545], [-0.6404677200272698, -1.0783394412752332, -1.0506358973745311], [0.748290596008202, 1.2397692485675895, 1.2076503596819843], [-0.24510767837348138, -0.39826537907493714, -0.37258418410429356]], "2": [[-0.17382751735881202, 0.08971293180853619, -1.238278531738107, 1.4278044680682567, -0.49488802433896134], [-0.13047788222903767, 0.05254392791102366, -0.9720418477079613, 1.127307681092412, -0.3631222807324654], [-0.11539088667308955, 0.06665258577999662, -0.5114790326809593, 0.5517243218561869, -0.31548947432167973]], "3": [[-6.580792857086858, -6.210307058547227, 0.9661978795606815]]}