{"0": [[0.7728000025138579, 0.12389352120179385, 0.6630148561473488, 0.5800824285035461], [0.9340479412606754, 0.21375403772960808, 0.8698559314058462, 0.8693888662171243], [-0.8332170924145268, -0.16606783160101207, -0.7474464766537614, -0.7397145146200287], [-0.7490874812623717, -0.14011003266070454, -0.6588643735003175, -0.5728141294870318]], "1": [[1.3678950464712507, 1.8779443691426954, -1.6504015389947082, -1.3337942961670677], [-0.2790844128021759, -0.3038494417320068, 0.22286374402885112, 0.2939024533015976], [-3.6355615953650835, -5.214485496645814, 4.744413420761656, 3.486898130412662]], "2": [[12.268362749328011, -11.85758087939127, -11.339130014336414], [-6.105984092820076, -0.6541408027177957, 2.1098388730001587]], "3": [[15.619568650215156, -20.11777425313591]]}