{"0": [[-0.3052008334020772, 1.844377853899336, 1.585639876718203, 1.717409132322963], [0.5343365282764893, 3.4762940414851093, 1.069429367545517, 1.1478518173292929], [0.36707490816840044, 0.8109507076112965, -0.4912249789949064, -0.42752982886931346], [0.48152612322274047, 8.435168233146257, 4.478428928627215, 4.803257052595076], [0.38202418655490616, -0.03310997834342114, -0.8634030685529149, -0.8978107314911117]], "1": [[17.26070685839163, -15.75189004556393, -17.87042909818045, 13.827485519839701, -18.025020980527366]], "2": [[5.575037173222473e-34], [-1.3312743275789712e-36], [-3.694896424600874], [-6.486141533320041e-35]], "3": [[5.573734667843972e-34, -1.3364068394465142e-36, 5.740430922201186, -6.682893983715079e-35]]}