{"0": [[3.4961525437656684, 1.6233734686815475, 0.9836377532112244, 1.4619490382469043], [0.3779279649274749, 0.5196929896114134, 0.22879638174360561, 0.22577551796210885], [2.647477499438344, 1.4749742106154127, 0.709308105948076, 0.9832674906837582], [4.688037686395431, 1.873049857784514, 1.2378524267162478, 1.969871825286484]], "1": [[-0.08668100913637154, -0.0638530900197805, -0.12218305722010797, -0.037458563160220545], [-1.3548339650250276, -1.0583088005634091, -1.535860060618316, -1.2358978741780537], [-0.5724852451331587, -0.3627761228465286, -0.6335468276668, -0.40290675733621883], [0.7478606875202134, 0.19242743603988569, 0.6501287541402191, 0.9625001877599291]], "2": [[-0.0945558705697876, -0.9364507504699365, -0.7044359843406799, 1.287420354274836], [0.08701270391242018, 2.2992386391370103, 0.3520458669110528, -0.8291648669854064], [0.0736304334104856, 0.946787977549478, 0.5785382133289184, -1.1545498077712613], [-0.08144363178736945, -0.9972464185994715, -0.5218914908856792, 1.1280855121275872], [-0.06636687598979486, -1.0209216520314395, -0.5961408302355057, 1.1362288443967448]], "3": [[3.704664974355139, 6.293955025389452, -3.3801522032120155, 3.3499291473439676, 3.552105153724849]]}