{"Train": 0.16813680975526013, "Val": 0.17001781910695107, "Test": 0.1727577267181585, "max_epoch": 5, "stop_reason": "Weight gradients converged", "num_hidden_layers": 2, "total_hidden_units": 7, "unit_combination": [4, 3], "learning_rate": 0.5}