{"0": [[0.6714893565379759, -0.4587025700395975, -0.7284555602758176, -0.7754822773188822], [-1.6109114735649372, 0.4848923226320662, 0.37467459861683255, 0.45237253160678437], [1.5978342707689952, -0.3257734273897508, 0.00268970453533332, -0.07206673556279555], [-4.3245163990373285, -1.513278189320696, -5.42832550207471, -5.481875414003812]], "1": [[-2.5660931081651706, 6.18874058396037, -3.9532826883931675, -17.124407958783706], [-0.21828357006177426, -1.164983836282715, 0.5814768732812039, 5.579449233608313], [-0.08148512165318006, -0.10600113710114827, 0.2928544591750664, -1.5404351332231034]], "2": [[-13.223528052894123, -0.7413340768402197, -2.0137172971897135]]}