{"0": [[-2.663172798530139, 2.1549543448191444, -0.49746287668610417, -0.5112080725662537], [0.9314022405594997, 1.786939483078105, 1.5345844888677989, 1.5541222162330066], [1.650878055053621, -2.505341126934519, 0.2164728393469519, 0.1581128274273273], [-2.244051905686213, 3.0590927406444646, -0.4974878441604045, -0.3933301709399632]], "1": [[-1.7518717162254833, -2.1083699139989216, -0.7232346682354219, 0.28309013951513773], [-3.545733421062286, -7.7149616802188365, -5.289533659030013, 4.398058860510523], [-1.3529021598039368, -0.9774746717026929, 0.006151315311220431, -0.3367534089605224], [-1.5504515891517883, -9.684836399397483, 3.105647049630951, -4.319784416863287], [0.35909372955860475, -2.1428716548363878, -1.260969311542297, 1.179173953543729]], "2": [[0.33277050303060973, -2.3535960459905527, 0.3528815786797859, -4.1560889184450165, -1.3059119453166386], [-0.7104021885795, -1.2548442089652798, -0.2914699178871397, -7.847942468762153, -4.554186204743004]], "3": [[-2.97056466286254, -4.42554016535062]]}