{"Train": 0.16813612615670984, "Val": 0.1700171362670944, "Test": 0.17275703156888064, "max_epoch": 3, "stop_reason": "Weight gradients converged", "num_hidden_layers": 2, "total_hidden_units": 5, "unit_combination": [3, 2], "learning_rate": 0.9}