{"0": [[-0.3507705218324768, -0.6688868661036151, -0.6773363572389144, -0.76230377778681], [0.17695931104421886, 0.3203045784080044, 0.30217467314627877, 0.37624465577552085], [-0.5217936487036523, -1.1019285133485501, -1.0528754945547498, -1.1509890173835813]], "1": [[0.007475626139731033, -0.0016152259948130122, -0.010219027450338416], [-1.219393415591217, 0.5454471271046762, -2.2066228261422194]], "2": [[-0.0004758720174334645, -6.966462103911121]]}