{"0": [[-0.5250221742194638, -1.1039255159404866, -1.4765603216292935, -1.5087458427803249], [-0.049029788877027636, -2.0677931470860598, -1.5843662566576884, -1.2893421394711198], [0.2145141668521812, 0.471820850647351, 0.8392564505810493, 0.9223242447817245], [0.1539382241622723, -2.049666336598624, -1.5211644085292608, -1.241997961120106]], "1": [[-1.170040212126843, -0.6054211851997752, 1.0660987517892457, -0.44804106379463954]], "2": [[-6.469365407035797e-53], [5.706653541257881]], "3": [[-6.469590812177007e-53, -6.615558744155093]]}