{"Train": 0.16813680888557642, "Val": 0.17001781823696954, "Test": 0.17275772583756646, "max_epoch": 3, "stop_reason": "Weight gradients converged", "num_hidden_layers": 3, "total_hidden_units": 8, "unit_combination": [4, 2, 2], "learning_rate": 0.5}