{"0": [[-0.7076497625040302, -0.06769017725684152, -0.660337095469236, -0.6566254167213623], [-0.7210003872913291, -0.07973938465630687, -0.672316383833006, -0.6716710445149869], [-0.24482671301081568, -0.02770052061444967, -0.24359064550454446, -0.2411988560496052], [0.6134800298009581, 0.06403428447588123, 0.5744616832714098, 0.5621817373430453]], "1": [[0.24159012729166573, 0.23368215291677, 0.09687311048610002, -0.19409606705844398], [-1.2041557523168955, -1.234911030738516, -0.411004789855123, 1.0300780367517715]], "2": [[0.30980004877036904, -1.9373024874986438], [0.33953065535908583, -0.4652196346049003]], "3": [[10.298529453975245, 0.5072128215496006]]}