{"0": [[-0.49089439604476254, -0.4124152522540323, -0.4677650288222554, -0.4741098439276929], [-0.8594492416780072, -0.798376159137903, -0.8772303768452059, -0.8395882015257468], [0.10219890590958584, 0.09334366915123037, 0.10785713762213615, 0.08299028539341555]], "1": [[-0.46789189285301513, -0.8947879001495577, 0.0912804788948097], [0.10854885883245541, 0.22052517029335186, -0.017296829784634808], [-0.6972447029394228, -1.385155717675059, 0.1438870970727054], [0.40081109790191594, 0.7521592700016851, -0.07638308848128794], [-0.306880258765595, -0.5634286882418735, 0.062395044407056906]], "2": [[-0.8876724745540392, 0.18651012824006052, -1.391104398255506, 0.7342442747046662, -0.5191065686837733], [0.2020178300274265, -0.03276847668378692, 0.3961821548920256, -0.14838213573566922, 0.10632482859936038], [-0.6502241725572993, 0.1598780373600027, -1.0533268623943939, 0.5411001569001148, -0.4171561399006286], [-0.044952918400600235, 0.0062872438881480894, -0.060068509072305834, 0.019183051694432934, -0.02310376947210785]], "3": [[10.024398240434671, -4.845088914623131, 8.393854166261791, 0.0022118573880467694]]}