{"0": [[-5.94203859183295, -1.0919663155943926, -3.5931032943088135, -3.6197592196672077]], "1": [[3.380003398123569], [8.201589547928904], [-2.9847215795039936]], "2": [[7.224123739621379, 21.09267473299431, -8.617353123606982]]}