{"0": [[5.771404429219649, 5.692742485059982, 0.801061973423036, 0.8213425224831302]], "1": [[1.965002948748398e-07], [0.0015113008873767696], [1.3720077887521362e-10], [-0.0014899869801422968], [-6.514005527736027]], "2": [[-1.9650029487483935e-07, -0.001511300668104314, -1.3720077887521362e-10, 0.0014899867700168175, 6.488972072067438]]}