{"0": [[-0.7780178168094996, -1.8921570406545971, -1.3841928060522335, -1.256708221322618], [-2.0599634893821865, -1.924399802128309, -1.7322682087370367, -1.6104422575829023], [1.0817111608755565, 1.06183103424161, 1.1388562365354535, 0.9697968864720069], [-0.13972106775259843, -0.5404188533895286, -0.4081554334329766, -0.36105708103707457], [2.7081530187678804, 1.0714638931923197, 1.0963322030424212, 0.7713917625117029]], "1": [[0.8004758270575554, 0.9824013133882905, -0.8786417918985514, 0.1512052472904731, -0.3248322853199066], [-0.8329327424349621, 0.09690566498426079, 1.1169772807177578, -0.3262736840415218, 0.609192068964008], [-0.9197932343357218, 0.11351833178957797, 1.2244007880940126, -0.3306763480892784, 0.6580645304174126], [1.2385078198352393, -0.331273666551882, -1.730684761388707, 0.42627653333867377, -0.7095571328363545], [-0.48327481348202406, 0.04564911630217097, 0.630384115357958, -0.16633552251189776, 0.43026499062251816]], "2": [[0.048501415409695596, 1.4354347412649375, 1.5171266827187981, -1.3923921590161108, 0.9485884238989737], [-2.2432997728643675, 0.5016855849008005, 0.6099449695127935, -1.1187549402045984, 0.09388233043418659]], "3": [[-7.699349609979342, 0.30164923401833155]]}