{"0": [[2.269844285904326, 3.5560832208293136, 3.6767450013358016, 3.491057545143148]], "1": [[9.837119471255516e-20], [-2.8770008600254924], [-2.9552425336677534e-30], [-2.2871642629406446e-23]], "2": [[9.837119471252434e-20, -3.9400607808799526, -2.955233166375539e-30, -2.28716426275543e-23]], "3": [[-7.017618357171871]]}