{"Train": 1.4245367595261047, "Val": 1.423349876243191, "Test": 1.424830229317219, "max_epoch": 17, "stop_reason": "Weight gradients converged", "num_hidden_layers": 3, "total_hidden_units": 6, "unit_combination": [1, 1, 4], "learning_rate": 0.2}