{"0": [[-3.1537384305420217, -6.349124308766658, -2.796054482232502, -2.7144482461442703]], "1": [[11.055406346205416]], "2": [[7.417151731610429], [1.1168002574019753], [2.3439959599392592], [-2.4779590794183592]], "3": [[1.3967404550018672, -1.2889789593839251, -3.9018039745107016, 4.442098794820994]]}