{"Train": 0.1493111131825599, "Val": 0.14720019358073558, "Test": 0.14840922890526054, "max_epoch": 3, "stop_reason": "Weight gradients converged", "num_hidden_layers": 3, "total_hidden_units": 6, "unit_combination": [1, 2, 3], "learning_rate": 0.9}