{"0": [[1.7510866477661104, 0.8950832527472872, 1.7168298306159482, 1.706824863014905]], "1": [[-2.7055516987885198], [-2.1214190977841616]], "2": [[-2.8391049912268826, -2.9382061127387904], [2.010201291346069, 1.6074606465351058], [1.7462095908190003, 1.4032613145545259]], "3": [[11.496083375943787, 14.396028953628182, 14.085064615642718]]}