{"0": [[1.798272350030469, 0.7577748778965611, 1.5500692537622656, 1.7212825889758232], [2.535427386006114, 1.585962812645995, 2.701160704995061, 2.8174574622663617], [1.843230810261906, 0.7747905329158051, 1.3975944379355032, 1.6341869169499919], [2.6453441750677285, 1.7097221010552301, 3.0463076226110997, 3.1081324781051722]], "1": [[-0.42207515376102006, -0.33423201168441763, -0.20978535001823786, -0.568016559444761], [0.7729784800058568, 0.813361033819239, 0.6384110304203827, 0.9940333609886347], [0.48773457502636547, 0.4090417308472138, 0.2858914773606377, 0.6451134371558347], [0.618843794775624, 0.6765417540081399, 0.5329039744652307, 0.7788669445598324]], "2": [[-4.4120379539424635, 3.458979553355693, 4.399571759206391, 2.36438548117934]], "3": [[1.9332695063200545]]}