{"0": [[0.2959514325671059, 0.39853966026664117, 0.3109941479612018, 0.31393524101185305], [0.7773722016110257, 1.0621304215668959, 0.8036020761091947, 0.8173135747121536], [-0.5029534927671631, -0.7084623794992188, -0.5239219387395255, -0.5385159330738066]], "1": [[0.679313397656565, 2.3048480705906127, -1.245111713282263]], "2": [[1.5194285245706003], [2.280801964100345], [-5.327094797160872]], "3": [[-21.507760715231502, -22.064008021354287, -6.480264989880715]]}