{"0": [[-0.7131215943890403, -1.298652093737793, -0.8176512574054599, -0.8191528747874567], [-0.5373307128674096, -0.9416862678620783, -0.5883915764502288, -0.5932693857533762]], "1": [[1.3841746381538906, 0.8098442564124669], [-0.6442275653684565, -0.3509660910066648], [1.3690111901430508, 0.8138735091288568], [-0.2923791417884151, -0.16119923093876984], [-1.5209874747778356, -0.9012418854378151]], "2": [[-1.0834735455403552, 0.533432920747987, -1.0719922466629748, 0.30156533326367463, 1.2220926172103062], [-0.6001366174776414, 0.5805286782120962, -0.5854925822290776, 0.41912389940664435, 0.570267770350694], [-1.4464304510291481, 0.7233002891915455, -1.4358261573695572, 0.3917552001205941, 1.6110428973574937]], "3": [[-8.476584642305134, 7.069475769055386, -9.632100549739077]]}