{"0": [[-0.20626423398202878, -0.20056296491624886, -0.23259153565313975, -0.2121653252947948], [-1.034770855936564, -1.0772266588178276, -1.110492081871578, -1.1098491233161447], [0.9145986329949567, 0.9290525046509258, 0.9986293143222497, 0.9927081850686178], [-0.9736360412775404, -0.9797574018750351, -1.0385001498415454, -1.0775865065648034], [0.5482937354961216, 0.5284246593297915, 0.5888728085875208, 0.5799781145730994]], "1": [[-0.17762378462505604, -1.0448618523885864, 0.8752307255362188, -0.9487375196973523, 0.4776602006811111], [-0.21615723089524855, -1.2613566002178116, 1.0959274873846492, -1.1736485449818301, 0.5910821159702195], [0.2092249193928099, 1.2305898675785996, -1.0544285850226889, 1.1275410095973204, -0.5720386609283672], [0.20416588826923415, 1.184321926671861, -0.9963052776183102, 1.0893407312525942, -0.5419389531835662], [-0.1357338947487095, -0.8089671256496506, 0.6731096548363947, -0.731765447269218, 0.37578406374956647]], "2": [[-0.9262645327883418, -1.174295282634853, 1.1343641098865607, 1.0685196609646466, -0.7048945517641022], [0.6638066687568014, 0.861533370395678, -0.8286716722947663, -0.7872579811268855, 0.5032175839138805], [-0.6115909649393124, -0.7857163516415567, 0.7445659071335323, 0.7185697343187024, -0.46263945951387275], [-0.6567616052849835, -0.8472035897911251, 0.802328097656149, 0.763849180312208, -0.49317999974993937], [-1.1366207815721074, -1.431052328898157, 1.3803675093033172, 1.3069399129627575, -0.8546621040922721]], "3": [[2.4449051605674517, -1.7159315569354823, 1.552745111761084, 1.6734026375967277, 3.1373705740195397]]}