{"Train": 0.1493111131825614, "Val": 0.14720019358073708, "Test": 0.14840922890526198, "max_epoch": 5, "stop_reason": "Weight gradients converged", "num_hidden_layers": 2, "total_hidden_units": 9, "unit_combination": [5, 4], "learning_rate": 0.5}