{"0": [[-1.6439740440572528, -1.1595380688641497, -1.32803908505228, -1.3631028265277212], [-0.6604098598418919, -0.49115440982316666, -0.480315697517359, -0.5049334442039147], [1.2385310649823376, 0.9314389023857734, 0.9378254975948543, 0.9737213404271413], [-0.03885799318296344, -0.033990680651190194, -0.022957873801443752, -0.06164014734554152], [1.0054028837834759, 0.7484668263016454, 0.7263241229982864, 0.7543391957216793]], "1": [[0.3338453530469716, 0.3106546630057488, -0.40051205245760624, 0.041345604631460274, -0.38987179659957494], [-0.45478442037476846, -0.42963786253010006, 0.5182614004704366, -0.03149017896648427, 0.504164189324269], [-1.3474738106222692, -0.47655515855461056, 0.945769281911624, -0.04203550412538271, 0.7453522029051536], [1.424043876129433, 0.5305987553882052, -1.0044119778630942, 0.045341500890377355, -0.7846368945402843]], "2": [[4.429408766998609, -4.192846445504454, -5.929102840224809, 6.046130686213357]]}