{"0": [[4.204321220983135, -0.06918839743745323, 4.126350835298855, 4.019084701077881]], "1": [[-6.534414369732749]], "2": [[-0.002570479799305281], [-0.1319092780539181], [-4.32579088365829]], "3": [[0.0025701869466920398, 0.13125319631844168, -9.919164163374258]]}