{"0": [[0.5990243382002781, 0.20032095897371077, 0.11704276650878415, 0.20934619773363483], [-0.6082115556730926, -0.21353626612956203, -0.1528672288689767, -0.22673668874239566], [0.8852188962839167, 0.5020727120586381, 0.6191194292497333, 0.7527639646225269]], "1": [[-0.03525178774521509, 0.07175616547230473, -0.38611011656936856], [0.40612088601246155, -0.4219615908380551, 0.33161310528687693], [0.09494870520505311, -0.09702138382857228, 0.4443416541846689], [0.09864865478894225, -0.10714668655481524, 0.4611250648402188], [-0.07559328372927099, 0.051765327714475895, 0.19497140101116672]], "2": [[-1.1075762687626058, -0.7287278144306409, 1.1387210950364688, 1.1585298497217202, 1.003729205095244], [-2.145683877970061, -1.8347128780895516, 2.176793932980809, 2.1655371575590445, 2.0769355194644303], [-2.798312225948406, -2.3855945579459736, 2.81911379927163, 2.8319026713715822, 2.717667140391595], [-1.5443525542092944, -1.27187476623228, 1.5600240552772693, 1.5638120332522853, 1.478532401297115], [-2.584397738256446, -2.1884590034048057, 2.610978289424372, 2.6166933474669163, 2.504956717013034]], "3": [[-16.004274942862338, 11.13207161212308, 8.843613975974067, 11.608623971485702, 6.830274519193103]]}