{"Train": 0.16813680957855945, "Val": 0.17001781896481405, "Test": 0.1727577265138451, "max_epoch": 3, "stop_reason": "Weight gradients converged", "num_hidden_layers": 2, "total_hidden_units": 9, "unit_combination": [5, 4], "learning_rate": 0.2}