{"0": [[-0.03940141604178339, 0.8537938542877097, -1.2321923960953904, 2.0948852916210017], [0.014189898367535486, 0.046671531022007835, 0.8051585237969207, 0.3331646611422305], [2.716265125743008, 0.0012389758433721209, -1.064978236422174, -1.3742300738471271], [-0.06450907478466052, -0.2074569452678207, -1.3206031939304903, -0.7842861606425252], [0.028098229121024595, -0.027308989846406437, -0.6946381090094434, -0.21856196183633578]], "1": [[-0.21296518140558157, -0.05598403679551874, 1.0904039695824324, -0.06390396423465751, 0.019092861934197444], [0.6231518241524237, 1.2587985378654842, 0.24872773615566782, -1.9692531506505195, -1.0870686190998415], [-0.8848757895565413, -0.7279302658668828, 0.6961915214100468, 0.9335481250505105, 0.7031141732785547], [0.963714909947811, 0.6869136328215499, 0.04611803739982929, -1.0235895456158328, -0.6104969672316841]], "2": [[-2.157271317197058, -6.035143050369442, 3.3687246684315273, -3.663482646135017]]}