{"0": [[-2.102124775029399, -0.08591862316154451, 0.07092033756936357, -0.1730633186844836], [5.098389917641027, 0.3138502467484006, 1.1016751218935281, 1.5765929075269294], [-6.379420021329042, -0.6429340815941575, -2.0636112493558865, -2.8744563059115604], [5.632747223060335, 0.317628590817704, 1.263984082049099, 1.8084249727655148]], "1": [[-2.56333584083586, 1.393452981256215, -1.5544130456496954, 0.9236818389720828], [-2.008648574541842, 1.2448712290932036, -0.43802648714332, 1.0218337586030664]], "2": [[-4.2674382559054305, -3.2881541861830064]]}