{"Train": 0.11354966699060143, "Val": 0.1134464879628842, "Test": 0.11335233233118751, "max_epoch": 3, "stop_reason": "Weight gradients converged", "num_hidden_layers": 2, "total_hidden_units": 6, "unit_combination": [3, 3], "learning_rate": 0.9}