{"0": [[-0.16748856924137603, -0.2860102460375955, -0.14714686153683965, -0.18066974108703815], [-0.8166944948717468, -1.493694415247792, -0.8191236597425111, -0.7822500702322392], [-0.7584864247177108, -1.3826900235045954, -0.7625707613686715, -0.7676336576157292]], "1": [[-0.026648648272122377, -0.09675924871534881, -0.0933602125117629], [-0.30330594979527886, -1.5945241257027647, -1.4858090522381973], [0.26569873663961113, 1.4120174817356628, 1.3011762835009217]], "2": [[0.09439925769477406, -10.54696882447669, 10.27845316061495]]}