{"0": [[0.6759384704646306, 1.1319246421732805, 0.8998726630664856, 0.9035583230102671], [0.8787802903188248, 1.4547677197037203, 1.1554439384977293, 1.15691296675822], [0.40063244286631244, 0.589151299589102, 0.49869683924303515, 0.4751494865966136]], "1": [[0.8426742624698929, 1.1736064931507155, 0.41468513864156265], [0.1381426804155749, 0.1945995399636765, 0.07831677566316636], [1.8121711936535634, 2.5580823375343726, 0.9001178591557439], [0.02402320236673916, 0.06371084407378055, 0.01631549384086112]], "2": [[0.12347943157643178, 0.02253277423511993, 0.2899729279892333, 0.006566285910398479], [-0.633414301885354, -0.09061510566055159, -1.6037801325668608, -0.02729856690193761], [0.686041755938002, 0.10557018730070099, 1.670118706410171, 0.01713467970702016], [1.1134285345488255, 0.19087249898913494, 2.797000222149831, 0.06350047929171102], [-0.491065781093428, -0.09012091378359477, -1.2473758070753902, -0.015289360776794853]], "3": [[-0.3158894083848245, 1.750590605450109, -1.8422262577381638, -3.216209282320345, 1.3512102790451705]]}