{"Train": 0.14931110081334675, "Val": 0.14720018122729228, "Test": 0.14840921655644734, "max_epoch": 4, "stop_reason": "Weight gradients converged", "num_hidden_layers": 3, "total_hidden_units": 6, "unit_combination": [1, 3, 2], "learning_rate": 0.9}