{"0": [[-2.1399042854416193, -2.7360119163345957, -2.0757055296191997, -2.03565986629217]], "1": [[4.717319586592088], [2.2428534901472292], [2.8455623722230707]], "2": [[2.9436636220817456, 1.3219915312113373, 1.6955773308540336], [4.1067049682724255, 1.850458635452714, 2.3638817530552076]], "3": [[3.697951880090222, 5.245182191348175]]}