{"0": [[0.6263813991392548, 1.3437653102154743, 0.6731070700975261, 0.69700228169245], [1.2554989522933229, 2.4023294703891165, 1.226937313386492, 1.2427352435244408], [-9.034851250665666, -18.002058574191025, -9.08604425974403, -9.248185886133037], [-0.7913845277118767, -1.5361116062090814, -0.778235624470721, -0.7818332356478436], [-2.2887688109737283, -4.3434963453555975, -2.2335593311470503, -2.252398982815134]], "1": [[2.1792210282991906, -10.639936470263772, 9.975335496058554, 3.5381578366929514, 6.318097258170666]]}