{"0": [[-0.3499214558379317, -3.1616029114210025, -3.590167879322886, -3.304830711355943], [-1.8683101064731853, -3.1540438470538237, -1.8007961685851415, -1.5432456605843408], [2.733658305442535, 1.0604562861104194, 0.22006469370841533, 0.20904052745418092], [-4.100578284242193, -4.091133450303696, -1.1753096731251962, -1.265024832297894], [-1.1437827222603738, 1.8231213052291428, 0.21299246975112365, 0.1343918337678755]], "1": [[2.568113731299303, 2.2579301899734716, 1.0532390066817006, 4.974427082602529, -0.7626138364027043]]}