{"Train": 0.14931093943362125, "Val": 0.14720002016473602, "Test": 0.14840905540705307, "max_epoch": 4, "stop_reason": "Weight gradients converged", "num_hidden_layers": 3, "total_hidden_units": 13, "unit_combination": [4, 5, 4], "learning_rate": 0.2}