{"0": [[0.10924370384911333, 0.30147488877531325, 0.18525219076444413, 0.19209953680154473], [0.3165587332946994, 3.1983351334221886, 1.7937871809138053, 1.7950841923904688], [0.1749884841063308, -0.19069904081084613, 0.0036826615946798677, 0.0028382420030501655], [-5.29756679326419, -1.098733406274329, -3.0731199369711275, -3.093486787726098]], "1": [[0.17195556467157036, 1.085697489463857, -0.07497897330020636, -0.2328242504825918], [-0.03517357366553026, -0.1810216452121034, 0.014051647798097765, 0.0308480905318651], [0.44583711696291384, 3.294249738705898, -0.18509987205824785, -2.2589833469399645], [0.17641185567038686, 1.2328129673804125, -0.10097662787803101, -0.26921403396474963], [0.007943474687577954, 0.11459948994337915, -0.00192411890487325, -0.028428278164165047]], "2": [[-0.11391180649402459, 0.02061319302884633, -0.10413590792047858, -0.12864128136070538, -0.0165904345786666], [-0.6775559030700777, 0.11378340521336995, -1.6062424775950368, -0.7700584839644885, -0.06719482923744483], [0.11453258402310561, -0.03884091147286324, 0.10998150695022565, 0.13716544196982278, -0.001712334237837262], [0.09785966538403053, -0.028336554942732586, 0.08032095185831634, 0.07854887749040458, 0.0015682806367348842]], "3": [[0.9702146961731521, 6.872465191904926, -0.9994708970957594, -0.6655551512193225]]}