{"0": [[1.8013942220330128, 1.2969366673470828, 0.9433242133346442, 1.1076332272235396], [3.6861326954607465, 1.7586296236560675, 1.2380611891919338, 1.4302788579401258]], "1": [[-1.7846322577239324, -2.1574422051224538], [-12.868267449575209, -12.759052948422154], [-2.0576175326990196, -2.0917513007476405], [10.875971379877095, 10.892009527759617], [-12.799112236467865, -12.728068818544354]], "2": [[13.211112583570836, 0.28719851761580584, -0.8455119802713817, 3.6113255535704885, -1.1687679297604108]], "3": [[6.685592900845725]]}