{"Train": 0.14931111318256096, "Val": 0.14720019358073666, "Test": 0.1484092289052616, "max_epoch": 7, "stop_reason": "Weight gradients converged", "num_hidden_layers": 3, "total_hidden_units": 8, "unit_combination": [2, 5, 1], "learning_rate": 0.9}