{"0": [[1.3225283001421244, 1.453879581582565, 1.1914733462704512, 1.1776259236828588], [0.8383962410707155, 0.9354438705495287, 0.7326920252910413, 0.7292492553792271]], "1": [[0.12747766499987495, 0.06510084420414594], [-1.3300863585934988, -0.7780510798792263], [-1.455955463774216, -0.848965139986647], [1.702692539844008, 0.9913371689869345], [1.2413145862945338, 0.7312671790571756]], "2": [[-0.14186558688921094, 1.552808182308621, 1.7025233754221842, -1.992251287425863, -1.4486965993572491]], "3": [[17.53217086366014]]}