{"0": [[-0.7319636949471093, -0.17336183765448632, -1.1640264838927596, -1.0887261280106466], [-0.12605534795263526, -0.039473647688887455, -0.20421321591884836, -0.1950836571167537], [0.5776471164152897, 0.14151903538818242, 0.9485433813880402, 0.8323475129193209], [-0.9009296268663509, -0.22990326591317994, -1.4678640727432986, -1.3623459666487787]], "1": [[-0.8618634417568063, -0.12421170693591942, 0.6519008615811306, -1.1437783938193182], [-0.4663833807029799, -0.07324997884630316, 0.348759220070842, -0.6306218728505482], [1.2839830551824156, 0.19998096531226262, -0.9631183859143831, 1.7434304215285148], [1.3419823899696257, 0.22795970210730676, -1.0011401300377605, 1.8197582547510325], [1.2469960368790325, 0.1985020790610657, -0.923980287222593, 1.8175433254625448]], "2": [[1.9570942715931798, 0.681238291713333, -4.713973234379486, -5.631229740937749, -7.660258510012545], [-0.4806493493013385, -0.28993655015071523, 0.5849822564148134, 0.5420115650843074, 0.10787753999482419]], "3": [[-33.386750615314284, -10.612382726559384]]}