{"Train": 1.475865890119596, "Val": 1.4761823609677953, "Test": 1.47371427649353, "max_epoch": 6, "stop_reason": "Weight gradients converged", "num_hidden_layers": 3, "total_hidden_units": 10, "unit_combination": [3, 3, 4], "learning_rate": 0.5}