{"0": [[0.9512165274468921, 0.4245748292474448, 1.1823476421338035, 1.182485179617457], [-0.9326422523554744, -0.3926475051913443, -1.155010518592314, -1.1682377084799738], [0.3756523912419533, 0.15597553321236124, 0.447556616348832, 0.45075663786202597]], "1": [[-2.03072914758307, 1.9855793785527063, -0.710326138296494], [0.8072143475453905, -0.7769421620643227, 0.2759478386768849], [-0.16737168742255418, 0.15181197303196078, -0.04494461869318403]], "2": [[0.5623580228177231, -0.12483292025853687, 0.014700520946855507], [2.240593283451436, -0.7813869282026987, 0.1782268609052359], [1.4806356303518988, -0.46198302989468776, 0.08506833337828539], [1.6093706384590636, -0.5139432196519355, 0.12688751669359738]], "3": [[-1.221521048302186, -3.925643302149078, -4.550752189832785, -4.48466042711206]]}