{"0": [[0.164258835278703, 0.30648461805123733, 0.20996317810956283, 0.18280331017696064], [0.373323510461195, 0.6279613765912235, 0.4066227338310028, 0.4044257987948753], [0.39801097886071507, 0.7250369206010836, 0.447560913474793, 0.45352929756588717], [-0.4728458332145872, -0.80950212598105, -0.5302478166355474, -0.5360695354438112], [0.4996650015220426, 0.8241424017922101, 0.5346945563120492, 0.5604424428562345]], "1": [[-0.45319833038399576, -0.9966772797908995, -1.1520904390979176, 1.3828736105410429, -1.432645476200193]], "2": [[2.676572515218246], [-2.6812850028919706]], "3": [[-10.098499280315618, 10.09050523339444]]}