{"Train": 0.11356981010238722, "Val": 0.11262334136115948, "Test": 0.11412462495569639, "max_epoch": 11, "stop_reason": "Weight gradients converged", "num_hidden_layers": 1, "total_hidden_units": 2, "unit_combination": [2], "learning_rate": 0.2}