{"0": [[1.5273785046256225, 1.8785158634942603, -2.0585165208212337, -2.2016333249545244], [0.30143355454990817, -4.701705178193036, -5.465985713362442, -4.5921662552995635]], "1": [[-2.7017365842978753, 9.190064955025742]]}