{"0": [[-3.283137769103598, -13.03807231706003, -1.7368247107827295, -2.992457523530181], [5.472189599085508, 6.2734995954337425, 0.949595083284649, 0.668785692665475]], "1": [[6.299698800946883, -3.790502800837857]]}