{"Train": 0.16813605932085085, "Val": 0.17001707222898174, "Test": 0.17275695814323455, "max_epoch": 3, "stop_reason": "Weight gradients converged", "num_hidden_layers": 2, "total_hidden_units": 5, "unit_combination": [3, 2], "learning_rate": 0.5}