{"0": [[0.021066561698691283, 0.11326666933628908, 0.018295669772377603, 0.04560259220284766], [-0.016250829130416908, -0.16269621982549606, -0.08031281145705108, -0.12054569948029709], [0.6057033292713313, 1.1918307374835992, 1.305886345986742, 1.4269921615503252]], "1": [[-0.05285650778408959, 0.11635252857911323, -2.191766685570395], [0.013628527919600801, 0.004090582608428236, 0.38048240383086573]], "2": [[7.269159544254116, 0.37542457775671834]]}