{"Train": 0.11354919081562141, "Val": 0.11344601055527946, "Test": 0.11335185541007207, "max_epoch": 3, "stop_reason": "Weight gradients converged", "num_hidden_layers": 3, "total_hidden_units": 6, "unit_combination": [1, 3, 2], "learning_rate": 0.9}