{"0": [[-1.996943738161901, -1.5766026855224466, -2.1933985610173012, -2.192986903982118]], "1": [[4.003077505565535], [-2.57882123005476], [0.8300137838839501]], "2": [[3.328259657842846, -2.0862578025659766, 0.6563645755907531], [-2.5889633919130106, 1.6059619554645554, -0.5082325111504736]], "3": [[4.001102358402695, -3.06351750805125]]}