{"0": [[-0.8265207526230568, -1.556747054522488, -0.767228013265694, -0.7564019903352512], [1.0829379343997345, 2.1573439194016784, 1.0808841924512962, 1.0569065970497311]], "1": [[0.565060340832304, -0.9773080618938518], [1.402920457440489, -2.509483261559447], [1.5990181754317496, -2.820528803642069], [0.6209123178864903, -1.0962651530409233]], "2": [[1.1287947478994191, 3.083275637876084, 3.5628076656952232, 1.2691514365339254]]}