{"0": [[0.8884125873061336, 0.9654857254230768, 0.8164914897149974, 0.8476807374357188]], "1": [[-1.3932574295890432], [-1.4318961985887084], [0.06838249061714184]], "2": [[2.260586796891459, 2.288731783322067, 0.22458743140194687], [2.1418187683146175, 2.1695158588101773, 0.3877715747163781], [1.7661522942363188, 1.8225431029054355, 0.1167111836027061]], "3": [[-9.948095537305214, 5.48802881310477, -5.672335410730113]]}