{"Train": 0.11354965903316828, "Val": 0.11344647998947283, "Test": 0.11335232436184062, "max_epoch": 5, "stop_reason": "Weight gradients converged", "num_hidden_layers": 3, "total_hidden_units": 11, "unit_combination": [2, 4, 5], "learning_rate": 0.2}