{"0": [[-3.5761881226831935, -0.861811030761703, 0.25932312071941027, 0.28429738749936345], [3.5816848040933795, 0.6614964139827684, 1.4087293403280172, 1.1169514723467135]], "1": [[-1.1867129003397785, 1.1758834925989776], [7.416133716311027, -4.3284959724911305], [6.512032548900945, -4.10601744792426], [3.8733382274902923, -2.749197938910979]], "2": [[-0.983695956997223, 2.744924623596943, 0.26981036166470956, -0.5297695509375634], [1.1128781706582318, -2.9391569529848556, -0.31617560071364054, 0.4808321740035643], [-0.7807143905601154, 2.4072912054093214, 0.22130704484148145, -0.4382088564406016], [-0.9867606146051531, 1.7145161844361585, -3.507389870921345, -5.296174929201005], [-1.586141883175379, 3.5572961742096423, 0.7079379573465601, -0.1660225127032635]], "3": [[3.7788610916886887, -3.8566506084507366, 3.494544750151191, 5.916092614264801, 3.9298769571799888]]}