{"0": [[0.8862498749426647, 6.529413416121373, 2.3250664014412656, 1.8830211370332925], [0.47612625344645776, 0.4957197270283195, -2.3121817652162213, -2.2922673158056943]], "1": [[-3.4772299548654333, 1.7879256576862326], [-0.3166945368521025, -0.9481523324348502]], "2": [[7.629459692941164, -0.6341954210138185]]}