{"0": [[-6.234448669330867, -2.0581720007966946, -0.48453751464263045, -0.4080139884610666]], "1": [[0.0], [0.5763733434895844]], "2": [[0.0, -0.5742307404062186]]}