{"0": [[-0.4567742323279154, -0.6827140063282533, -0.46865897967125764, -0.4613762258174079], [-1.0354906740311696, -1.44636124391239, -1.03263990084114, -1.0136450515087403]], "1": [[-0.7071945546286826, -1.700511306172127], [0.7755862038020647, 1.8535351277795684], [0.06754202088877646, 0.18308347442941916], [-0.009422156029671117, -0.01827005158908547]], "2": [[0.36639286891489997, -0.34235822431465196, -0.11895363708921684, 0.006087914262826004], [1.3292214240462374, -1.4476069562031002, -0.1568656849074525, 0.03739835571348001], [0.45335725946219446, -0.5360237818180015, -0.015529702263882394, -0.010020646731317123], [1.0535075267780978, -1.135570999388635, -0.10280407812333243, -0.00487468828808457]], "3": [[2.1642721410126016, -8.00409168044867, -6.557500283093732, -7.486624521461466]]}