{"0": [[0.5956041852663682, 0.41285875590976195, 0.5246158725234612, 0.5059739704649155], [1.0688973248893205, 0.7596507477751648, 0.9349880655033862, 0.9162295306351191], [-1.3767679366190162, -1.0097584662554635, -1.2283799560968958, -1.2258481296655572]], "1": [[0.42213141544631355, 0.8126052366834782, -1.1397051553742539], [-0.5964392847357673, -1.116597343976707, 1.5852820043444504], [0.1349502486079551, 0.25385238532870974, -0.35156077385518114], [0.026664190545449964, 0.055827076051785995, -0.1030103581432307], [-0.7350428425603934, -1.3940963928725278, 1.934901970626447]], "2": [[0.891813153889595, -1.241447637063487, 0.275739289954308, 0.08897264745455995, -1.5489807019090072], [1.1799267009002614, -1.6746990725157507, 0.3605091318516336, 0.07871609676382044, -2.106285720371357]], "3": [[9.615280216018643, 8.816196993620258]]}