{"0": [[1.1932814680921742, 2.820818839047286, 1.4945214524874217, 2.903804543782304], [0.15201519448674577, -0.5691475854228207, -2.160728758950562, -1.8702252691009054]], "1": [[0.0872438548083542, -0.08063854106223055], [0.014218368755254096, -0.0577396292351405], [-1.2078378774736565, 1.1226863669275629], [-19.837419625795423, 23.25682299939634], [-0.060191084810512586, 0.10665705654735742]], "2": [[-0.13020757294804935, 0.1098876904772653, 1.2355456611483746, 0.7276363290736395, -0.13960072679656557], [-0.3698216524348691, 0.4354638947168136, -1.8194624344797778, -0.9005300163336543, -0.49842358955179755], [0.4489744144275907, -0.33452594552009807, -1.3676368856099421, -3.741641714865378, 0.35989467564917615], [0.16847968808592498, -0.14566277378310447, -1.1949944337113754, -0.7742403059492681, 0.15090316435011322], [0.36576224037312677, -0.4447502898541256, 1.8140810736724118, 0.8815306138274911, 0.4831345910999122]], "3": [[-0.15554491456140848, -0.017740075633777625, -8.774714730079864, 0.015823911156605964, 0.010630972273591745]]}