{"Train": 1.4758658474750463, "Val": 1.4761823186165368, "Test": 1.4737142336068714, "max_epoch": 6, "stop_reason": "Weight gradients converged", "num_hidden_layers": 3, "total_hidden_units": 12, "unit_combination": [5, 4, 3], "learning_rate": 0.9}