{"0": [[-0.002242831005776755, -0.3043808684664528, -0.10850077503655248, -0.09385044130190537], [0.02240995741202518, 0.2756130703092667, 0.1105018987600707, 0.11971263850367486], [-0.030946758683395262, -0.8089162304773666, -0.3384691617809457, -0.31889045450478565], [-0.023278779310097933, 0.14032119917513683, 0.04731925390642763, 0.025499990298922064], [-0.024614237569622437, -0.7608688020986981, -0.3261404067023537, -0.29737684508293105]], "1": [[0.30164601596268176, -0.3155953727576769, 0.7699165077888185, -0.10771588149173617, 0.7597940920701656], [0.05993583918418654, -0.05513005191839202, 0.14984686611724132, -0.00901660378534569, 0.14405473272243627], [0.28846804387956493, -0.2665998937690443, 0.8008097884857802, -0.13879957707311205, 0.7545815951975329], [0.2875086489192934, -0.280181506373442, 0.7593221971982669, -0.12286464894525516, 0.7029395044844275]], "2": [[-0.8515184708785755, -0.1913199201243018, -13.524619017256835, -0.8697977443177328], [0.11336708608348621, 0.04497705945869502, 2.8964927772473645, 0.11891504601418283], [-0.1457259349184214, -0.03494259879977395, -4.0852588664353116, -0.16799064855597146]], "3": [[0.7389833374593171, -3.1665954777482295, 5.426413206480433]]}