{"0": [[7.6347293924661885, 1.3524005498882095, 5.2374762349522825, 5.1558059480316665]], "1": [[1.7538197354880931], [-1.6873011264686637], [1.1862559485793926], [2.717147320158454]], "2": [[1.5500708017302363, -1.509465079979595, 0.9859362901614321, 1.8830640751584244], [-2.010018286767218, 1.9932416306254161, -1.3382706067653836, -2.245885835240677], [-1.6422204321676508, 1.5183153332826114, -0.6649771024737416, -2.9624362648718363]], "3": [[-15.021194274919736, 11.79364801813594, 11.668386410159263]]}