{"Train": 1.4245372532103648, "Val": 1.4233503700667514, "Test": 1.4248307231816295, "max_epoch": 11, "stop_reason": "Weight gradients converged", "num_hidden_layers": 3, "total_hidden_units": 6, "unit_combination": [2, 1, 3], "learning_rate": 0.9}