{"0": [[-0.47779440682648844, -0.21736894257364903, -0.5341768463253438, -0.5147755940917967], [-1.250481265986344, -0.5299156359248703, -1.4094868976879813, -1.3761000776243446]], "1": [[0.8963049102970755, 2.492324288261332]], "2": [[5.191217598700982], [-2.2827479275051803], [-4.880695207507723]], "3": [[24.387550615929808, 18.547891767674365, 17.525470869884717]]}