{"Train": 0.11354966690247756, "Val": 0.11344648787453611, "Test": 0.11335233224292242, "max_epoch": 4, "stop_reason": "Weight gradients converged", "num_hidden_layers": 3, "total_hidden_units": 8, "unit_combination": [3, 4, 1], "learning_rate": 0.9}