{"0": [[-0.43044480895120013, -0.16060085927266965, -0.39756300281511886, -0.41175243915647275], [1.5008701380951424, 0.6126907097918864, 1.372942370532383, 1.4188918779583675], [-0.7462503223381234, -0.2990267539202379, -0.6579342774787227, -0.6935341546291051]], "1": [[-0.03183038643399352, 0.17798348023278354, -0.05058893128902155], [-0.04589142981818173, 0.24542424182354705, -0.10806694214322504], [0.5063481019740182, -1.9793640094412395, 0.888497460776109], [0.5360185942968342, -2.030150817021185, 0.9095898889133418]], "2": [[0.1823760895189519, 0.2706082794836556, -2.2608622342345317, -2.326426396659096]], "3": [[-11.363253913883701]]}