{"Train": 0.1493111131812847, "Val": 0.1472001935794629, "Test": 0.1484092289039871, "max_epoch": 7, "stop_reason": "Weight gradients converged", "num_hidden_layers": 3, "total_hidden_units": 9, "unit_combination": [1, 3, 5], "learning_rate": 0.5}