{"0": [[1.3966436813411518, 1.5794526215830196, 1.5777509936674314, 1.5733303754220538]], "1": [[0.5083082326326841], [9.838511359373035], [0.07935192225409174]], "2": [[-0.5718904411075918, -2.3259417461775325, -0.27639500746922147], [-0.2332300084135614, -0.2155326514877602, -0.07000596362090446], [-0.016419375672256816, -0.007900918568150029, -0.0045948431321332535], [-0.5122235170494077, -1.561696339950086, -0.23760142351258917], [-0.37081626556152364, -1.726806128479394, -0.17689243069550226]], "3": [[4.53746742464519, 3.1882238435362615, -0.008704111957002521, 4.151630484421707, 4.2869042647221365]]}