{"0": [[0.1896677393544123, 0.39049051465645246, 0.21172862954836066, 0.20204082229371229], [1.2828311436412005, 2.501548372049744, 1.3120381445806237, 1.2906750009842323], [1.0069283936451314, 1.9208142449160197, 1.0065302510387097, 0.9827876724964202]], "1": [[-0.545714693860729, -3.6848286553046705, -2.697067565646108]], "2": [[21.39928389778377]]}