{"Train": 0.14931111305034026, "Val": 0.14720019344868726, "Test": 0.14840922877323307, "max_epoch": 3, "stop_reason": "Weight gradients converged", "num_hidden_layers": 3, "total_hidden_units": 4, "unit_combination": [1, 2, 1], "learning_rate": 0.5}