{"0": [[-0.02907670512405573, -0.0011106471222319773, -0.42215102689753686, -0.23635583877577407]], "1": [[3.868171330083158], [1.2802445850164472]], "2": [[6.962814150984957, 4.12942396802319]], "3": [[11.21261075074849]]}