{"0": [[0.39856414377603977, 0.0936573138696822, 0.5100088726802591, 0.48022402941896175], [-0.5527717262606552, -0.12211116565105554, -0.6938904189938917, -0.648080192469104], [1.978863011108539, 0.4137188901730423, 2.0804658091341026, 2.02951989321836], [2.249717738227477, 0.4614094646981422, 2.5591743592297465, 2.454337359568714], [-2.33811544215092, -0.4995032604546157, -2.8075354118016773, -2.7031809775769293]], "1": [[0.2898360193781019, -0.2890579464955384, -10.5679435298965, -6.705603279578903, 2.4898339313016447], [0.07560014479446373, -0.06715687516125729, -2.570552934147085, -1.6052873085291954, 0.570391307825298]], "2": [[-5.850120635502831, -4.0941239270474306], [-4.848720800028254, -3.4934173498410575], [-6.950946976327573, -4.752575584918061], [-8.450512526533817, -19.05452469933852], [10.678753343091651, 30.89077383859228]], "3": [[-1.1957896067773923, -0.8146814565516571, -1.8092710034380608, -10.138149819415924, 19.299292855590018]]}