{"Train": 0.168136776421011, "Val": 0.17001778569918613, "Test": 0.17275769305592412, "max_epoch": 5, "stop_reason": "Weight gradients converged", "num_hidden_layers": 3, "total_hidden_units": 8, "unit_combination": [4, 1, 3], "learning_rate": 0.2}