{"0": [[6.101284607944209, 2.677679995802177, 6.139179630743902, 5.607890530314812], [-0.572374129559731, -0.27281123614542907, -0.1268327908107825, -0.05867636547146187], [0.1624657155137976, 0.0222726680961223, 0.008218325987624198, -0.037005286374117353], [0.9716186963668878, 0.43850341698973305, -0.2044175981018194, -0.4838388168749141]], "1": [[-3.5513267941125544, -0.47394556163612545, 0.11265841707135232, 1.7376987053381816]], "2": [[1.4740718864384084e-05], [-2.342776041463427], [5.526928317984755]], "3": [[1.4748713985881289e-05, -5.322697938288373, 3.2020533075637907]]}