{"0": [[3.2924852649880725, 1.069617421498849, 2.1456125231370424, 2.3097169427820603]], "1": [[-4.619577488766063]], "2": [[-2.945731599910941e-30], [4.35428625342341e-30], [-1.2213387438536613e-28], [-6.117443502043212], [-2.5905347688986877e-30]], "3": [[2.9457315999109408e-30, -4.35428625342341e-30, 1.2213387438536613e-28, -6.1132595282643525, 2.5905347688986873e-30]]}