{"0": [[0.6219437165789945, 0.7079299596561042, 0.7884345400492829, 0.7950840508070505], [0.7299637891516279, 0.8548842097091526, 0.9501859432654718, 0.939037066802756]], "1": [[-0.9428781159353866, -1.1892696291963103], [-0.2582868367562415, -0.29471138934829844], [0.37512594328984133, 0.4533377471116024], [0.794066703195966, 0.9932303845523253], [-0.9011461558733784, -1.1476908419005893]], "2": [[1.0584374633739766, 0.2908479338110104, -0.4368419432873444, -1.0067109700585164, 1.0678227495686703], [-1.025199169774534, -0.086538784248103, 0.14410116005345078, 0.6745684156400685, -0.9347766919474203], [0.8238929115681082, 0.08639921726034681, -0.15593035598641364, -0.5804812954459799, 0.7609197328384822], [1.3253456746251078, 0.13301063256256826, -0.2345949928165143, -0.9223276961468203, 1.233378619642537], [-1.0505044444599863, -0.30182886457541375, 0.46339213477381613, 0.9845076205890997, -1.0377204877696427]], "3": [[-2.7084081958541386, 1.4061252173730598, -2.518329978173455, -0.48710311248851673, 2.592192349004169]]}