{"Train": 0.11354966699059918, "Val": 0.11344648796288181, "Test": 0.11335233233118594, "max_epoch": 3, "stop_reason": "Weight gradients converged", "num_hidden_layers": 3, "total_hidden_units": 10, "unit_combination": [2, 3, 5], "learning_rate": 0.5}