{"0": [[-1.3156961023592837, -0.33921871936252257, -0.9595720648573536, -1.0152363516517355], [0.4262017526800456, 0.10728113667359926, 0.3078174608161504, 0.3252591100548144]], "1": [[-2.2061726014109513, 0.5233025884622199], [1.4147332262014405, -0.3230895094431084], [-0.5809864915230871, 0.14852491984163527]], "2": [[-0.8568895302495896, 0.7796739764915376, -0.4094568348375124], [0.9172815679717078, -0.774920852073364, 0.26614629333201956], [0.06317347052444268, -0.13496183109532142, 0.0779157408610714], [4.401588185023149, -3.267766341287362, 1.5708512241354982], [-0.37117897600201205, 0.42448175125739573, -0.22822694639514568]], "3": [[-1.1664899485329043, -7.576962951394467, -0.014427501238360733, -10.804361164268922, -0.3998481054134193]]}