{"0": [[-1.1445407876346292, -0.6239123084865759, -1.0374337992288736, -1.020272791540973], [-2.052367243276372, -1.144200804486612, -1.8836131873028403, -1.8691585015921042], [1.4800267214209608, 0.7994994513719578, 1.3183093436234194, 1.3083438103178033], [-0.18036152503535388, -0.09932232969724625, -0.16359687050083532, -0.15281753109906154], [0.8975235617440357, 0.48524200243613147, 0.8060193183002115, 0.7903565132409855]], "1": [[2.0160098409287683, 4.053532005907269, -2.648710271140089, 0.3054688379453027, -1.5497600559153262]], "2": [[-0.0068985151828605895], [-3.618232025932021], [1.6572639563954754], [-4.592821613316712], [-0.8764751383504632]], "3": [[-0.006573870727247952, -3.6822757112007523, 1.664648334236459, -4.729294221890325, -0.875278419688212]]}