{"0": [[-3.2756060616487126, -0.5603367404927615, -0.35778483887821416, -0.348715091803482]], "1": [[-26.09702575547436], [-5.647453876188882]], "2": [[-0.3655654423360951, -0.5613353459247249], [2.7024491499915744, 2.745340745043828]], "3": [[0.8819644724225781, -5.642058894010601]]}