{"Train": 0.16813626480206567, "Val": 0.17001727308129794, "Test": 0.17275717617383526, "max_epoch": 3, "stop_reason": "Weight gradients converged", "num_hidden_layers": 3, "total_hidden_units": 7, "unit_combination": [1, 2, 4], "learning_rate": 0.5}