{"0": [[-1.1489066056024195, -1.8244583626851238, -1.2789338824080247, -1.3558007660528482]], "1": [[-3.401050880981021], [1.4062168873062308]], "2": [[1.85082177890955, -0.7111177674630195], [-1.282110068037623, 0.4710814804069789], [-2.8205237240989987, 1.0807341963072314], [-0.9324785633867491, 0.350257956414446]], "3": [[-1.951031306077362, 1.3283864898501516, 3.0508635761039553, 0.9684723256347243]]}