{"0": [[-0.7170728163326308, -0.562198346188858, -0.48227855321140334, -0.4308890896718395], [0.6723589193801534, 0.463892251851325, 0.3889043295169092, 0.36687105523430763], [0.4291845693436824, -0.1545505536302301, -0.32545315951140963, -0.291589325132858], [-1.1052756137410749, -0.2393413209124469, 2.6456103055032667, 2.3731727108088934]], "1": [[-0.8525673140900514, 0.8323578800108427, -0.06745877597073144, 1.057479405786409], [-1.0701318149639667, 0.9420979654315784, -0.3616145480683682, 1.499959187750189]], "2": [[0.30871209980780845, 0.12801811413537945], [-0.9339389523788242, -0.6901075559371537], [-2.4224562180634086, 6.057966082708793], [0.8299589696490844, 0.598108518897799], [1.1913116920233646, 0.9141680131177364]], "3": [[-3.436889348236547, 3.499497062359081, -8.411610015162504, -3.495666334388247, -3.4961594301372467]]}