{"0": [[-0.40368170622406513, -0.09762599330526595, -0.41407031007513456, -0.40460068963644874], [0.7086398567259977, 0.19564393904904903, 0.7206667042008047, 0.7273454166937412], [1.8895413301578998, 0.5068347887862167, 2.057591242047514, 2.028417702351374]], "1": [[-0.5347509213863282, 0.9493885463203449, 3.0361297560922025], [0.4678122642288848, -0.8447979420105407, -2.6420136541493378]], "2": [[-2.1714233969118326, 2.0909053604639407], [-1.9462965822388716, 1.7062139396511506], [-2.7067845383624842, 2.3363779359548347]], "3": [[-17.052766719461303, 21.817509686016784, 22.920516444354007]]}