{"0": [[-0.9415494469008207, 0.40268597929674005, -4.288740907374028, -5.1534432606998966]], "1": [[-2.1913567033487062], [-3.434766560474057]], "2": [[4.999655335278311, 4.620322909228498], [2.418633233302103, 0.7932545052946356], [-3.7615840667177816, -1.5038597037433712], [3.2524315030234767, 1.254304822412475]], "3": [[-12.54712996631162, -9.774106062565885, 16.764744750324976, -17.321087227321343]]}