{"Train": 0.16813680975545692, "Val": 0.17001781910714836, "Test": 0.17275772671835718, "max_epoch": 3, "stop_reason": "Weight gradients converged", "num_hidden_layers": 3, "total_hidden_units": 10, "unit_combination": [2, 3, 5], "learning_rate": 0.9}