{"0": [[-1.58542347965138, -2.4319867103276906, -1.691016119933391, -1.6674267177029953], [-1.3858494667153756, -2.0820902889323722, -1.4589784248602342, -1.4482175177086896]], "1": [[-1.105014643011653, -0.8553781658921559], [4.640463663294963, 3.619579451113565], [-0.344054823282747, -0.2720904432853453]], "2": [[0.4097221749532837, -2.147970240829531, 0.12839909714315478], [0.8058937311048083, -4.080389010870389, 0.2527274116994953], [-0.27035045401784585, 1.3664995262504571, -0.08857673270190207], [-0.5286808754523238, 2.632555244252658, -0.15250833178157888], [0.9056847838304618, -4.612695442510983, 0.28126395280084443]], "3": [[-2.2103568353927305, -4.318345246689367, 1.4032923039624359, 2.724023856877215, -4.9346550372249895]]}