{"Train": 0.1493111131825614, "Val": 0.14720019358073708, "Test": 0.14840922890526204, "max_epoch": 11, "stop_reason": "Weight gradients converged", "num_hidden_layers": 3, "total_hidden_units": 5, "unit_combination": [1, 1, 3], "learning_rate": 0.9}