{"0": [[-1.7191679517468497, -0.973281762169677, -1.666840572801532, -1.7334344511102633]], "1": [[3.395673468796283]], "2": [[4.525859775110571], [-3.364877985242971], [9.440543304512046]], "3": [[41.23472864190511, -7.903618399300367, 4.069427909557238]]}