{"0": [[1.28143133031091, -0.48915071732692883, 1.2852049090275406, 1.1189994073589022], [6.383012068818609, 8.20237054393504, 3.719396541613823, 3.66607311346014]], "1": [[-0.851356565221377, -2.868587051123298], [-0.6272453081917295, -2.1668846768491243], [1.1601793316992854, 3.8419264222601925], [8.915982691659002, 1.5105992282716663], [1.4852532714476483, 4.775987737615343]], "2": [[-3.962598224725466, -3.7408307028892462, 5.019873407932755, -11.688237177071896, 6.617457578562398], [-0.6518205429583739, -0.7302023376990157, 0.6452384888266739, 0.7418129247660329, 0.6337432879667004]], "3": [[-4.01146218403847, -5.136431907859294]]}