{"0": [[0.0869235569792839, 0.16380508631739582, 0.13071764716486792, 0.15468409305465514], [-0.28881135288043575, -0.5381885227962987, -0.5210307157297848, -0.5906560265148367], [0.2004024669654822, 0.3228028802737858, 0.2999781738287764, 0.34202423157148837], [0.4123619090612451, 0.7927104400498103, 0.7518224557455413, 0.8370425124382973], [-0.002850797624039387, -0.02254803045391023, -0.024224465626696216, -0.0070885971960773135]], "1": [[0.22595614222316937, -0.8804267187169919, 0.5119907529804695, 1.4001165553225656, -0.019882669903813252], [-0.1354815260641724, 0.5477210656971487, -0.29608356393796986, -0.8456331907105904, 0.01846709768835015]], "2": [[0.06128181163953148, 0.025792238035626767], [-2.1718000115041036, 1.1477675020257807], [0.17381633599127463, 0.07131405343750469]], "3": [[0.017127640355590733, 8.949191176406927, 0.04595649697611093]]}