{"0": [[2.6139522424327737, 1.732950294649531, 0.9815031784065604, 1.0983408706881133], [-2.1704602695740256, -1.5721287682803482, -0.027409086915640892, -0.020254180871346995]], "1": [[4.3827033008515786, -4.132312725512841], [4.165878130087212, -4.17246364748104]], "2": [[-0.28564702239858364, -0.1342223884151994], [0.7667424219626092, 0.8475191854606626], [4.075259204563459, 3.0473553881142594], [0.7716476489494839, 0.7357951964344147]], "3": [[-1.0990231310985064, 0.2219209902203178, 8.138013857456274, 0.22033776737998367]]}