{"0": [[-1.8882103682017237, -1.3518299043027844, -0.7804489672434015, -0.9635044435503554], [1.9856072427240237, 1.5303703223631338, 1.08279347692455, 1.2151441327732717], [-1.0540335714906923, -0.8767657322355263, -0.6245500423029214, -0.8021678339685046], [1.8240194236993064, 1.274063587816195, 0.6829448386048472, 0.8554717962229764]], "1": [[-0.2927365695431367, 0.6384398582405457, -0.3708730017295218, 0.2458087943468595], [0.4601797603630111, -0.5677942229254418, 0.43055542830764315, -0.37287371469375646]], "2": [[-3.198836022706096, 3.036987448406739], [0.7302305198967125, -0.9391369284972805]], "3": [[6.045380219209987, -2.361085219143504]]}