{"0": [[-2.236261850863979, -1.4078145423617683, -1.8604748033146297, -1.5031513163227697], [2.3535892544434915, 1.6217490984519571, 2.397235047698905, 1.948226708683592], [0.0696796158948173, 0.11030655258119633, 0.18903551528564402, 0.16352913514282552], [1.7484886333803087, 1.226365575506812, 1.8000447868693483, 1.4742707239408586], [-2.391897674394713, -1.525435346228912, -2.0698943977398168, -1.6480179267946309]], "1": [[0.19329501718169492, -0.7864343182766642, -0.1240919828195317, -0.41440751720886665, 0.3590481961750873], [-0.017203912888814597, 0.00333676432643554, -0.005539146041938191, 0.0045560752542794635, -0.021186341487571352], [-0.11497751903170324, 0.23992948826305782, 0.03005114171090762, 0.22910776486603712, -0.13198135907133873], [0.003805882912845443, -0.00012615501945251932, 0.015052283339170788, -0.028088840134131807, -0.0043960134957000034], [0.042129001913649544, -0.09550849859310241, -0.008678041570957312, -0.10938095940539985, 0.04568412459924061]], "2": [[2.2527140145266284, 0.0986878603644117, -1.5031442182688775, 0.46199803996762245, 0.9458663475951811], [-0.1182404622689487, -0.03069784495035667, 0.11827381417925184, -0.23081380873134397, -0.2131850262645092], [-0.7519296567823878, -0.02833157728512284, 0.6341383375766871, -0.21648969938027274, -0.41265718081750413]], "3": [[6.597258964940019, 2.2598566502793886, -1.1463881576628014]]}