{"Train": 0.11354966483912446, "Val": 0.11344648580584535, "Test": 0.11335233017633181, "max_epoch": 4, "stop_reason": "Weight gradients converged", "num_hidden_layers": 3, "total_hidden_units": 9, "unit_combination": [3, 3, 3], "learning_rate": 0.2}