{"0": [[-0.4319595578578222, -0.31549634441866914, -0.521302679780462, -0.49957071106678597], [0.5293769393910027, 0.8543945000612674, 0.6981280501544419, 0.6730200909324114], [0.5359008347130437, 0.8554794434607114, 0.7097224051697019, 0.6827146272959865]], "1": [[-3.5290950406744983, 3.0311538737166246, 2.9308633153975197], [-3.5601822364009625, 3.0376903290700548, 2.9453665216979563], [3.474647226796062, -2.990587889393361, -2.8855337626155944]], "2": [[-5.511013415643009, -5.497947459626596, -4.340548895158322], [-2.8971991839286586, -2.8750202131490163, -2.398929876487374], [-13.50653905961074, -13.481655865277682, -11.690719073667431]], "3": [[3.909561032068125, 2.551507807914962, 3.308576951329251]]}