{"0": [[-1.1681374718627697, -0.7256251461509342, -1.304585753018527, -1.2931391407701007], [0.17384572513747032, 0.1790447194885734, 0.18920383297326537, 0.17565789724561065]], "1": [[0.031859833048975716, 0.16610139256288453], [-3.4223210291766524, 0.7449609661122429], [2.4498583947044215, -0.6234796799131114]], "2": [[-0.622452450571503, 2.9644168174795884, -3.0933500267306075], [-0.5775291168567672, 2.521251061901576, -2.596172044919004], [-0.9206501085653735, -2.725907052482688, 4.5416809063232675], [1.465604169482236, -8.389169575659505, 9.346909093490703]], "3": [[2.025922708700338, -1.7148947795643172, 18.08671737752187, 5.200747680211897]]}