{"0": [[17.540359477863195, -1.1865194716878393, 6.802996959852802, 9.974876467153566]], "1": [[-7.993046358484783], [68.75329238829497], [-5.448536722010097]], "2": [[8.264342938521825, 5.6852305396172325, 5.509561106990209]]}