{"Train": 0.11354966699059814, "Val": 0.11344648796288141, "Test": 0.11335233233118258, "max_epoch": 3, "stop_reason": "Weight gradients converged", "num_hidden_layers": 3, "total_hidden_units": 5, "unit_combination": [1, 1, 3], "learning_rate": 0.9}