{"0": [[1.4667332223722078, 0.05577659837364034, 0.8183647979005267, 0.868658829727142]], "1": [[-2.268780039071084]], "2": [[-1.8957493247935435], [-1.6769191546184867], [6.454190036284933]], "3": [[-1.6164660996089089, -13.660757890297349, 2.62540511679775]]}