{"Train": 0.16813680975503556, "Val": 0.17001781910672373, "Test": 0.17275772671792738, "max_epoch": 3, "stop_reason": "Weight gradients converged", "num_hidden_layers": 2, "total_hidden_units": 4, "unit_combination": [2, 2], "learning_rate": 0.5}