{"0": [[-1.0465818237749982, -1.9093085767618658, -0.6999105039032412, -0.6832453817521034], [-0.48463832594600614, -1.201219457891653, -0.03627636987150543, -0.02459799431875664]], "1": [[-3.350363613325287, -2.020930347843198], [1.866342390563328, 1.9901467147483072]], "2": [[-18.204479712312004, -4.229245126392182]]}