{"0": [[-2.14904452733073, -1.4823320344069044, -0.43900602692577645, -0.7018650994162184], [2.0413977727732955, 1.4133761528914874, 0.436725818562145, 0.6921941044108652], [1.8445536096689028, 1.373861501410807, 0.5051589534784207, 0.8296849405815601]], "1": [[-0.5601833901366696, 0.5546653171814806, 0.5343674843210936], [-0.3293071153679674, 0.3067903105850403, 0.2762378575732202], [0.1106197447436056, -0.11098841937395346, -0.10669473087139084], [-0.5923775466797515, 0.5890798590589448, 0.6034636745954685], [-0.5986442671461983, 0.59146023689073, 0.8414090350011443]], "2": [[-0.21065523900201213, -0.09365877795432992, 0.024711044902121407, -0.22898384606189628, -0.263150405280959], [1.9414299930513184, 1.1068264142343405, -0.21950784717341804, 2.0683315514087948, 2.307224357859283]], "3": [[1.2401803856854658, -7.000542896402595]]}