{"Train": 0.11354966699060165, "Val": 0.11344648796288424, "Test": 0.11335233233118847, "max_epoch": 3, "stop_reason": "Weight gradients converged", "num_hidden_layers": 3, "total_hidden_units": 10, "unit_combination": [1, 4, 5], "learning_rate": 0.9}