{"0": [[-6.56316590580123, -1.8499450519646297, -15.327947601219462, -15.90610974275466]], "1": [[-1.5802543928465018], [1.6563905078201708], [3.1011125094138587], [1.1061444491563137]], "2": [[3.278356258097874, -0.6931921936544511, 6.656511069887912, -0.7257941385035918], [-5.716580255268715, 5.070318385262529, -0.859661753998334, 3.348517480987103], [-3.0391523623016976, 1.7580911091866473, -3.0370017350245737, 1.2724206974561945], [1.2028983784438854, -0.8328242294779002, 0.7553732730109364, -0.555767936051534], [-5.76453049178376, 2.435331798001189, -8.472818558832916, 1.9046238714062966]], "3": [[0.8711927893253565, 7.670883595403832, 4.213111585535273, -1.5491873535246958, 5.70049432879174]]}