{"Train": 0.1681368097553387, "Val": 0.17001781910694336, "Test": 0.17275772671817052, "max_epoch": 3, "stop_reason": "Weight gradients converged", "num_hidden_layers": 3, "total_hidden_units": 9, "unit_combination": [5, 1, 3], "learning_rate": 0.5}