{"0": [[0.019502791932940956, 0.24230337322902612, 0.10779631818646843, 0.1167898689580721], [0.3365299129591411, 0.6444276646408473, 0.4112223618045716, 0.42216398816573636], [-0.006845150137252847, -0.04843325902650568, -0.00663377488163449, -0.012809928416573838], [-0.03116104661907321, -0.31360704893282226, -0.1498064167957802, -0.15052205569827828], [-0.07201617162656594, -0.3630483836861874, -0.1648441205163304, -0.18146086885194343]], "1": [[-0.21989162479244462, -0.6931407998631549, 0.03942326907654942, 0.2841307368844384, 0.3307670502857319]], "2": [[4.170232135945162], [3.4462321082821425], [5.299861862212313]], "3": [[22.673133604708415, 5.68556199279816, -9.754754322322785]]}