{"0": [[-0.9693116238664845, -0.13604253323514306, -0.8052238845621372, -0.711697017597386], [0.6497185480954336, 0.10198281223788432, 0.5133704500863067, 0.45274352169960147], [-0.9404239496164577, -0.1521750709731067, -0.7829052421314646, -0.7060127869083459]], "1": [[-1.5571555375181452, 0.9523847706104626, -1.5231048804142342]], "2": [[23.391840411463004], [3.9533916118627834], [9.297501490638451], [4.205267020055626]], "3": [[-6.26877345143151, -0.785665018307439, -15.47740413570738, 3.395185144447142]]}