{"0": [[-0.9726558329490947, -0.47549247525864347, -0.6538727531581745, -0.7971454211755153], [0.8860946254558623, 0.3267187236438737, 0.4416900558148383, 0.5648927557345217]], "1": [[-0.5223235074339511, 0.41281709189892973], [0.29334770168610935, -0.25026887695755656], [1.3984043111587199, -0.9279676996937726]], "2": [[-0.6895656292724182, 0.37769000328040603, 1.9628953497744515], [0.16162019496598207, -0.09111827326745549, -0.25619188052784814], [-0.23796481756772203, 0.1556137510539674, 0.39780515453675175]], "3": [[7.778698817221285, 0.3074602616333692, -0.4796088936820964]]}