{"0": [[1.9548944927075895, 0.6625146402541037, 0.9325767431078628, 0.9984631385801918], [-5.618204905598766, -1.2074098649028613, -2.494125557541072, -3.0545420510538244]], "1": [[3.2853365558819165, -1.6376868698882827], [1.1610469346181473, -0.11974401695314298], [1.0962568256611753, -2.7880206862757753], [-0.03792507305178116, 0.13405298762157042], [-1.0706282944309746, 2.8007605949757144]], "2": [[-4.040882931623707, -3.6278017043219846, -1.8010782113266535, 0.1212457354606564, 0.9489015167545388]]}