{"Train": 0.11354964303147379, "Val": 0.11344646394167046, "Test": 0.11335230833456503, "max_epoch": 5, "stop_reason": "Weight gradients converged", "num_hidden_layers": 3, "total_hidden_units": 9, "unit_combination": [4, 3, 2], "learning_rate": 0.2}