{"0": [[0.7641648070647216, -1.7907224943887237, -3.236114752766134, -2.581825989950324], [-0.9635574089558163, -0.9570142239468149, -1.798485972513974, -1.6198096861508928], [0.19220838967358558, 1.5007066834514329, 2.8016500065102905, 2.358771613675421], [0.9965475460138443, 1.5903804726581305, 3.0116028728044664, 2.6889458113543]], "1": [[-0.7132326144837412, -0.9737414574099953, 0.8049112266055714, 1.4562002847440696], [-1.845674579867724, -1.8540177585696036, 2.363134780615113, 2.3387157299113], [0.9514498347631969, 1.2246258882187808, -1.116688687024531, -1.819426051440803]], "2": [[0.2703881636144457, 2.064085178942645, -0.5433638955395661], [7.178356648869759, -4.323512750730558, -7.1595867188027436]], "3": [[-1.2149888067698518, -7.351216350246866]]}