{"0": [[0.4615837251346855, 0.49438004028039456, 0.5539917721651929, 0.5720629597086195], [-0.6397177837403369, -0.6618960543686567, -0.7704126793203361, -0.7863049778272064], [-0.7140416863225001, -0.7211513768216218, -0.8934969709229179, -0.8854633902716111]], "1": [[0.1565956619118053, -0.06922223919432036, -0.009862851619637403], [-1.1048328420178044, 1.4471172653125786, 1.6121285629559157]], "2": [[-4.257529819130881, -4.77781356278285], [4.509833529923604, 4.995067886462923], [2.238458528981016, 2.3709263423461557], [1.7104959408957248, 2.906887620697346]], "3": [[23.81663784615337, -23.86164169789435, -3.146891163562151, 31.568107962210895]]}