{"Train": 0.16813677752699577, "Val": 0.1700177868134436, "Test": 0.172757694160465, "max_epoch": 3, "stop_reason": "Weight gradients converged", "num_hidden_layers": 3, "total_hidden_units": 11, "unit_combination": [2, 4, 5], "learning_rate": 0.5}