{"0": [[-0.00039779716954206634, -0.007645233459945506, -0.021704634711237746, -0.005520484873631524], [1.3666405849767393, 1.765533639701517, 1.408477998109624, 1.4267771865738998]], "1": [[-0.013194455599586385, 2.73851949615747], [-0.006080998590878105, 1.91725952988494], [0.0065437244536474416, -2.1918943170578054], [-0.0025953700874192893, 0.9048000267126762]], "2": [[-2.0582611395660795, -1.3843400438829658, 1.6112966258093306, -0.6451640143359102], [-0.5829208959381995, -0.39185838884350893, 0.4502757836014043, -0.16686924396475689], [-0.4532096029522935, -0.30695392173839, 0.3466178608511143, -0.13374954523418925], [-0.8328146263516837, -0.5662348176182561, 0.6437203147923165, -0.2597399687174166], [-1.8146440168537985, -1.2056683304655162, 1.3941273632094286, -0.5501707520253342]], "3": [[3.1888491200883653, 0.8492109750068987, 0.6607624050133626, 1.2285030831414498, 2.742708528114233]]}