{"0": [[-2.085483286406021, 0.16676156051674088, -1.1039620630810354, -2.276731665508027], [1.1320479791139908, -0.12452159652767214, 0.49994030237354875, 0.9935483405264629]], "1": [[-0.7909875560896465, 0.5850772318156149], [0.9343992783247296, -1.0004526648755248], [-0.9011311668237983, 0.6689612744050623]], "2": [[-0.8769604633062936, 1.5147738666010677, -1.0591517340042282], [0.6493291105473566, -2.3076646283447775, 0.868133009898017], [0.8553345739613684, -1.5553246985416234, 1.0513059759636476]], "3": [[-4.932955183580317, 0.39214467431737304, 4.818889116440239]]}