{"0": [[1.3341651335254958, 0.6847925580611042, 0.295662712757386, 0.994137649736809]], "1": [[-5.122224101189067], [4.794259230419818], [-2.7683225009891403], [-1.941909329975202], [4.2157585054970035]], "2": [[-3.8719706130737643, 3.0859915854071733, -0.4023159302932469, 0.25692863925873055, -15.768284542286066]]}