{"Train": 0.1493111105281592, "Val": 0.14720019093042844, "Test": 0.14840922625253763, "max_epoch": 3, "stop_reason": "Weight gradients converged", "num_hidden_layers": 3, "total_hidden_units": 15, "unit_combination": [5, 5, 5], "learning_rate": 0.5}