{"0": [[0.0350262566029652, 0.02667819049548125, 0.030538969096748, 0.04847285101077761], [0.5395481724244006, 0.31869465986949, 0.6496014367182662, 0.624026034565507], [0.9329735838916215, 0.6529699632876202, 1.2912879488615043, 1.2526246459204224], [1.1209370750143104, 0.9458867345736998, 1.8749772163469458, 1.8046713393706635], [-0.32023428868959464, -0.180626632798405, -0.36720272073538435, -0.3410791746724326]], "1": [[-0.011313197845483325, -0.0537311318687502, -0.09876636512572172, -0.19365228047528865, 0.050361483994479705], [0.0178193280343897, 0.22664662991938822, 0.5730510961523859, 1.258012390537743, -0.1080963452105593], [0.005349645341283035, -0.023363387275260463, -0.04853023789790733, -0.12658568380672514, 0.015899370817425443], [-0.0297056707513547, -0.034745793302932315, -0.0633631461572062, -0.11067167639769378, 0.025713306145580563], [0.014482536783134294, 0.1581290457527247, 0.3840398516413741, 0.7868722054115164, -0.0837611427852927]], "2": [[-0.003924562776258777, 0.029691411162866884, -0.021137913034393625, 0.0018567647087984719, 0.01658533460798118], [-0.014557992773767956, 0.02945028542341227, 0.004455642361680697, -0.005438015134893421, 0.01440428162184217], [0.048405392681880204, -0.18805216133233427, 0.010635914920142207, 0.04170161304201194, -0.11143126751559371], [-0.22550239727107851, 1.3952451771211427, -0.14071168387535715, -0.1294717162736686, 0.9074922565637152], [-0.03670426171173926, 0.16415292600402165, -0.0263060980682051, -0.021494947384922213, 0.10238820733873677]], "3": [[0.03218888463913612, 0.02987784949659479, -0.20690583136772264, -10.0537567490771, 0.18990009554051773]]}