{"Train": 0.14931110546385623, "Val": 0.14720018584104755, "Test": 0.14840922121647354, "max_epoch": 4, "stop_reason": "Weight gradients converged", "num_hidden_layers": 3, "total_hidden_units": 11, "unit_combination": [3, 3, 5], "learning_rate": 0.2}