{"0": [[-1.7719940733960955, -1.1413065405052856, -0.3936632267306236, -0.7345305418463899], [-2.162019564396709, -1.2795843548477228, -0.0069916335748818614, 0.06643658857298199], [3.4159258884608215, 1.9448637206452861, 0.012099883072396237, -0.1373349712904289]], "1": [[-2.093003592894517, -1.9509109158291915, 1.1426910064270255], [-0.04400413861772592, 1.4847652395083448, -1.9292198048645592], [-0.7085131196627069, -1.098571713676669, 1.4514610723742885]], "2": [[-0.03699246842824161, 1.116424373684334, 0.008171281697936114], [-1.629730760238315, 2.986554328629222, -4.937398292689137], [1.2143924040585725, -0.616746171103113, 1.2624659511543959], [-1.6594621031259984, 1.5509153326904719, -1.7157749299871912], [-0.314716345236749, 1.0187618727823942, -0.28849718720381734]], "3": [[-1.0633936068332368, 7.4511381017292795, -1.7819899916203787, 2.2132136060860965, -1.5557513591139762]]}