{"0": [[-24.667176967221206, 0.13480233429048943, -19.270168092771296, -16.9914038658748], [-13.18334338679552, -0.7750211305494409, -10.056418033018911, -9.00315193935357]], "1": [[14.482692682026094, -25.911838026133992], [-104.82900907867055, 191.80214189126303], [-126.14551743783808, 231.2732848717473]], "2": [[-4.370392845742418, 12.043980615220145, -13.085652174575824], [-4.130066217265204, 11.42977990582835, -13.6746562922295], [12.160086203281567, -30.20479142207379, 23.63052730571655]], "3": [[-9.08326944819153, -9.095766306056898, 21.378696392667145]]}