{"0": [[0.3302886146736677, 0.5402078598230543, 0.6101578317945975, 0.6162593990473291], [-0.3226934351386573, -0.4992406765628481, -0.5533559843835328, -0.5792305831001212], [-0.350871048900987, -0.573639332613133, -0.6162027627682204, -0.661915340024273]], "1": [[0.40321307952602053, -0.3645321219998715, -0.4446213885867453], [0.8114128324894238, -0.7485686416038462, -0.8533201552604304], [-0.6803687697384808, 0.6283330505834066, 0.7110643846597775]], "2": [[-0.48367797461175616, -1.103605335468511, 0.8691716567041492], [0.5404716745606551, 1.1703251350711321, -0.9480027984325909], [0.005646487139775817, -0.10238239712717107, 0.05507931503010241]], "3": [[3.748877837794578, -3.9918564773750016, 0.0692014689583975]]}