{"Train": 0.1493105588174159, "Val": 0.14719963992343432, "Test": 0.14840867545194367, "max_epoch": 42, "stop_reason": "Weight gradients converged", "num_hidden_layers": 3, "total_hidden_units": 7, "unit_combination": [3, 1, 3], "learning_rate": 0.2}