{"0": [[-1.6166497773730377, -1.0997192929841257, -1.3216074977030594, -1.282012831453146], [-2.632414672462276, -1.6874586566941616, -1.7460438980080875, -1.558887387509321], [-1.8655759747032843, -1.428161464550191, -2.23500471535211, -2.116689236688808]], "1": [[0.38150328536784855, 0.20474121719030103, 1.329390116189642]], "2": [[1.3815436150625569], [7.604666362587081], [0.058224954455696955]], "3": [[0.08211380486372949, 6.9738828682154255, -0.058269222180916846]]}