{"0": [[-1.347560259871168, -0.5142443057126936, -1.2383673175508736, -1.2148671288793143], [0.8810773981911082, 0.3372883664642354, 0.7705666504643551, 0.7809081253651399], [-0.6480720956250701, -0.2304236393603861, -0.543833053212988, -0.5676327930238914]], "1": [[-0.4154278826493545, 0.1859348201011623, -0.1064391247450362], [-1.55352716680479, 0.9355445620100854, -0.6698736437839017], [-1.8473221521693652, 1.1262730544285593, -0.8088504897293255]], "2": [[0.20610332207184517, 0.1926744557830865, 0.16878986441486554], [0.15217668013308033, 0.6476252387419407, 0.8129232415673582], [0.4975257606939308, 1.1905649552501976, 1.4167672409400267], [0.33571085411183577, 0.8943663524860359, 1.1437310102843974], [-0.17834868691629108, 0.09371142450951009, 0.20097417520952743]], "3": [[-6.266785620264815, -6.751542473367312, -7.505181491736827, -7.144234810072803, -6.018268699515903]]}