{"0": [[1.5009268478214228, -0.3553942487982338, -9.480039648890015, -9.327833338356124], [-2.0716565772864315, 0.4216233044691139, 10.715212619125966, 10.526814074117134], [0.22126697488071712, -0.16706567257399182, -4.525714724990603, -4.458451250855552]], "1": [[5.896016527929407, -6.774126489930671, 2.5982985382304276], [2.2777078494331278, -2.4793023095465463, 1.5655781270452165], [5.952560282471357, -6.590716084572222, 3.672125214045571]], "2": [[-34.3778632900225, -35.54814237290359, -36.01751573419217]], "3": [[9.563603511182937]]}