{"Train": 0.11354963367009954, "Val": 0.11344645457795556, "Test": 0.11335229894475032, "max_epoch": 3, "stop_reason": "Weight gradients converged", "num_hidden_layers": 3, "total_hidden_units": 8, "unit_combination": [1, 2, 5], "learning_rate": 0.5}