{"0": [[-1.2243189829649221, -1.8692247732384333, -1.4914828168165521, -1.3276046444294467]], "1": [[3.44143410127312], [-2.00011910816262]], "2": [[-0.8932972051122972, 0.4908427024152947], [1.5970995423894438, -0.854374678676443], [0.20629481091024846, -0.1102737827093146], [2.5662041950747767, -1.3711710392158876], [2.2352738354836346, -1.1840057842366816]], "3": [[-1.0227499013328059, 1.836419740886584, 0.2349641472192182, 3.0275619753108924, 2.602123575128219]]}