{"0": [[-0.4274670227423657, -0.42521299417207403, -0.5393557823619178, -0.5631519567613449], [-1.215684894552034, -1.1095504990104152, -1.6543149664947323, -1.6384371211381175], [-0.060876301868202184, -0.036708016136612814, -0.07451420721986847, -0.06827917864982981], [-0.03201326295304429, -0.013818663035460725, -0.030284374407391013, -0.010764948715262037]], "1": [[-0.5569010055437245, -0.46543878364030233, -0.09788496450619769, -0.02900131247169386], [0.06582882195364392, -0.4627096043880393, 0.0274197149451, 0.015551616994477154], [-0.46506508790340007, -0.20793910903280066, -0.07723998421909722, -0.029606015942118293], [-0.7262298083307457, -2.1791299308759253, -0.0938043580229696, -0.02625447209872176], [0.700974181876291, 2.1092264023078937, 0.07557201428743149, 0.021099203400230623]], "2": [[0.586475393392329, -0.9820689615262129, 0.7601176156672076, -2.0303092107115375, 1.9784852525812835], [-0.5773408861052213, 1.138191537210386, -0.7843631021149222, 1.7653697920623799, -1.7588209229083094], [-0.15654825625378155, -0.08857530216072906, -0.07491244772811045, -0.4930774491202391, 0.460964177761807], [0.2613104635511888, -0.849031757609819, 0.4797181271094064, -1.4714846688629268, 1.4262708879038963], [-1.3610788994680898, 1.7924445367671427, -1.5756924050668601, 1.795066394640307, -1.8382855247390761]], "3": [[12.607442478690125, -10.441532096747006, 7.570451382517452, 7.7159594478872116, 6.089515304112827]]}