{"0": [[-2.673758342938484, -0.1836906109406132, -1.7098935011475358, -1.577596623837954]], "1": [[14.739224695457304], [9.055010841819037], [-9.210395516883997]], "2": [[4.98054922231989, 2.723997334570033, -2.2011112404140745], [-22.1825396228032, -9.919429222570605, 7.970593015666552], [-21.89431418888227, -9.597818382291702, 7.700410222874877], [3.999423044552602, 2.043414936750291, -1.6556188506431977], [4.325409826754364, 2.4076228775440103, -1.951526729385628]], "3": [[7.83000688957437, -15.931168204018487, -19.567701184528435, 9.165652736310816, 7.959623940726191]]}