{"0": [[1.65153707119969, 0.30248094043813323, 0.3839765243397487, 0.06656125142115824], [2.4953527377871385, 0.42042240404314174, 0.8985133433152311, 0.3392518266392621], [2.017836041166083, 0.32347451410684935, 0.49952354123396536, 0.34362163876263613]], "1": [[0.4137634948440839, 0.7307060487538192, 0.574267637620624], [0.17948412660502577, 0.15772048219791607, 0.13218639836988258], [-1.2274118040304756, -1.043257075477085, -0.898970786075096], [1.2801061942732188, 1.083538588718045, 0.949285615419786], [-0.22992073376778624, -0.24381843102938286, -0.18034026457811844]], "2": [[-0.9410060915217037, -0.045903080492826855, 0.2402400749586982, -0.24506022785817783, 0.12027459739211398], [0.7699902501645737, 0.049738073078603263, -0.2628221062904243, 0.2347767387668264, -0.09923337375017577], [11.129822248424224, -0.04079091668707576, -0.09412671337477559, -0.00906767952622006, -0.2632598833599797], [-0.90950598376805, -0.04450860084481896, 0.2524196698333472, -0.23793791181560187, 0.11123591069712926]], "3": [[1.4547122692722638, -1.5901533255506168, -5.692795717117254, 1.476474431989135]]}