{"0": [[-0.055728928415292624, -0.2106647345725994, -0.42485676611763024, -0.39463573617956926], [-0.21872117099122937, -0.14885612990778316, -0.012782570783582031, -0.01574989593002669], [0.060973590766920736, 0.033724125660212184, -0.004316225886559284, 0.005118994676233712], [0.6701219209223891, 0.7520516750653969, 0.9344289188206375, 0.8993204251190943]], "1": [[-3.2015777233536555, 0.9704188241320252, -0.24671835923022892, 4.289054216139623], [-1.4502741947859863, 0.41622906343361793, -0.10026888585895853, 1.982525366807612]], "2": [[0.7160810780587337, -1.393815594912554], [0.6312889336597356, 0.6436397825451816], [-7.826726801846744, 4.855950680318507]], "3": [[-0.4340093852977754, -0.42086187645319867, 6.37627353207868]]}