{"0": [[0.8977613572056379, 0.11104893112601384, 1.2470263152832948, 1.0882179338936924]], "1": [[-2.1452677226769694], [0.5716409197641306]], "2": [[4.165549477002215, 0.23885852274900066], [-0.13369029501433843, -0.19079530906381356], [1.8374990346532654, 0.132450615765222], [3.0201728424059, -0.5788365483491806]], "3": [[17.093563714607676, 2.009960412244074, -1.255353873352348, -0.8327706044348233]]}