{"0": [[-1.2179959075629667, -0.16398326946972674, -1.0917865561041422, -1.0959039156495767], [-1.1967125728237467, -0.17757199454333938, -1.111771229596062, -1.0922537096986926], [-0.7087497935086151, -0.1057397027139231, -0.6500400687408872, -0.6228917520802276], [-1.0494996516350619, -0.1390385151274515, -0.9421135234757634, -0.9354540028894731]], "1": [[-2.1304680040683177, -2.119770655495576, -1.1739087972339015, -1.7892864092418412]], "2": [[3.155584751387636], [-2.4630683310941164]], "3": [[-14.663109064078048, 14.003049005211285]]}