{"0": [[1.0025719686853356, 1.8295364459156005, 1.0368504856349567, 1.0622472995706522]], "1": [[-0.9907233222861211], [-2.6952135969154534]], "2": [[0.7103026892742046, 0.30979963676960187], [0.4574550780622584, 1.2605475460376616], [0.9762726130011979, 2.1121819632496632]], "3": [[-18.823210520750166, 20.648571690412588, 21.869583499742987]]}