{"0": [[1.2984745329803646, 0.6740282446042042, 1.6462608139219976, 1.676392288238217]], "1": [[2.7302604427323276], [2.0799568838942597], [-0.5721866658016482], [0.2293330531447603], [0.968438945249373]], "2": [[3.1413438927651174, 2.228482981480987, -0.574971638215033, 0.2296745151151015, 0.9804648011979039]], "3": [[-11.179060661292445]]}