{"0": [[4.205167946345696, 7.780072383224869, 3.976678166211624, 3.993820822953292]], "1": [[8.988494002295486]]}