{"Train": 0.11354966695657799, "Val": 0.11344648792902139, "Test": 0.1133523322970418, "max_epoch": 6, "stop_reason": "Weight gradients converged", "num_hidden_layers": 1, "total_hidden_units": 4, "unit_combination": [4], "learning_rate": 0.5}