{"0": [[-1.151652334625087, -1.8440353032119676, -0.804760812353664, -0.5708039523017892], [10.707881626061761, 17.407579048150094, 7.327284085873488, 4.977861487102986], [-9.277096242573858, -14.978931843039776, -6.537586952010667, -4.513510272323297], [-1.1696033208235839, -1.7784679979992668, -0.7129163754016378, -0.38868119169427007]], "1": [[2.3565953727866393, -3.876548955860824, 7.30908115756946, -1.6379548307679366]]}