{"0": [[-0.0018973830346165651, -0.019683505707211255, -0.011445906704052936, 0.012722701847663203], [1.0471200475720615, 0.32133200919262545, 1.0456246768502087, 1.0264516172444047], [0.47189677100353317, 0.14204897991910892, 0.42906173688450544, 0.4244524764762129], [-0.9026121276240691, -0.27945627114026467, -0.8867448105723941, -0.8792240827042952], [0.6340600349136664, 0.18602219065843947, 0.6204657195823744, 0.6061117499239057]], "1": [[0.004338948957087479, -0.2293945664192319, -0.08888238518392591, 0.1721285045781582, -0.10607564112844359], [-0.0031238688201321763, 2.036699902426039, 0.788680558249928, -1.6830779167636942, 1.122899220923104]], "2": [[0.2790884489686669, -2.628712207914127], [0.13453310002032012, 0.39472062606033187], [-0.09664736108822904, 1.8175347795695909], [-0.02096324907724631, -0.021355241159518076]], "3": [[4.840586262544586, -0.03835782169527174, -4.058609866902633, 0.010009398630843127]]}