{"0": [[1.1797433306729803, 0.6884483747736984, 1.2266835520269417, 1.2320170766864722], [-0.5439703824124918, -0.3153699066823667, -0.5818971841821825, -0.5769904096995079], [-0.014841572877681068, -0.008966057418712156, -0.04126215052773418, -0.028645152080105485], [1.3616156929543821, 0.7818556472404979, 1.439454208557399, 1.4318832765500817]], "1": [[1.3551826527913169, -0.6180609978719467, -0.042550857861984044, 1.6131316742263435], [1.7494481282988676, -0.7929133791443247, -0.030811639002059184, 2.074971221000677], [0.3303648283428342, -0.1477043174767564, -0.005711026597049578, 0.3936617768552531], [0.6191414222678239, -0.2703515696226753, -0.03312641489116191, 0.7318909306792168]], "2": [[-2.2312222728362516, -2.9013472962013576, -0.5354936940411403, -0.9980805527530051]], "3": [[19.67510348785671]]}