{"0": [[-2.406875534966631, 0.36560732638077736, -1.7137653393084757, -1.7101325766255764], [1.2102720200026167, -0.19272764425817135, 0.8603902679803813, 0.8625743320292252], [1.4470505211331317, -0.2284475284413698, 1.024727958654999, 1.0445302619123484], [0.5813611151958936, -0.08512776030566044, 0.41272477563359533, 0.4137564480647797]], "1": [[-0.3818860983083584, 0.15240723563429626, 0.17955029663753433, 0.06877597630272642], [0.6529412136228019, -0.2480673821921323, -0.28759954375820374, -0.1313803258280811], [-1.3082670658108082, 0.5254739503928736, 0.5494909066065552, 0.24374510586190162]], "2": [[1.1139074995323124, -1.7675964569420415, 2.611118645163193], [0.9853999582089817, -1.6127584544913096, 2.379144035736417]], "3": [[10.692571199756234, 10.314964835889956]]}