{"Train": 0.16813521656292382, "Val": 0.17001622231396182, "Test": 0.17275611793941617, "max_epoch": 28, "stop_reason": "Weight gradients converged", "num_hidden_layers": 3, "total_hidden_units": 7, "unit_combination": [3, 1, 3], "learning_rate": 0.2}