{"0": [[0.6694920676208446, 4.112415034766488, 2.344594530190405, 2.2576831888393025], [3.2936874133663276, 9.795792635372225, 4.958969409742309, 4.879465650844025], [-0.8696818413202995, -1.4208027777005288, -0.9772730893263147, -0.9303895970669397]], "1": [[-2.6706932978633278, -8.85583710657098, -1.3306328454030734]], "2": [[4.250317430361947e-20], [4.7373005063433276], [6.660610630904106e-23]], "3": [[-4.1521655628125655e-20, 6.491988702877844, -6.82998629399372e-23]]}