{"0": [[-0.4363733737763869, -0.792248284205579, -0.587009078820677, -0.6150672256540141], [-0.2213653762138241, -0.48519883897437666, -0.32218854831665106, -0.3392987021790194], [0.2128652813065729, 0.4871349360269406, 0.31436535010475797, 0.34949367888387056], [-0.031171066118115747, -0.120279095015599, -0.0679600845705264, -0.06318085494767968], [0.07209481011202741, 0.19115033214765467, 0.11327502293487231, 0.12994257241534812]], "1": [[1.1771517994517264, 0.6695443120234875, -0.6714945895156434, 0.15202166183611882, -0.2593190309235718]], "2": [[-3.8815862336927394], [-1.405629168788569], [3.595757751220241], [-1.51266221466231]], "3": [[4.833746042086967, 1.4278361001740407, 15.168456885524352, -4.5377512789763985]]}