{"0": [[-1.1149334008917964, -1.564857929298993, -0.8381639314498563, -0.7028542443088375], [0.2825202312625858, -0.42907867074457756, -3.293300565048953, -2.2762102094508334], [-1.4641388432853186, -1.4950998441317702, -0.5852647032154508, -0.5304044952534037], [-0.6002662342087922, 0.12691860770962426, 3.298683111986579, 2.2503979659377973]], "1": [[-0.7239485949536697, -0.4862419218781031, -0.557900019665523, 0.47008410832729675], [-1.4939891397268745, -0.7686836648646558, -1.2165667112289076, 0.7179455987188992], [2.312654109064609, 1.9935292335439094, 1.699466983192108, -1.9250978026077186], [-1.1127007594993836, -0.7198786048756369, -0.881762812648585, 0.6637712561025016]], "2": [[3.047416750703136, 3.7745271268069693, 0.10000790270139545, 3.396902599137321]], "3": [[-6.943321633637647]]}