{"0": [[-1.1567786894920595, -2.2150999242367835, -1.072818693718476, -1.0638021482473894], [-0.3926643891748694, -0.7485368138216553, -0.36676027220777374, -0.367274162233983], [-0.8005466759679144, -1.4875336664184826, -0.7388065852324718, -0.7165881792187065]], "1": [[2.2156299747168524, 0.6480787785895465, 1.3455425009106765], [0.9125630189190929, 0.2715063335094784, 0.5790570572712886], [0.9668946755925973, 0.2847965303481336, 0.595196347214046], [-2.041457595045803, -0.5915298341185434, -1.2455009191154756], [0.9068296476734761, 0.25902014909579624, 0.5548613398989732]], "2": [[2.721167479459455, 1.1190792192004209, 1.171174854680273, -2.5012938067037553, 1.0930423303424384]]}