{"0": [[0.16732923839944236, 0.4773791802451271, 0.5520157832757107, 0.5297471437148935], [-2.0321554319815305, -2.3421405133854867, -2.7495932600658737, -2.3369403620972258], [1.9453229849602673, 2.1098005249277008, 2.488587997056204, 2.1312478799184666], [2.599681416428227, 3.664721114356749, 3.52606718147071, 3.4574218378167565]], "1": [[-0.6753588159284521, 2.2641709768752514, -2.045742318661109, -3.979020488596753], [0.2855943076064617, -0.15612577949383194, -0.02170514751132301, 1.362516937695514]], "2": [[-1.009440490042395, 0.8148019927126502], [-2.4367629506841637, 3.672840709430767], [1.5065747880582505, -1.2281627974547782], [0.48815409228961953, -0.46949610565976707], [1.0265814305676928, -1.2063359820723591]], "3": [[-0.31962852890232124, -3.1360934196263024, 0.7367920455412564, 0.3272528741964334, 2.5580485432325113]]}