{"Train": 0.16813680952015156, "Val": 0.1700178188715309, "Test": 0.1727577264804794, "max_epoch": 3, "stop_reason": "Weight gradients converged", "num_hidden_layers": 3, "total_hidden_units": 6, "unit_combination": [3, 1, 2], "learning_rate": 0.5}