{"0": [[-0.937597937576977, -0.07205989799647164, -1.1746179915882347, -1.1891858389632541], [-0.220325326104097, -0.01632987152216268, -0.27428008308657037, -0.32060161467382003], [-0.14148942817721205, 0.004438094449957772, -0.1652472032868518, -0.187255543088848]], "1": [[-2.2285886806564292, -0.47806785484501346, -0.285770349062584]], "2": [[5.115897658804127], [0.19610628077470996]], "3": [[-9.584712717134138, -6.958915006399666]]}