{"0": [[-0.2522778900490518, -0.8990573825579139, -4.002601402657923, -4.908842680441273], [14.037641071746947, 3.2208907225051533, 16.778199051465446, 13.182250755752985], [2.0665605469876853, 1.0749690178699869, 4.751993526794421, 5.7695596840363415], [2.0404061575694734, 1.0784092516386241, 4.734782220001717, 5.69801019632952], [12.426738791726233, 2.2019395070898367, 11.32070874526818, 8.922524208107188]], "1": [[7.653045262247415, 9.160399397073576, -6.263296222828154, -6.217954095602793, 7.861591081035477], [7.996772496620615, 10.3490970174141, -6.455889140435438, -6.415447913321522, 8.993136904907681], [-2.9928047310005477, -21.644715496575436, 0.7146042842578542, 0.6648855489896572, -20.29541799751359]], "2": [[-0.040263586339678, -0.11325179665402263, 1.8849259781571783], [2.608408803133643, 2.582527570411185, 0.863331757985228], [-0.27492279352160903, -0.2765716709101308, 0.20945128208355554], [-2.56087847215234, -2.5462548524702107, -0.8782013625981411]], "3": [[4.40623438663181, 8.286575455998488, -0.4113290538623954, -8.002112657763105]]}