{"Train": 0.16813680975546563, "Val": 0.1700178191071571, "Test": 0.17275772671836598, "max_epoch": 3, "stop_reason": "Weight gradients converged", "num_hidden_layers": 3, "total_hidden_units": 13, "unit_combination": [4, 4, 5], "learning_rate": 0.9}