{"0": [[-1.2493133165691748, -2.459809441605019, -1.3913687147476366, -1.364538539653353], [-0.8517636785120682, -1.6481186124778193, -0.9131125249857671, -0.9245271465879487], [1.0490716443557693, 2.068712065167063, 1.179459099343138, 1.144606956829464], [-1.101861585418151, -2.1400362646813758, -1.2129027530122074, -1.184561277848806]], "1": [[-2.967498396810407, -1.7871739777273872, 2.3329087767842767, -2.4296163396041273], [2.0432135520293655, 1.2252612642022924, -1.6066995039581002, 1.693597472686681], [1.731046898575532, 1.026188519513472, -1.3488748719791852, 1.4198094994670332], [-0.6392133387525762, -0.3584982556810952, 0.49651453326124867, -0.493086096283457]], "2": [[-1.1758842482725385, 0.7252695310894328, 0.6048842336287801, -0.2146057044861882], [3.6966970717539165, -2.3106654166142118, -1.9155820157167618, 0.6674625911594032], [-2.7339374549273505, 1.7209091937726522, 1.3931039681575021, -0.4887107763360362], [-2.7902959310971434, 1.7385180643345417, 1.4501529754706743, -0.5101092211763889], [1.235062451143918, -0.7706202299359012, -0.6457257666152088, 0.22432422961245424]], "3": [[1.5364918279176996, -5.1202987352330505, 3.6615900900964458, 3.7500810955088686, -1.6247425397753144]]}