{"0": [[-1.761408871111641, -2.6812213846047106, -1.8084682805405903, -1.7727850164916714], [-0.3299569783695348, -0.4869505631939465, -0.33028124339561654, -0.3471139496347391], [1.2135339356636823, 1.7698823532507486, 1.20071917454003, 1.1775809352964701], [-0.5162740305162216, -0.7108701378835669, -0.4917835975134108, -0.5017338156716581], [0.6715026193004551, 0.95961334880311, 0.6340170541744877, 0.638211800037198]], "1": [[3.2081838613493296, 0.439070288402773, -1.7477589743552715, 0.6749866235458003, -0.9013566675634713], [1.8065588804302826, 0.27032587755722837, -1.0027908161687482, 0.3875842450593681, -0.5086591586128105], [-0.5232363684529908, -0.08479988461404472, 0.2608607095458457, -0.10072038170102042, 0.14958471772237064], [-3.8173384201215796, -0.5473091581496615, 2.078614253469185, -0.8054634308585767, 1.0732975782800265], [-0.6846077067947405, -0.10124451300431389, 0.3781449558478277, -0.16296346614058524, 0.18826761960077412]], "2": [[2.3787460742439426, 1.2925532091043734, -0.35091080302850286, -2.9393046215574063, -0.47865285371056626], [-3.344783143199167, -1.8118258011313546, 0.497086813988387, 4.152884427378768, 0.6880603521467294]], "3": [[4.1777825506161195, -6.136222416417142]]}