{"Train": 0.11354966699038155, "Val": 0.1134464879626636, "Test": 0.11335233233096803, "max_epoch": 3, "stop_reason": "Weight gradients converged", "num_hidden_layers": 3, "total_hidden_units": 8, "unit_combination": [3, 4, 1], "learning_rate": 0.5}