{"0": [[1.1608818327135808, 0.002279453931973197, 0.5545778060706317, 0.8460628859478646], [0.16910079993923477, 0.008180939373988703, -0.7340429399527952, -0.2703685778071871], [-0.8627267026514129, -0.007525161555021218, -0.811739445091021, -0.7811117214320872]], "1": [[-0.5465881528400486, 0.3274953533292432, 1.210077479274812], [-0.33606202479158626, 0.2046079941637645, 0.8610022442132054], [-1.2373004757997514, 0.556215085414092, 1.2700740124591696], [0.5405364093199161, -0.29490764853539486, -1.1878668220107398]], "2": [[17.7669119591057, 16.437378606337642, 5.718579913901075, -17.653720967389784]], "3": [[14.356222395492436]]}