{"0": [[-0.5319391902815452, -0.25811961739433553, -0.7124291646782591, -0.6405790602527929], [0.12308920411771965, 0.06821773044518166, 0.19138073378450668, 0.16921825178119004], [-0.45708761489212446, -0.23350485591596584, -0.6114336474507613, -0.5624711115054654], [-0.711470301607227, -0.36585466803659655, -0.9312673838690705, -0.8469293178308667]], "1": [[-0.39959025042522134, 0.09865215863488566, -0.32070093923150755, -0.5743869238382652], [1.1194287782945378, -0.2743487220692969, 0.9634353791773135, 1.5554354777307076]], "2": [[1.445777149884408, -4.424592179918753]], "3": [[-23.893772007035654]]}