{"0": [[-1.666878197894899, -2.206942110480003, -1.8225423032948842, -1.8071306313314384], [0.705845734129942, 0.9412941209070503, 0.7437977902515021, 0.7397511989208351]], "1": [[2.3717720329454246, -0.8809848634943717], [-0.5790678124758522, 0.10004303726492988], [-0.5698885500503748, 0.07494338073327395], [3.5411883958851686, -1.3257364562732805], [-0.23194929043841692, -0.04320824022712375]], "2": [[-2.4894884628938088, 0.8692996949004502, 0.8565340439322155, -3.783668480374098, 0.5704335022487426], [0.18811024098324086, -0.3092349002236473, -0.3090765798622613, -0.035443367939924156, -0.25582008508796594], [-0.45306256108207066, 0.521327987523873, 0.5050261556192954, -0.29585087322543985, 0.39844321834503604], [0.9044816849068799, -0.9346227113893175, -0.9339811103634623, 0.6500253392556975, -0.7240493468930517]], "3": [[-17.32666655632545, -13.781467377107104, 8.11427017702466, -13.289400050663694]]}