{"0": [[-1.4121307238824972, -2.7356900888795814, -1.5001668718922048, -1.4978432604955167]], "1": [[-2.890101155329567], [4.0577456690187494], [-3.9219392924287235]], "2": [[-3.022928353233074, 4.493757401251809, -4.307498054806352]]}