{"0": [[-0.2646273632376513, 0.3109461992227103, -1.3476067862448888, -1.668377775511609], [-0.0843410639117178, 0.05022150361470148, -0.2902132273285828, -0.34256519018848536], [0.22700165001476033, -0.2511779469258156, 1.2150712466260722, 1.3746253349828943], [-0.18394766715017571, 0.13384144040093454, -0.8599085154826954, -0.951392900612593], [0.4927043950682641, 0.42789932599603897, -1.2861921116822332, -1.4702202109195475]], "1": [[0.09396858999512951, 0.016074755020823905, -0.09309452674342429, 0.06889328377537174, 0.1359569103032577], [-0.38366141730913045, -0.08936077159927021, 0.29932748320556546, -0.22355255956837874, -0.4516481678843375], [-0.5598945848191168, -0.07022156204385273, 0.42899749539856435, -0.2608016595964657, -0.5499087204527293], [0.5963610254302315, 0.1523741116063046, -0.5796384381319002, 0.4223946269027625, 0.39455659911383234], [-2.5548766504464506, -0.3637892857785067, 2.0257171478972773, -1.2663411045960826, -2.826792559567069]], "2": [[0.0043052599872815565, 0.8383157531969718, -1.8170985356599758, 5.5213816347835625, -3.8552024248735925], [-0.0020732019017249046, 0.45800098122447996, -0.8743792664743336, 2.184234279010158, -1.3549633405406876], [0.01930098094436511, -0.21823129995383514, 0.24476125739811094, 0.16104092443094783, -0.41943322299612257], [0.14274618948986978, -0.20702004385902048, 0.6626100731227488, -2.3673371079145182, 1.9140081970115075]], "3": [[0.6514958449677131, -0.19969413832501814, 1.0700239599780774, -10.481219596972135]]}