{"Train": 0.1681368097491612, "Val": 0.17001781910068836, "Test": 0.17275772671154951, "max_epoch": 3, "stop_reason": "Weight gradients converged", "num_hidden_layers": 3, "total_hidden_units": 9, "unit_combination": [3, 1, 5], "learning_rate": 0.5}