{"0": [[-0.5820476233052435, -0.8911642886740863, -0.622601419038299, -0.6098779476136224], [-0.3566883980739662, -0.5608616899976363, -0.3954006914555031, -0.3890186942001263], [-0.17384347136123157, -0.30688218502910825, -0.1957651857210635, -0.20127475582307508]], "1": [[1.7634955807638406, 0.931798068095737, 0.4568357215183444]], "2": [[-1.0401356848545034], [1.5733314367601614], [-1.4807559737004232], [0.17371954094252917], [0.12113473356975475]], "3": [[-4.487791648104484, 5.230300682581886, -5.10328220926978, 1.1100164442104286, 0.15012558534745596]]}