{"0": [[0.6328782604450167, 0.18134416763343394, 0.7990259944723574, 0.7737026724886115], [0.5538886245348005, 0.16731329099928036, 0.6948181630752504, 0.7068521963311865]], "1": [[-0.7429116103176809, -0.6652120048143879], [0.45009650913063004, 0.3900468328160428], [-0.3538809223435841, -0.3058580798005967], [0.664959690331955, 0.5899391319868564], [0.7919906676318641, 0.6800702309232545]], "2": [[-1.0611791330195885, 0.6092761311044405, -0.4741694361480221, 0.935085061422192, 1.1162582287155125]], "3": [[-7.44475245675757]]}