{"0": [[-2.2287357975598225, -2.917759263782966, -1.6078461248334748, -1.8890489496575382]], "1": [[-2.60612893871045e-122], [3.505800570877715e-122], [10.321070430593357], [1.3569062838996514e-122], [-1.4648455657487826e-122]], "2": [[-5.254690907899232e-123, 7.068682639245991e-123, 6.134991012399885, 2.7359057362705853e-123, -2.953541768975261e-123], [0.010956435604265216, -0.014738748196865577, -2.8354938137130046e-120, -0.005704574359212458, 0.0061583622640180745]], "3": [[6.614230242190698, -2.816318556497715e-120]]}