{"Train": 0.16813606864473146, "Val": 0.17001707632202406, "Test": 0.17275697835631545, "max_epoch": 5, "stop_reason": "Weight gradients converged", "num_hidden_layers": 3, "total_hidden_units": 4, "unit_combination": [1, 1, 2], "learning_rate": 0.2}