{"0": [[0.18531479230861428, -3.516789057664666, -2.6011535899621334, -2.3945986452655807]], "1": [[3.1666853883426267]], "2": [[2.874803298823783e-21], [5.37951229621256]], "3": [[2.8749057272306873e-21, 6.8739753113253474]]}