{"Train": 0.16813677074617364, "Val": 0.1700177800097031, "Test": 0.17275768732744368, "max_epoch": 5, "stop_reason": "Weight gradients converged", "num_hidden_layers": 3, "total_hidden_units": 10, "unit_combination": [5, 3, 2], "learning_rate": 0.2}