{"0": [[2.839613311379955, 5.34660151757422, 2.734312368894878, 3.590748729772798], [-1.4156143488697375, -0.11879309000506037, -0.9739477036343323, -0.5791395622575434], [-3.3805607574139382, -5.72412217445583, -3.055101802423597, -3.9232227039915863], [5.572825370547415, -0.8729435180620353, 2.939654816476167, 1.625015102508306], [-3.5986586507113425, -5.429341723153953, -3.1147712416473308, -3.981328280722872]], "1": [[-0.2293657152785179, -1.2696079107819944, 0.10761082873368708, 2.092019035634057, 0.18481414189688175], [-0.48019422107972604, -2.517180110674387, 0.2974874923976589, 3.8052256120027965, 0.3187725478993017], [0.7819050259323218, 3.4031802084246836, -0.5355958102525376, -5.836266166997651, -0.6001267478660152]], "2": [[0.5943271555319921, 1.6722196683682582, -2.0641678733988282], [-0.48859711636195813, -0.7502596625803738, 1.2525577576140057]], "3": [[-8.632300133437337, -0.28738256977054955]]}