{"0": [[-9.023190588691532, -4.196917162535131, -10.789456578076885, -3.575238252653054], [8.05081905846344, -0.5543157326730678, -35.94928149438429, -7.719301129707057], [-5.41736408256223, -2.485825294144273, -6.376635180278243, -2.0652791327233415], [-8.103411476294509, -4.08600509852878, -10.571291186960538, -3.2170363973306557], [3.0492406201507745, 5.3351829987804225, 14.717676956801078, 1.816480841426914]], "1": [[-1.5070376069052684, 10.22413043304888, -0.752878368825311, -0.8771753351486936, -8.567503273343533], [2.3038555145215214, 1.268097160495107, 2.2796227444464683, 2.2969852355490805, -2.121724267088911], [1.725875419850046, 1.5864970898296689, 1.7636924395679852, 1.7101537638795394, -1.8367715207517772], [2.8130202107191598, -13.933348907323802, 1.7605607588163399, 1.9598115352579468, 11.103493433577444]], "2": [[7.2296860489069905, -1.0015715182324305, -0.17744092007859874, -6.782981559744881], [-1.0244705453351075, -0.4974270719005054, -2.7162598991240694, 0.5058947284254487]], "3": [[-14.676969502605496, 9.127172190320154]]}