{"Train": 0.16813680681398915, "Val": 0.17001781616505154, "Test": 0.17275772373602194, "max_epoch": 3, "stop_reason": "Weight gradients converged", "num_hidden_layers": 2, "total_hidden_units": 10, "unit_combination": [5, 5], "learning_rate": 0.9}