{"0": [[1.2717491505452323, 2.5935685924088103, 1.2905620748309576, 1.290701003996062], [-1.011190969585274, -2.030151762614064, -0.999201061993148, -0.9923940295184946], [-0.9650210976236617, -1.972325251951728, -0.9542893512635913, -0.9636407408257005], [0.9845448954171232, 2.012764716785259, 1.0021068195048783, 0.9749753935013872], [0.1463008279182085, 0.29019512046909085, 0.13874516773992696, 0.14600399408289993]], "1": [[-0.4967126244051906, 0.43369759241407246, 0.3891421117596787, -0.38849964493317835, -0.061950712788037376], [-3.169562281623266, 2.7481549941360623, 2.534714533246627, -2.533182321204085, -0.3762926442255774], [0.6291495902294636, -0.5452660716952589, -0.49079468239348295, 0.5020034345616354, 0.07769407409404203], [1.092836485799007, -0.9557120945123366, -0.8840381714426838, 0.8703393046972033, 0.123786489077526], [0.28060487834610814, -0.20982174815622498, -0.2043453931451214, 0.21090114310886954, 0.030194797789155257]], "2": [[0.9074609377690404, 5.742096452442994, -1.0081886157320648, -1.9817462017077547, -0.17893870715169533]]}