{"Train": 0.11354965957055713, "Val": 0.11344648052902571, "Test": 0.11335232489668255, "max_epoch": 3, "stop_reason": "Weight gradients converged", "num_hidden_layers": 3, "total_hidden_units": 15, "unit_combination": [5, 5, 5], "learning_rate": 0.9}