{"0": [[-1.2606484675174219, -1.4393756289904198, -1.1210644465563961, -1.1243186395479237], [0.9427940049615622, 1.0256466259797792, 0.8171592379488137, 0.7997700045358735], [1.0622646944348386, 1.2047626479449542, 0.9563758336365471, 0.9542943038108639], [0.2789789320709697, 0.31761003550213024, 0.2277418249680999, 0.23334586743263788], [0.9119152676572472, 1.002453314902033, 0.7683873933444025, 0.7938944209341234]], "1": [[-1.1580975745451672, 0.8088542527098476, 0.9340716243715929, 0.2355464149551008, 0.777301365891227], [0.47867219927296706, -0.35972021610790383, -0.4131519378986992, -0.10318480603954348, -0.3238230759487736], [0.2567178702205965, -0.1773359189348014, -0.21516137076631853, -0.055261502404134376, -0.18001411616139992], [0.6587943988384916, -0.45258064759249017, -0.5503471888575698, -0.1454371702796796, -0.4516287020874973], [2.2759369704401977, -1.581173373431329, -1.8626911929939465, -0.4394396714502835, -1.5302798967266236]], "2": [[-0.3135596366607144, 0.14947655505454815, 0.0780751639144246, 0.17995756528881698, 0.6096050556605239], [-0.5116959014855906, 0.21797274122642293, 0.10194762864285088, 0.28013306516517844, 1.0482759728314466], [-1.3339087768723656, 0.570096330513607, 0.2939290633724465, 0.7660978046991287, 2.7389896130122757], [0.8108724502443388, -0.33563260462523614, -0.1823644209367193, -0.4775033666074361, -1.6489809688946622], [0.9028255019347035, -0.37524681176050617, -0.21116105598475005, -0.5017759428668793, -1.8481032613498818]], "3": [[0.7299962849341208, 1.2212812407357818, 3.2371306737628203, -1.9403937715349557, -2.1682650255276683]]}