{"Train": 1.4245372370411995, "Val": 1.4233503538930057, "Test": 1.4248307070065969, "max_epoch": 3, "stop_reason": "Weight gradients converged", "num_hidden_layers": 3, "total_hidden_units": 9, "unit_combination": [3, 2, 4], "learning_rate": 0.9}