{"0": [[-0.432629443868828, -0.06259907128813688, -0.5259518144171886, -0.5323894859561843], [-1.4258135533826308, -0.15965322271852575, -1.8671504418367246, -1.9241668042765454], [1.25501573952591, 0.14230406892946812, 1.8298899370002064, 1.897156131969373]], "1": [[-0.30073258859159524, -1.729599051950827, 2.1187028847913885], [0.7484479607335829, 4.411462375275423, -5.476259419562084]], "2": [[-0.026301203616256603, -0.12539603382608427], [-1.9345867446834943, -15.715164816556173], [-0.1422598325558625, -1.2765398144634537], [0.06361995276397972, 0.6296814048535004]], "3": [[0.08431297557251305, 8.093746790315796, 1.343293789651302, -0.6913294511589533]]}