{"0": [[-1.8293980876599405, -1.3268193269924016, -2.137904094222677, -2.2093097303116584], [-0.23233665807887133, -0.1665935765479878, -0.23973855696641247, -0.2876504682182318]], "1": [[2.183636145480428, 0.23187909191138487], [2.021062787831096, 0.219478073516668], [3.3760624745300674, 0.3497076410943667]], "2": [[-2.2308317905926915, -2.0612339748396398, -3.531771636645178]], "3": [[-10.922112112406417]]}