{"Train": 0.16813680975548198, "Val": 0.17001781910717348, "Test": 0.17275772671838246, "max_epoch": 9, "stop_reason": "Weight gradients converged", "num_hidden_layers": 3, "total_hidden_units": 8, "unit_combination": [1, 2, 5], "learning_rate": 0.2}