{"0": [[-0.8883511392885285, 4.316757838057288, 2.718611628243611, 2.1492729294681467]], "1": [[0.062348218272822206], [-6.242292483794934]], "2": [[0.03749640592320013, -1.2801636700789136], [-0.013441341230488471, -21.047204131062983], [0.03253612380861058, -1.2239086036233782], [-0.03664941351497754, 1.2723799033264442], [-0.03529211815671796, 1.2126889240939005]], "3": [[-3.5736753980172877, -5.055488627664606, -4.3992585769652335, 3.7026778035416257, 2.7637598546271156]]}