{"0": [[0.2199160639449679, 4.060846576090984, 1.9032486336848156, 1.8613024585174418], [-0.30342485608873865, 3.3781222280249605, 2.3276784391400467, 2.388495768537058]], "1": [[6.997076619072054, 3.7429132835107333], [-1.7051268434235656, -0.6869660568600818], [-5.311490876316448, 1.1953154498969107]], "2": [[1.8163685082807235, -0.7562007835815766, -1.5361634784203544], [0.35672903853549814, -0.3369093174197706, -0.3379564718111824]], "3": [[-6.894725995855236, -1.3468826138117298]]}