{"Train": 0.14931111317891477, "Val": 0.14720019357709513, "Test": 0.14840922890162137, "max_epoch": 3, "stop_reason": "Weight gradients converged", "num_hidden_layers": 3, "total_hidden_units": 10, "unit_combination": [2, 3, 5], "learning_rate": 0.9}