{"0": [[1.886900410643048, 1.41869794768497, 1.6630238508112254, 1.6312026622990514], [1.062765644967946, 0.7410684514286061, 0.8642476586545406, 0.8418175494015033]], "1": [[2.8887206392861886, 1.124462100072313], [-1.436446322005609, -0.557242814374088], [3.515922697334295, 1.373110451678311]], "2": [[1.6958043242191088, -0.787170935933326, 2.2255681354886496], [-1.0271990420079145, 0.47307329454260644, -1.3446285241793825], [0.8783755563276401, -0.3839384331206443, 1.114169964465268], [2.0468291586741056, -0.9674544162757345, 2.6801519500340256], [-1.6198440767540752, 0.7314635553247935, -2.1215949564103367]], "3": [[-3.0619828614723095, 1.7862231482379016, -1.4844124717523715, -3.817178313996128, 2.898325449316556]]}