{"Train": 1.4758658901279251, "Val": 1.476182360976121, "Test": 1.4737142765018432, "max_epoch": 3, "stop_reason": "Weight gradients converged", "num_hidden_layers": 2, "total_hidden_units": 5, "unit_combination": [2, 3], "learning_rate": 0.5}