{"0": [[-19.504892579608903, -1.8926684131579097, -9.540902338243518, -9.785515147389544], [-7.072651740335808, -0.6344456518205212, -3.1506432790645404, -3.1852133561303013]], "1": [[-0.31849730352673733, -7.466092071515789], [-2.626576176862125, 0.6983042905922859], [1.0063171668687585, -6.441651391034177]], "2": [[7.1935778902672505, 2.6956215717928456, 7.236982748104649]]}