{"Train": 0.11354961614901192, "Val": 0.11344643698971998, "Test": 0.11335228140993255, "max_epoch": 6, "stop_reason": "Weight gradients converged", "num_hidden_layers": 3, "total_hidden_units": 9, "unit_combination": [2, 2, 5], "learning_rate": 0.2}