{"0": [[-2.01004428227995, -4.102034816424058, -2.1405699975606884, -1.882276627246336], [3.908718626507769, 7.843947136665291, 4.408449871177447, 3.8848310086178683]], "1": [[6.833778368162985, -5.3620393287434664], [-1.8481504853217674, 1.9684216421646945]], "2": [[-9.035768325752755, -23.16397765613702], [1.8070585680799127, -1.0944046218455468], [1.8480882184684848, -1.1532865153735432], [-0.509062107968246, 0.3032660245504002], [-0.164441124367346, -0.27364438104061906]], "3": [[0.6009922269688431, 3.9537822082042324, 4.40217070165507, 1.2404354040371213, 0.9492399113568959]]}