{"0": [[0.48010292303325475, -1.1114752283293028, -1.8599778173212813, -2.125246454105697]], "1": [[78.9016899521867], [-1.848569342478078], [-1.6014628004036928], [-1.7049695320476266]], "2": [[5.687264200617656, 11.775167007065026, 8.906187345533725, 15.54267197147389], [-1.7583351476568132, 2.658832386520542, 2.028280644732708, 3.4447011834555115]], "3": [[7.382768145344453, 0.3761263872947693]]}