{"Train": 1.4758647389331623, "Val": 1.4761812103206924, "Test": 1.4737131276406636, "max_epoch": 3, "stop_reason": "Weight gradients converged", "num_hidden_layers": 3, "total_hidden_units": 10, "unit_combination": [1, 5, 4], "learning_rate": 0.5}