{"0": [[-1.5948513209812787, -0.6240961460961605, -1.5875614674755993, -1.5891139000944159]], "1": [[-1.0824325737732985], [-0.45327921231720214], [-0.6769518826939148], [1.599189216415727], [2.779377016231763]], "2": [[0.05705212915587695, 0.029331956259440888, 0.04834206733598458, -0.04995606051283995, -0.06107685384679281], [0.6839808736542081, 0.3039829195865752, 0.4482654238393183, -0.9047125226144337, -1.36626557986599], [-0.06210219410586895, -0.015386347406033101, -0.03424666250251016, 0.13311446653743586, 0.30007523153649934], [0.9770305718843534, 0.39787624874146715, 0.5958885482035394, -1.504811966246421, -2.7823343143116]], "3": [[0.11881335320655792, 4.627929519588886, -0.15968241932685773, 2.730583805179694]]}