{"0": [[-0.5480115879155983, -0.14336394234116379, -0.5938177389817298, -0.5768283565636342], [-0.9524267890259764, -0.24569867595677478, -1.0815100818533618, -1.0549385928314892], [0.5644544716897119, 0.1449643557076221, 0.6234990194898176, 0.6068790516622026], [0.5152619138859643, 0.12393580468304942, 0.5844738270600036, 0.5508924311323073], [0.4340003614354478, 0.10466277343515167, 0.48052807184854235, 0.47058254029690477]], "1": [[0.6744084872881304, 1.2691799527066059, -0.7133500469114477, -0.6381202034483351, -0.53658831705982], [-0.36455786448067634, -0.6975431063285968, 0.36784198712128685, 0.3427360718189058, 0.3054832100106747], [0.3581515412359531, 0.6548215175334275, -0.3668730737770781, -0.33304740993082, -0.26536979050982334], [-0.22289921222221581, -0.4080746390466182, 0.2301266280956225, 0.22464563227057116, 0.17725618949404393], [0.5244879187050329, 1.03434761515926, -0.5576079903674374, -0.522413246904305, -0.4274796744305893]], "2": [[-1.8648532500149142, 0.989573751420039, -0.9408764721261842, 0.5943728322967365, -1.4798336350581087]], "3": [[-10.626329186200612]]}