{"Train": 0.14931104724247996, "Val": 0.14720012778341307, "Test": 0.1484091629802126, "max_epoch": 4, "stop_reason": "Weight gradients converged", "num_hidden_layers": 3, "total_hidden_units": 8, "unit_combination": [2, 4, 2], "learning_rate": 0.2}