{"0": [[2.291354410048102, 1.749708877251001, 1.1450880937712318, 0.8876621662941317], [2.348241180640829, 1.6659630485884185, 0.9959579893889647, 0.697555270106308]], "1": [[0.6888290009953281, 0.555143690333053], [0.6990325319106746, 0.5780074790629155], [-0.6744970966548752, -0.548347270114339], [0.5497640803053411, 0.4938332348164956]], "2": [[-1.121698594608148, -1.1445676484753948, 1.1079848467230946, -0.969698274202971], [0.43547399463875874, 0.44603867216687476, -0.4183271702927746, 0.3939585118228438]], "3": [[6.4284234972395495, -1.9320422024443586]]}