{"0": [[-0.4163149334791507, -0.027851697959084046, -0.5878699359273034, -0.5659761808660119], [0.27604800889661507, 0.027891223547005874, 0.3809013767768077, 0.36027762666414054], [-0.154878853794838, -0.012972498774049006, -0.21141109663192525, -0.21656425953087022], [0.4975744189834257, -0.1053869473894743, 0.958062942526685, 0.9338508384309004]], "1": [[-0.42028905245470205, 0.23922247157611046, -0.133756488458545, 3.0473304905966625], [0.06309925050787397, -0.028223426849672266, 0.021162626914981296, -0.43199767237308423]], "2": [[-2.5568940958709216, -0.6891485999978626], [-5.4721525942639335, -1.2016175044491668], [5.337498540871541, 1.1853074666872006], [0.5479895855010611, 0.0926641135889298]], "3": [[-0.4329879138358922, -3.814265198389892, 3.9783649158394994, 0.6885691521517615]]}