{"0": [[0.36843723488389146, 0.7477886400097854, 0.45697073810109373, 1.1139859190046948], [0.22775938475835483, 0.6640811358993098, 0.3005466117142747, 0.8942635851084251], [0.3142004485474485, 0.7161390806443624, 0.3971794377746076, 1.03241839149817], [0.018228524377630527, 0.5092074136724383, -0.005328301725748759, 0.49553010253504143]], "1": [[1.719783443807938, 1.5340244704929593, 1.6501212077266796, 1.161820872474098]], "2": [[-6.316944310813354]]}