{"0": [[0.1935247847646329, -0.9133389741325428, -1.643536334737043, -2.102557596733437], [-0.1804435715703349, 0.9887541137377253, 1.7171866891102026, 2.2283678604379364], [0.15539174565275343, -0.705970008087698, -1.1895646484195215, -1.5467470167223687], [0.4568924360226115, -1.2070075670896572, -2.192688414810664, -2.7085031605121372]], "1": [[-1.0487251029983222, 1.1390244784523036, -0.8399917217245321, -1.218647993820048], [-0.4360655033913692, 0.4258504052725799, -0.3699568193881153, -0.4564406266652676]], "2": [[8.93874169876401, 4.803636925041713], [-0.9982243467092574, -0.8382019941823701], [0.8260704882216696, 0.5656753557350581]], "3": [[-7.416189561095276, 0.23570222225229678, -0.9276939594377929]]}