{"0": [[-1.2029977816274449, -2.309355994444043, -1.1357410406276078, -1.1256243573833375], [-1.3529651312213389, -2.6754669170963883, -1.3028541243209917, -1.3292775437618485]], "1": [[3.4673987064766196, 5.213221287556568]], "2": [[8.105219048108339]]}