{"Train": 0.1493111131799206, "Val": 0.14720019357809816, "Test": 0.14840922890262595, "max_epoch": 6, "stop_reason": "Weight gradients converged", "num_hidden_layers": 3, "total_hidden_units": 11, "unit_combination": [4, 3, 4], "learning_rate": 0.5}