{"0": [[-0.48039990993798193, 0.15558136095686, -1.0090216850593805, -1.070349457219319], [0.7436464283101202, -0.21886147911837983, 1.52897668619777, 1.5967548929080795], [0.7915987458509381, -0.25525243453907764, 1.606239765495045, 1.6958400985326463], [1.1190633312964808, -0.3466102981907255, 2.165364970340332, 2.2815363258237675]], "1": [[0.414241712770571, -0.40960512517708403, -0.4137655089934068, -0.3534816293976961], [0.4574615305106504, -0.8262713131148618, -0.8503495624237556, -1.3380072384073862], [-0.674341663821373, 1.101097045802976, 1.168017625852145, 1.703058585934838]], "2": [[-0.013314072017981788, -2.682974506644979, 0.7624153231175217], [-0.6251594519132274, 1.7152855816162749, 0.2377191175364018], [0.9163120073090356, -3.8241529409261292, 1.0674300027821164], [-0.6710018064930402, 1.8392841744035713, -0.3536803878675045]], "3": [[-7.8200416930967505, 2.648961511513495, -1.4849815267298974, 2.140433123497972]]}