{"Train": 1.2297052770749552, "Val": 1.228038735372315, "Test": 1.228564000150189, "max_epoch": 5, "stop_reason": "Weight gradients converged", "num_hidden_layers": 3, "total_hidden_units": 8, "unit_combination": [3, 4, 1], "learning_rate": 0.2}