{"0": [[1.3285319768575237, 1.1779987454535, 0.40054462838698857, 0.43919685515424967], [-2.2779612033047534, -2.0560882887076652, -0.8224131054404189, -0.8382594649372704], [14.505099289154652, 19.213817059878306, 14.288273697211366, 14.606260276335421]], "1": [[-0.37737547124206383, 3.4339156993572235, -5.637278896954765], [20.906058551997273, 6.232491007664988, -31.01230144087777], [-2.801639376160851, -3.083023046362486, 8.210970954072877], [-2.66542739523129, -2.5599593978636928, 6.871419219420833]], "2": [[20.680567211989725, -10.60532906738016, -15.731998139826938, -10.07435721155901]], "3": [[-1.2722261458155]]}