{"Train": 0.11354966698769807, "Val": 0.11344648795997375, "Test": 0.11335233232827993, "max_epoch": 10, "stop_reason": "Weight gradients converged", "num_hidden_layers": 3, "total_hidden_units": 9, "unit_combination": [2, 4, 3], "learning_rate": 0.5}