{"0": [[0.520843869699039, 0.8824014400019301, 0.6571320945538907, 0.5729078679178982], [-0.9690823020862198, -1.6620767720450158, -1.2199948783110752, -1.0565717218393482]], "1": [[0.27375019635295766, -0.7981764439019279], [0.026258981075440956, -0.17759281926893633], [0.9190505330031539, -2.143786743698223], [1.010225542504765, -2.4055907027921943]], "2": [[1.7584436713486364, 0.8608900848842019, 1.870324955612015, 1.8275298037275993], [-0.7648301412930972, -0.25804742383771717, -1.84967456318049, -2.1083017632272663], [0.7023407666212113, 0.23095750217366967, 1.7167554017335955, 1.9697397847925366]], "3": [[7.4931489407907845, 10.410540603549945, -10.156984729101483]]}