{"Train": 0.16813549264080785, "Val": 0.170016499015792, "Test": 0.1727563967182206, "max_epoch": 49, "stop_reason": "Max epochs reached", "num_hidden_layers": 3, "total_hidden_units": 5, "unit_combination": [1, 3, 1], "learning_rate": 0.2}