{"0": [[3.6853155441054293, 12.010696371740536, 19.12333607199183, 15.5762678328751]], "1": [[-0.02719964408090536], [0.009433617653660173], [-12.53258044581236]], "2": [[0.02719903261194411, -0.009433583405698675, 10.287766319795697]], "3": [[6.58614089989078]]}