{"0": [[0.8683056255336038, 0.2702228758779105, 0.8474052385122386, 0.8299770879928134], [-1.101331060888708, -0.3430190609635405, -1.0754017699902978, -1.0571942951800115]], "1": [[-1.5732477900076454, 2.0845553362404248]], "2": [[0.7269795734332182], [-0.3189451943451905], [0.2401298609106877], [2.1616163694605213]], "3": [[-4.090221463588214, -7.385174773316139, -1.943636897700994, 9.735585162586792]]}