{"Train": 0.14930557377658688, "Val": 0.14719466123727035, "Test": 0.14840369863550565, "max_epoch": 49, "stop_reason": "Max epochs reached", "num_hidden_layers": 3, "total_hidden_units": 10, "unit_combination": [5, 4, 1], "learning_rate": 0.2}