{"0": [[0.6629878724930394, 0.09957681909838248, 0.48192037312328934, 0.7477932284780291], [0.13764175541820578, -0.016208092514882713, 0.11683678931104151, 0.13299200036506242], [2.8561915394717445, -0.3788031118801733, 1.984764140756241, 1.6874567501955229], [1.0560309523229332, 0.053801781738443584, 0.7876739852121889, 1.011940048286054], [1.9038691174204811, 0.02640630271640933, 1.4096165260004316, 1.5763919564018427]], "1": [[1.0027185634192972, 0.10926800503309023, -0.2847300544260659, 1.0680228424091345, 1.2480963241055385], [1.6615012844239538, 0.17942160854956127, -0.23226175378577235, 1.969804248305609, 2.625225048776559], [-1.758745951520401, -0.19355861430147767, 0.5205173706889556, -2.0085475441517775, -2.4436996843838252], [0.6555131276166265, 0.16278734982513304, 0.19938698823547107, 0.8291221973506614, 0.941301786588374]], "2": [[3.8687377228792457, 3.5459610977645064, -3.040547136569639, 1.4730048630295456]], "3": [[-5.890849481941475]]}