{"0": [[4.927123076187284, 5.6911168885109955, 2.931836445269857, 2.883681008552446]], "1": [[5.748037230642162], [-0.01182316120711027], [0.005572274345445421], [-0.008797825280227644], [0.02510707832423112]], "2": [[-0.2320916215035223, -0.0008706974501668584, 0.004564414349593103, -0.0004911270171379035, 0.0064424360898839095], [1.926545728719582, -0.002417163127378095, 0.0016200105565665711, -0.004509110880498744, 0.011620862464735874], [-0.7101089930324679, -0.010064951243541943, 0.002933505337491721, -0.0062010739961474385, 0.016319593694049395], [-1.7319073381914853, 0.00397617485987163, -0.004237287078950138, 0.005748487712469107, -0.01734027111202833], [1.925521807078614, 0.00133291716507971, 0.009601973977175549, 0.002037147922319508, 0.008439815121856356]], "3": [[0.37571060484981567, -2.876999840373696, 0.28774169163427216, 2.715598609925564, -2.8961409205862396]]}