{"Train": 0.11354966697075898, "Val": 0.11344648795894957, "Test": 0.11335233229660524, "max_epoch": 10, "stop_reason": "Weight gradients converged", "num_hidden_layers": 2, "total_hidden_units": 8, "unit_combination": [5, 3], "learning_rate": 0.2}