{"0": [[-0.8033899543691583, -0.06213036817272221, -0.49570921569045195, 0.03934602212956625], [0.7848572699770912, 0.08185028638460756, 0.48587837409940093, -0.046054916458181945], [3.3835722009411007, 0.8503360378871281, -0.08826978885965747, 1.3699578891070527], [0.16583635233913216, 0.0018786160911688334, 0.14093424756645226, -0.01795184755111946], [-4.208172530238716, -1.033108705681333, 0.21280970102063337, -1.569540911042537]], "1": [[-0.33307056275373853, 0.32247523152700097, 0.6563723819192491, 0.10039255268444937, -0.8439132315883031], [-0.5741900302748008, 0.5674596365956669, 2.1973982952286377, 0.1442523218083581, -2.6018730694081103], [0.5795779601375053, -0.5604162108680797, -0.8861839096332502, -0.1465579978069406, 0.8444074327247212]], "2": [[-2.599228633951976, -10.310152454236198, 2.7795534505662793]]}