{"0": [[-0.39214843446664305, 0.04908103302445316, 2.0788878789438328, 1.723000205715453], [0.04382924288255077, -0.007295451836710202, -0.1446975492139969, -0.14656645199367518], [-0.07986118998474838, 0.009385946146794376, 0.26067266702371367, 0.22493340741653287], [0.36810308334615854, -0.033869026832571626, -1.8344233738005549, -1.4942252947099408], [-0.10029895122075913, -0.005212256173674641, 0.3275069645366032, 0.28955543052584526]], "1": [[-1.1007397756633959, -0.3910251496651724, 0.5998547093494577, 0.9667286660621929, 0.7355020620931074]], "2": [[-3.6466212202184045], [15.447152340652613]], "3": [[-6.010683983589673, 0.6997846709674606]]}