{"0": [[1.8577387219223283, 2.3723832295905423, 2.06492015661618, 2.0555053050179546], [0.48829354025236593, 0.5874199457571081, 0.5316798553376378, 0.5095157413757172], [-1.2814913273831492, -1.5963134879223966, -1.3827909600659685, -1.3677413545503925]], "1": [[-0.15002230619406984, -0.018239817585828395, 0.08846278522081397], [-2.849937577291554, -0.6053345030225082, 1.723972181674356], [0.9843703600316116, 0.21921519515151736, -0.5922151708459094], [2.0051427369554067, 0.42468849240123285, -1.1826752372648153], [3.440022162554824, 0.7398207145526186, -2.068597461906398]], "2": [[0.156828282985973, 3.1761851994816586, -1.0721268384062166, -2.1818886748397297, -3.9015576127406018], [-0.04135489983285153, -0.9658663019423575, 0.3178524949684967, 0.6597251792875422, 1.1655963423199518], [-0.057525231026522815, -1.090377165864239, 0.3554891722147648, 0.7440548442076932, 1.336327867152834]], "3": [[5.796112500108932, -1.6847718054933187, -1.9173408408013728]]}