{"0": [[-1.152451878310884, -0.7260551042027301, -1.1244283696757602, -1.06353146877497]], "1": [[0.06865225755816833], [-1.6744117122383093], [-2.6974312397020888]], "2": [[0.01982980216724199, -0.7074972824857478, -1.4735194189380318], [-0.03566967471252973, 1.244913169503025, 2.598000738827568], [-0.058445747607746665, 1.2135150182670031, 2.5520380052919287]], "3": [[1.8669868707114126, -3.9066969048058606, -3.79387942132996]]}