{"0": [[1.5842124374308553, 1.5684192246893034, 1.7059048717360525, 1.7102242824562597], [-0.3508300991324554, -0.34530957383901484, -0.3937669063990283, -0.37865994339013986], [1.3586579239937897, 1.320247678781494, 1.4485987182612834, 1.4476836174403374], [-1.0649814358526541, -1.0403438386981605, -1.1426387089432264, -1.1266449438220123]], "1": [[0.2538490224244063, -0.0355513227830678, 0.21601542323529851, -0.1474728729874433], [0.05388544463407039, -0.0024191059681397064, 0.05388322634205775, -0.03748405368875708], [-3.250492965794131, 0.6429449123703939, -2.6261816273851726, 1.9896688391783799], [1.0895647565728819, -0.22558227049139962, 0.8913456281302509, -0.6717388458616566], [-1.5362754209653526, 0.3008100114865355, -1.2296475553705561, 0.9364164361657432]], "2": [[-0.3646575553519218, -0.08563854667953522, 5.247888518130087, -1.5926932203803512, 2.2411722113893573]], "3": [[19.7641373356269]]}