{"0": [[6.540871866434033, 8.81832179483357, 2.0426773269660004, -1.0372190645006543], [6.547889997384797, 8.240354916073223, 2.3435155526514357, -0.8274830967512579]], "1": [[0.010470663298634905, 0.031382458371146435], [-0.9911489759424753, -1.3405326910650297], [1.5644634629935439, 2.4288211886689965], [1.989162793240569, 3.3171418643772133]], "2": [[0.04503302638040774, 0.7398100047965237, -0.8530027354687147, -0.8161581324739098], [-0.010812764004984276, 0.7015709545088329, -0.7126203820950271, -0.15039994577027282], [0.09898477583045696, -0.550033252392724, 0.5258639599934355, 0.7327041297331479], [-0.002107084926097879, -0.5732120689341532, 1.3985394194768073, 2.6208909940650424]], "3": [[-0.38254197989652167, 0.21354067325203255, 2.466726173968108, -12.59041570649801]]}