{"0": [[0.49047651108167206, -0.5081402277011016, 6.886700946711405, 3.377335780839691], [-0.3376954061567386, 0.3626616506987446, -5.315098933178225, -2.6609183713887865], [0.17929166523821283, -0.04752509219747039, 2.326813259133991, 1.2018072824715662], [-0.280234062062183, -0.3218127940555602, -0.8985232512820343, -0.5719810380510443], [-0.30086908938437235, -0.22656096983409288, -1.5838611920892254, -0.8898834003741445]], "1": [[-11.56860883278728, 11.546584938578205, -10.516615457392064, 6.554704552062944, 8.139280484774725], [-7.981958274603653, 7.99436712874843, -7.2373125543669214, 4.526220028055773, 5.593468790418775], [-8.007589822024903, 8.016212572310046, -7.2759347266258425, 4.544187317355242, 5.602595425041366], [-2.670342798075114, 2.7874925963997956, -2.429235978650317, 1.5037121003279688, 1.8231232797426598], [1.602149446304724, -1.3271050717361912, 1.4636510105994225, -0.8507632323216191, -1.2140865139407202]], "2": [[26.697904284961897, 9.189940770407775, 10.545181918454107, -48.37438734386414, -59.541408481741094]], "3": [[12.679399978422401]]}