{"Train": 0.16813680856213897, "Val": 0.17001781791125917, "Test": 0.17275772551313193, "max_epoch": 3, "stop_reason": "Weight gradients converged", "num_hidden_layers": 2, "total_hidden_units": 6, "unit_combination": [3, 3], "learning_rate": 0.2}