{"0": [[2.0998899664003594, 0.8288856173050534, 1.0301527719313013, 1.2196068170091932], [-4.724168167705887, -1.1078121424814107, -4.716689027145467, -4.732947088268003], [4.672542320785411, 2.377557665697254, 2.557196309439358, 3.9747270213677375]], "1": [[-1.2911272308900015, 2.734166013624964, 0.22617722602301527], [-0.6798938932592015, 0.962810788368815, -0.5073201138461803], [-0.8962760120589276, 4.207944835330266, 0.5556995884020706]], "2": [[3.596995591405444, 1.5077096708776634, 5.032667207298179]]}