{"Train": 0.11354966699057659, "Val": 0.11344648796285932, "Test": 0.1133523323311632, "max_epoch": 3, "stop_reason": "Weight gradients converged", "num_hidden_layers": 3, "total_hidden_units": 9, "unit_combination": [1, 4, 4], "learning_rate": 0.9}