{"0": [[1.3243571004006298, 0.9738985286545025, 1.3645346083859504, 1.3479390092206163]], "1": [[2.370886717789717], [-1.0710680437547], [-0.12095464120542632], [0.7857700881308722]], "2": [[1.546217792480193, -0.7503115337616443, -0.12114331415840841, 0.5540376215022634], [-1.577587409909706, 1.5243702026106805, 0.3108926348753195, -1.3208130736753712], [-0.18727370067306448, 0.12103329161034751, 0.019593894618233517, -0.1070409039687813], [1.8020111611662897, -0.887753678544931, -0.13362576628791095, 0.6838703256839316]], "3": [[-10.515714174583767, -5.702864760920611, -0.0647869452411837, -10.871232124855231]]}