{"0": [[1.433139773047149, 2.0668008749839726, 1.2419524461348563, 1.2467982635255446]], "1": [[-4.909170589659984]], "2": [[8.171526557511532]]}