{"0": [[1.2521152641872717, 1.4802367220990222, 1.3299044245194858, 1.1907307840278978]], "1": [[-3.2002534269024445]], "2": [[-4.0065061368803265], [3.823436364039103]], "3": [[-2.605040277690777, 16.980093341042764]]}