{"Train": 1.4629414701974988, "Val": 1.4611521794794566, "Test": 1.4617260786831108, "max_epoch": 12, "stop_reason": "Weight gradients converged", "num_hidden_layers": 3, "total_hidden_units": 5, "unit_combination": [1, 2, 2], "learning_rate": 0.5}