{"0": [[1.2493212341134845, 0.1587107595129544, 1.0738116076697706, 1.0125770547059514]], "1": [[-1.856341953611104], [-2.072720541405636]], "2": [[-2.453165983352937, -1.5952536770631016], [0.5192677541305396, 3.1328918182500702]], "3": [[13.281669506144382, 4.44307446127245]]}