{"Train": 1.462941541280562, "Val": 1.4611522505251924, "Test": 1.4617261497432608, "max_epoch": 11, "stop_reason": "Weight gradients converged", "num_hidden_layers": 3, "total_hidden_units": 12, "unit_combination": [4, 4, 4], "learning_rate": 0.5}