{"0": [[-1.961438663983394, -0.30588272345447626, -2.287406481759403, -2.091843791585792], [2.79293551147573, 0.7606646952706889, 2.691858199955687, 2.619432688979289], [-0.24992044031784552, 0.015640216774999948, -0.4380372633672621, -0.3788891909727444], [-2.3281966618925605, -0.46834941217843457, -2.5807840212894244, -2.397756910943061]], "1": [[-0.4462786681229527, 0.5598988694447905, 0.3023161656893732, -0.5345367947850423], [0.33038474503425935, 0.06150595239722892, -0.459261489458815, 0.24443613461372482], [-2.1600994651509318, 2.4932890133062533, 0.7354631358431537, -2.419305370472285], [-92.35378704300459, 108.09367470087803, 31.621391655627594, -103.84036218174745]], "2": [[-3.265285534528775, 15.934520813838454, 6.751323698915254, -31.332747483366237], [1.8951293545754408, -1.877160213886202, 1.9118821690295034, 2.029902446845843], [1.620994137678411, -1.4210989174175699, 1.711226056851133, 1.6311993742694368], [-3.0937093826180333, 3.0522788476390077, -3.1293509831845285, -3.3008486998045186]], "3": [[17.710732926801427, 12.930941198494095, 12.971312824854866, -7.237594534205938]]}