{"0": [[-0.7569363543215867, -0.9693474585095455, -0.7015016996191605, -0.7095558451918927], [-0.6688469771534515, -0.8990333785825455, -0.6358548925696442, -0.6507286303505769], [-0.3421314509232293, -0.44061114135386503, -0.2890263276298518, -0.31012051215715497], [0.4254866564576977, 0.5467242635462832, 0.3622827862768751, 0.3741890988838778], [-0.7473521063268067, -0.942316253798351, -0.6800049903890172, -0.6987906482105523]], "1": [[1.3831452489261904, 1.2547502732304245, 0.6004358388827337, -0.7388870711841371, 1.364954215264305]], "2": [[10.38785513092108]]}