{"Train": 0.1135496669826853, "Val": 0.11344648795494741, "Test": 0.11335233232325975, "max_epoch": 4, "stop_reason": "Weight gradients converged", "num_hidden_layers": 3, "total_hidden_units": 9, "unit_combination": [4, 3, 2], "learning_rate": 0.5}