{"0": [[0.291150484883475, -0.06353315628559648, -0.3214789696944657, -0.16211405599933312], [0.8148400744741023, 0.44371209617620033, 4.960528643686696, 4.39832628244471], [1.2379369463120748, 0.4430330667704032, 4.061384989675574, 3.853244186847498], [-15.611948375915098, -0.11567440299584712, -4.988524740537843, -9.54335170842683]], "1": [[-0.3240816940095107, 3.683867278711698, 0.13159937511947464, -5.74502528883182], [-0.005594423347246957, -1.1326780057728851, -0.3121938699216836, 1.634130312390284], [-0.35504439923529646, 3.7351049975837047, 0.27916678979697546, -5.619815794480439]], "2": [[5.2022896494689395, 1.193271420352876, 5.52620350601908], [6.067245770195217, 2.6896682500908202, 6.239028330017436]], "3": [[-8.127882187863925, -4.438205454264578]]}