{"Train": 0.11354564368421438, "Val": 0.11344245408416558, "Test": 0.11334830274436117, "max_epoch": 18, "stop_reason": "Weight gradients converged", "num_hidden_layers": 3, "total_hidden_units": 8, "unit_combination": [4, 2, 2], "learning_rate": 0.2}