{"0": [[-4.003248876537536, -6.292373611917216, -2.47510225149348, -0.7446131160436181], [-0.9377812886763497, -3.5156405428588733, -1.275935210607245, -0.8770483161188871], [3.8414264576902912, 6.0676213247440565, 2.398045196595833, 0.7330808622600785], [-1.417049740218339, -4.939214218087296, -1.7426202349891715, -1.1090368225172316]], "1": [[0.9893462663588309, -0.024798491599881938, -0.9713714726583855, -0.022281804208587174], [-3.031875349789979, 0.9837350948604207, 2.9252464759446193, 1.1674088249678307]], "2": [[0.46756546008890976, -1.2711846935282138], [-0.19762593648592167, 3.918874839948786]], "3": [[-0.3870629347612614, -6.363022879769781]]}