{"0": [[1.5638521119747686, 1.5506876197450774, 0.9551225281028144, 1.174455459288439], [-0.6758082063533402, -0.6107973312887817, -0.5885036991425062, -0.5263091337426017]], "1": [[2.7417144837062555, -2.0360416575570732], [-1.1407271527718796, 0.29914057990536874]], "2": [[10.021923592906589, 0.6915798240754493]]}