{"0": [[1.3431435225688422, 3.307575197556725, 10.203044927478091, 10.164146074236017]], "1": [[-15.0572568930943]]}