{"0": [[-0.3049542209227324, -0.10043918876119513, -0.5806679170694863, -0.5952862092289406], [-0.34518716787378534, -0.10331121610449952, -0.635484505746494, -0.6674374912814802], [-0.6208008566435901, -0.16554374061134736, -1.0904561820831986, -1.1118911912484268]], "1": [[0.7163094181512126, 0.8140952341194426, 1.535786394132039], [0.5960621897185499, 0.6632516387498446, 1.3257272552239607]], "2": [[-3.370390256620469, -2.647917853058047], [-2.0768077711136996, -2.0861367240741187]], "3": [[-21.9138960672757, -7.064093986043877]]}