{"Train": 0.16813676796491892, "Val": 0.17001777729321244, "Test": 0.1727576837694699, "max_epoch": 3, "stop_reason": "Weight gradients converged", "num_hidden_layers": 2, "total_hidden_units": 8, "unit_combination": [5, 3], "learning_rate": 0.5}