{"0": [[-0.007410553931181184, 0.150541097526388, 0.006627811286841753, 0.025038692675575347], [-0.014822962435122105, 0.28337286252058747, 0.06179834915824574, 0.06357236438416013], [-0.031334573949732596, 0.38312937434296257, 0.09391864050382662, 0.09874928513178824], [-0.009632070073993484, 0.19291057751495239, 0.015716037993715428, 0.053177968441034035], [-0.36174818410711834, -1.43714248907035, -0.6209466584012461, -0.6741558052290852]], "1": [[0.2731003592129101, 0.5088855793035383, 0.729731650317117, 0.3416386507697047, -3.096976931927037], [0.16466922664494293, 0.41795136263869037, 0.5155120409965149, 0.30977897194335413, -1.634972140498889], [-0.06738693321298342, -0.11822425655968284, -0.09737161460733947, -0.11115633440809802, -0.1388264555467427]], "2": [[-12.321702218618661, 4.471940189109434, -1.1557647015819774]]}