{"0": [[-3.2146905859223622, -5.805485003516943, -4.307324759091313, -4.1983799359477825], [-3.108873519758956, -5.693490499006117, -4.125971192940577, -4.034518362314546], [1.5060303103678352, 3.2777628120778846, 1.553860887102847, 1.51686123650768], [47.86460795011952, 165.35937477732415, 84.28362018301732, 81.24098026862342], [3.25985540936307, 10.643595340955299, 5.546537325159143, 5.337469333360806]], "1": [[-15.619194993699466, -14.994377819787061, 7.660062602637201, 5.930613830262132, 4.24656131422103], [13.546074630654193, 12.943215731408511, -5.200732597528456, -5.86719351156788, -3.618001573823129], [-15.853040962535868, -15.418509989951897, 10.988666746314275, 4.353791283528208, 4.4688765858155675], [-0.663331637314379, -0.5390559606665708, -5.083804072445461, 1.6381005783147529, 0.1313931624081367]], "2": [[-17.338355278909567, 16.87961703962058, -18.547039274256296, 26.045824150946913]]}