{"Train": 0.1493110965834246, "Val": 0.14720017700436927, "Test": 0.14840921232835505, "max_epoch": 3, "stop_reason": "Weight gradients converged", "num_hidden_layers": 3, "total_hidden_units": 6, "unit_combination": [3, 1, 2], "learning_rate": 0.5}