{"0": [[-1.0903365963321865, -0.4943492180365245, -1.2460588671525825, -1.2263555550698482], [-0.09964300297586412, -0.051887974473771074, -0.11352956864202365, -0.11936971378683647], [0.11508868034516391, 0.04465515648660683, 0.11625039966536457, 0.11713295797207025]], "1": [[2.3593949969171666, 0.199338910509598, -0.20525790472540062]], "2": [[3.111127139314068], [-0.1681724155291582]], "3": [[8.368340006850223, -2.8686037906006887]]}