{"0": [[-0.4588320599065262, -0.5150574606351839, -0.42275101513638363, -0.42194573844828603], [0.8462707036473035, 0.8925473185773286, 0.7338849055837892, 0.7802038696946566], [0.2617240556429178, 0.27869351594763975, 0.22448442960375473, 0.25057789971204514], [1.0556034386085122, 1.145914735024666, 0.965807200720261, 0.9752425524813432], [0.25268822617580156, 0.2711408446082209, 0.22461196932558536, 0.20828869959420152]], "1": [[0.7280129636552873, -1.351380125774689, -0.4083211435747636, -1.7805172041847785, -0.3765416924992312], [-0.12545822451902483, 0.20161376099392542, 0.06387837772194188, 0.22265472659473395, 0.06509742778080989], [0.5693216073329774, -1.0152475479447618, -0.3065344665083279, -1.3447834251864685, -0.29711005640625404]], "2": [[-1.5463398281253427, 0.069195622551903, -1.1658292664818424], [-1.1791550854469075, 0.22820603335972986, -1.2579770034385884], [0.6137369686200208, 0.010641498046218799, 0.33303506601270033], [2.926687398519802, -0.5119111712362674, 3.06890689990769], [0.571958423182273, 0.028978795833081005, 0.2741201352982665]], "3": [[-2.485718480096919, -1.132949975725444, 1.8415867720351424, 1.1405353070268598, 1.8195961387047217]]}