{"Train": 0.14931108853522196, "Val": 0.14720016893865714, "Test": 0.14840920411392058, "max_epoch": 3, "stop_reason": "Weight gradients converged", "num_hidden_layers": 3, "total_hidden_units": 9, "unit_combination": [5, 1, 3], "learning_rate": 0.5}