{"0": [[0.6255112172365378, 0.14553889139305126, 0.5630988531117805, 0.5662751697820301], [0.3804510823710371, 0.06632636169625543, 0.33406231564624717, 0.3309477816725349], [-0.20588908383357926, -0.04139272227128056, -0.18277083054166815, -0.1585398281866272], [-0.034582323846325695, -0.000984302473894459, -0.05385656902553358, -0.020925066605122142], [-0.8005044917705337, -0.17941441709718262, -0.7347082910690601, -0.7484777092424395]], "1": [[-1.1021502446451892, -0.6219477988216932, 0.3220265190897633, 0.0618834998537332, 1.5305086805373496]], "2": [[1.9780370490656898], [-0.8414325838647945], [-0.04316284736390391]], "3": [[5.916207966098227, -4.472999620322163, 1.78110251743921]]}