{"0": [[-2.9970273725785765, -1.6403492134340432, -1.9090653097642556, -1.8755291098476028]], "1": [[-0.8765579373841453], [0.004213864382587644], [0.006329410996320575], [-7.50531956079327]], "2": [[-0.7623422590473075, 0.003218173636882772, 0.00557331515037259, -0.09292647491963874], [3.5075229547268028, 0.07219382687203231, 0.06438724188162687, 4.974377418382776]], "3": [[1.320648377571703, -7.628991156726603]]}