{"Train": 0.14931111317961512, "Val": 0.1472001935777884, "Test": 0.14840922890232291, "max_epoch": 3, "stop_reason": "Weight gradients converged", "num_hidden_layers": 3, "total_hidden_units": 9, "unit_combination": [3, 2, 4], "learning_rate": 0.5}