{"0": [[0.9812603474885745, 0.39753249636800475, 1.0097777480407608, 1.0221977393496229], [-0.9164144502147302, -0.3616203738113796, -0.9469031653633821, -0.9459401589446523], [-0.5567228699869178, -0.21893348978829305, -0.5701625852261966, -0.5585069962028864]], "1": [[0.35434968864403926, -0.33016087235990726, -0.18652807049730846], [-1.8639617013398397, 1.7183461582476496, 0.9958467927472902]], "2": [[0.22729510455508847, -1.4952303218916239], [0.7119231698137013, -0.556705092475714], [0.08985816085419167, 0.25625689813589897], [-0.4089589366431745, 1.994414916186495]], "3": [[-8.378923410740894, 4.854858059660433, 1.2635188216900544, 8.984105777959071]]}