{"0": [[-0.2770798728124254, -0.14567730148384156, -0.20743511864376996, -0.1976031963621274], [5.676501307754007, 3.138430934696822, 4.515861348742526, 4.2671823282429795], [-2.8198551395574603, -1.4765053463159283, -2.2251916094725375, -2.133756639124281], [-5.307475125067937, -2.8899758795589676, -4.201816710950594, -3.974120961039482]], "1": [[-0.8815424092954846, 2.337612703356023, -2.2850439659156874, -2.526856674835377]], "2": [[-7.355801283195454]]}