{"Train": 0.1493110927723477, "Val": 0.14720017319703707, "Test": 0.1484092085270244, "max_epoch": 3, "stop_reason": "Weight gradients converged", "num_hidden_layers": 3, "total_hidden_units": 7, "unit_combination": [1, 3, 3], "learning_rate": 0.9}