{"0": [[1.4890194589525638, 1.1264292729149459, 1.310976326698672, 1.2576809098389894]], "1": [[2.223798920113657], [-0.4683240703964914], [2.5571201194107167]], "2": [[-1.493783676344275, 0.276194591612154, -1.83914540054251], [1.2094129227262234, -0.21396642008728178, 1.468571292326592], [-1.6353744383578412, 0.31613773222584274, -1.986848475949563]], "3": [[3.028707420427619, -2.3231335335451964, 3.373143187449532]]}