{"Train": 0.11354663003419704, "Val": 0.11344344346203408, "Test": 0.11334929018726084, "max_epoch": 4, "stop_reason": "Weight gradients converged", "num_hidden_layers": 3, "total_hidden_units": 7, "unit_combination": [3, 2, 2], "learning_rate": 0.2}