{"0": [[0.6644690211288162, -0.3342278742882066, -1.3684853459276363, -1.303412983236766], [-0.17726350075766828, 0.11415570283928167, 0.6912160045454967, 0.637064913181837], [-0.20114844210046684, -0.9280361500371503, -1.2375931545408523, -1.2988188514351866]], "1": [[-0.077427067221088, -0.16058789381992788, -1.995255349752276], [0.2770300647023145, -0.02280420595254905, 1.4268027026618126]], "2": [[-1.914135790352729, 2.0811068939080792], [0.5879864165646022, -0.4184189540619058]], "3": [[6.345177312378147, 0.27319865808006194]]}