{"0": [[-17.754726568199075, -6.497290822840086, -12.416312040578566, -12.30531329875248], [-0.1560220356683393, -0.0881086865530297, -0.057915290335921514, -0.036379241972183764], [6.698156930038017, 3.250689043420447, 4.80446540322155, 4.716146656310124]], "1": [[-0.1431578761710182, -2.357130187270048, -5.240935495721679], [-0.6160140969183125, -3.417301776985354, -6.17474707639651], [-0.8978275934532863, -1.0896379050468037, -0.14524316376380902], [-3.086332568213076, 1.9701663654484343, 7.162481680140374], [-0.056304588501873906, -1.709851185492352, -4.2966846135884955]], "2": [[2.058958179625489, 2.111727057456106, -1.1858836219701614, -1.667965117223568, 1.4935352223196006]], "3": [[6.710629787512768]]}