{"0": [[6.568569195202812, 1.5915961400746585, 5.39501063138261, 4.601473433720791]], "1": [[-5.685352992241887], [-0.35272533299703346]], "2": [[21.548558429289507, 1.5549278070514614]]}