{"0": [[0.965992029464486, 0.34652638110634276, 0.9614092773975873, 0.9446654790861865], [-0.6121514114249862, -0.21325560144422206, -0.568735130499786, -0.5981445236894974], [-0.57378441218815, -0.20455390237662763, -0.5082422699508252, -0.5341645703867007]], "1": [[0.465547744380352, -0.2613677147433831, -0.2539957490296743], [-0.5117924126516546, 0.2882547322762015, 0.2744428527738061], [-1.5940531167955352, 0.9743834648606226, 0.882980223860155]], "2": [[-0.4671041344642153, 0.5056598864702638, 1.701689338247043]], "3": [[21.481992751401563]]}