{"Train": 0.16813677596499882, "Val": 0.17001778524032504, "Test": 0.17275769259732152, "max_epoch": 8, "stop_reason": "Weight gradients converged", "num_hidden_layers": 3, "total_hidden_units": 8, "unit_combination": [4, 2, 2], "learning_rate": 0.2}