{"0": [[0.10057791681991247, -2.3596173008198456, -2.6246145599882613, -2.5108752716384775], [-0.09877543661332833, -0.04980513604649185, -0.013255852192245522, -0.016831153633051477], [-0.3813960321760133, -0.3995862381406809, -0.4130267595410775, -0.44095681228297223], [-0.5009518136856548, -1.5017944104003385, -1.7742331218663197, -1.7766679267518508]], "1": [[-0.011266250706627982, -0.020502018282503236, -0.0075191256226079225, 0.020263421949920944], [1.5093177793780388, 0.16664584666258794, 0.6682014413780148, 1.379031261418601]], "2": [[-0.0018594951459395073, 8.3117597186688], [4.7391454895644936, 6.684490505284982]], "3": [[2.166426883113201, 6.251247789411592]]}