{"0": [[-1.046951418333492, -1.2049266630047657, -1.067620685121193, -1.0777788379448927], [0.9568090646996629, 1.045596179119169, 0.9472548807012217, 0.9205953695842527]], "1": [[-2.602380902626905, 2.1717864929140362]], "2": [[-3.0983613077130463], [9.087636008397064], [-3.731263330296973]], "3": [[4.857100768648162, -9.601688887723373, 18.242101298747286]]}