{"0": [[-0.5858630157902729, -1.2757791931110478, -0.6272089592060132, -0.64644280399065], [0.2871359144847617, 0.6118942710793198, 0.30156719144342514, 0.2999745102719175], [0.39201527686581156, 0.8421198136134015, 0.42385603875637506, 0.41448662275318743], [-1.064444247943787, -2.385141054164499, -1.1843871319584185, -1.1918578873652923]], "1": [[-0.9702202522758221, 0.4745058124997744, 0.6307926981625683, -2.425316751728006], [0.744820841315815, -0.3564165831639931, -0.4841438937415082, 1.8815162186832342], [0.9310123090595767, -0.41902085520511534, -0.6052071465662577, 2.3130052611674983], [0.41707439474742924, -0.19151797855510222, -0.2640187877037499, 0.9965381048690549], [0.6924005931029664, -0.3136884628567087, -0.44103711886663854, 1.730629347812306]], "2": [[-2.870669106627935, 2.1672515722605086, 2.7232179502844214, 1.141283741501339, 1.9835160734448738]]}