{"0": [[0.02921097772652955, 0.011517285749334548, 0.05684051041447274, 0.05529640350425635], [-0.8152068265772098, -0.23676642208998455, -0.993006602883665, -1.0102390532287961], [-0.4404303481192081, -0.10602968642634203, -0.563217454784582, -0.5565561888596876], [0.41154088585357707, 0.13914509712280282, 0.5125747226399704, 0.5330713914071407]], "1": [[-0.00783149448111806, -0.10702235439850794, -0.01253520932748381, 0.011358232648158967], [0.08862483347888525, -1.8042784043826632, -0.9181807047536904, 0.858606050663705], [-0.028881010472167637, 0.6327414607152617, 0.301337561534764, -0.2882091171670059]], "2": [[-0.28873319590816715, -2.9349287820977086, 0.7160971168690224], [0.13298680589468515, -0.26649944110169377, 0.1624273778116001]], "3": [[18.26917345289503, 12.626707443763298]]}