{"0": [[7.67013432968642, 2.151485884717994, 1.9961733377146162, 1.3741904239876204]], "1": [[-0.024079666775161015], [2.4291843200606165]], "2": [[-0.02935209953342614, 3.9656424103396364], [0.08704324073099007, -13.940327836290924]], "3": [[-6.515688683608404, 5.68880476535888]]}