{"0": [[1.2596142392191672, 0.632854260824973, 1.2886491088456973, 1.254615107206833], [-0.7341296992887664, -0.3784840840469881, -0.7403586329353316, -0.7353929469582209], [0.2131867190800651, 0.11398522731535299, 0.23961263487887555, 0.2015435904824389], [0.8906827206645251, 0.4249649497657463, 0.8770042244410367, 0.8534729017850944]], "1": [[-1.8643294057688515, 1.0300867558552984, -0.30679619736829866, -1.232152234202226], [0.7077099167108314, -0.3912776203235627, 0.10310257192843121, 0.46935044397890036], [1.3966234063712748, -0.790026148800202, 0.22605345881051392, 0.9355182185233129]], "2": [[2.049850174976638, -0.7687402897723868, -1.5323144450772814], [1.4281382718608246, -0.5171131678540808, -1.0617090060350796]], "3": [[13.465851143102288, 12.676202429068608]]}