{"0": [[-2.8269318529900835, -1.472104966040725, -0.4470809665794565, -0.35572370570482953], [-1.4613364960660464, -0.8319630555552603, -0.24705018618962302, -0.12124379103762131], [1.344781104908219, 0.7636475515459266, 0.206729483638838, 0.08119100558450137], [2.536298457260765, 1.2851303737795845, 0.3927181399751636, 0.30556770064810423]], "1": [[-0.18467730602814872, -0.445549096438737, 0.4214292912145336, 0.17595179738926003], [-1.3098194215645975, -0.675511860057205, 0.605488627607428, 1.171157795054905], [0.23153992193930534, 0.196449396851306, -0.1909825827172569, -0.2498174335488041], [-0.1493761341606008, 0.04832055445047811, -0.05129635076295617, 0.13108784998991932], [1.313331735290467, 0.686357661874846, -0.6156341349532233, -1.1597528173767537]], "2": [[-5.529047646583188, -6.527816283700245, -0.4210033470463832, -0.24693364476757884, 6.5151426586521675]], "3": [[6.412228498220662]]}