{"Train": 0.16813680975548265, "Val": 0.17001781910717412, "Test": 0.1727577267183831, "max_epoch": 4, "stop_reason": "Weight gradients converged", "num_hidden_layers": 3, "total_hidden_units": 14, "unit_combination": [4, 5, 5], "learning_rate": 0.2}