{"0": [[2.167086465742787, 0.7354869177464245, 0.43888232331997745, 0.9151154029344407], [-0.5787301977430964, 0.49187731843471105, 1.1500618058291965, 3.511865516817717], [-0.5509314400753359, 0.23381156573582446, 0.912674091969661, 2.7104176394522144], [2.3019485808369504, 0.7756432790925741, 0.42236845668761763, 0.8785450891698547]], "1": [[0.5117367461666434, 1.0511910030308689, 0.48185236357642575, 0.4443344590068501], [2.157422108676791, 0.097791992206566, -0.48398535808959325, 2.2869275921308088], [1.0912352811750154, 0.5946393190277293, 0.1426774581670765, 1.1660342824667025], [0.6440529231722162, 1.4637446178215021, 0.7033303925347107, 0.5312277514720453], [0.512344103063503, 1.406921684684354, 0.7257913348902625, 0.4364144489428347]], "2": [[-0.18243227020296018, -2.5869242354760407, -0.6838963458466423, -0.24532077078956102, -0.2418643317853182], [0.13460069708049371, 1.9118730237654902, 0.4729336208613678, 0.1734111812202122, 0.17198907004169098], [1.0384612540208613, 0.847943359194405, 1.0009557509964777, 1.7559014608412329, 1.7923131338484046], [-0.1866090635563788, -2.6533286090744364, -0.7337786802536985, -0.24578517023537114, -0.27791655012472705], [0.1666556098749611, 2.6872686007177795, 0.7443102109121006, 0.2680813626826883, 0.2663849148995118]], "3": [[2.9624740042573423, -3.5883653518636653, -9.021573658472715, 2.8792154364796962, -2.8386151885862887]]}