{"Train": 0.16813656932681922, "Val": 0.17001757892029173, "Test": 0.1727574667380779, "max_epoch": 6, "stop_reason": "Weight gradients converged", "num_hidden_layers": 1, "total_hidden_units": 3, "unit_combination": [3], "learning_rate": 0.2}