{"0": [[-0.9376471262424951, -3.0091629486606934, -1.0708550804174117, -1.1568455701694], [-2.0419338848218587, -3.8105560264825793, -1.749336094412841, -1.877241843201589], [-3.1745465125382903, 4.323612183415663, -0.29335289227682765, 0.36131343112855013]], "1": [[2.9992640894397846, 5.421427182238741, -0.6484521822753796]]}