{"Train": 0.11354964753626237, "Val": 0.11344646940579703, "Test": 0.11335231132324222, "max_epoch": 3, "stop_reason": "Weight gradients converged", "num_hidden_layers": 3, "total_hidden_units": 10, "unit_combination": [5, 4, 1], "learning_rate": 0.5}