{"0": [[0.27600599181134644, 0.035529614038788855, 0.18624732145971654, 0.20449856153905677], [0.6970172986725223, 0.06281424795931514, 0.4669497952283898, 0.4815720688809838], [0.01855619444679843, 0.013726508155187786, 0.02626977428743582, 0.010010756387301532], [-0.8480285934715271, -0.10248958846297526, -0.5842006177547537, -0.6079649258459484], [-0.6485588809114073, -0.07613606675696631, -0.43185636508291875, -0.4520755746042299]], "1": [[0.2896218449438315, 0.769282563772489, 0.019652731520270573, -0.9890652770651638, -0.7059744243002548], [0.13151947637149305, 0.405107234121374, 0.018832421489711166, -0.5150291525232241, -0.37750899530774057], [-0.09815200379538373, -0.2250827870903263, -0.019230553533216226, 0.30759747538586696, 0.2029354633122317], [0.21664195236127845, 0.4987960726701612, 0.011076353218384984, -0.6478059693829259, -0.46842511581897783]], "2": [[1.4468294747615544, 0.7365866030941451, -0.4314420258707905, 0.9287154660692404]], "3": [[-8.831129190458446]]}