{"Train": 0.16813680975548217, "Val": 0.17001781910717367, "Test": 0.17275772671838266, "max_epoch": 4, "stop_reason": "Weight gradients converged", "num_hidden_layers": 3, "total_hidden_units": 10, "unit_combination": [2, 5, 3], "learning_rate": 0.2}