{"0": [[-0.31653743550331254, 1.7966261739187845, 1.0243641801123915, 0.680889822064768], [0.19583837271122206, -3.0800618512618927, -2.2391311469211765, -1.7112676877294957]], "1": [[1.81945602018005, -2.121599687474674], [-0.3764966711402296, 0.4559828322536316], [0.16122962339314753, -0.2875728436626182], [-0.047220654554720694, 0.1359860131754617], [1.7781031398957652, -1.9390679704350458]], "2": [[-1.1505999559184148, 0.5301716878626812, -0.06499963822684003, -0.21659753949057312, -1.0958410520492738], [0.3912601445344829, -0.4838797280191414, -0.04150894149442467, 0.4360211448612202, -5.5755009175857415], [1.2755128564272473, -0.38062794831909, 0.3251023650566756, -0.2305472561680147, 1.1496565667901923]], "3": [[2.4770834877422248, 10.52170357623998, -4.5338019218368375]]}