{"Train": 0.16813680975548262, "Val": 0.17001781910717406, "Test": 0.17275772671838308, "max_epoch": 4, "stop_reason": "Weight gradients converged", "num_hidden_layers": 1, "total_hidden_units": 2, "unit_combination": [2], "learning_rate": 0.9}