{"0": [[-3.9396324950070283, -8.475137174768998, -4.145895203464479, -4.122820212604522], [0.7227346377454013, 3.951227733430982, 5.6763462006354475, 5.572834621784057]], "1": [[-11.04621358508476, -29.714186428187197]]}