{"0": [[1.7419203624970958, 3.187231927249236, 1.6870996467602803, 1.6690774485297608]], "1": [[-5.027826428936679]], "2": [[7.646615475128774]]}