{"Train": 1.4245372537177885, "Val": 1.423350370574301, "Test": 1.4248307236892674, "max_epoch": 4, "stop_reason": "Weight gradients converged", "num_hidden_layers": 3, "total_hidden_units": 7, "unit_combination": [2, 3, 2], "learning_rate": 0.5}