{"0": [[-0.32133837444050906, -0.010539430368172602, -0.1888867852758424, -0.19174974323310964], [-0.9476188575206802, 0.03658568093559224, -0.934799316407836, -1.0385703173970686]], "1": [[0.05373462357644515, 0.187193725012002], [-0.49865288596104196, -2.258473306433147], [-0.07839898861022356, -0.26609257417516585]], "2": [[2.1289635804664098, 10.227045314615637, -0.08056882661695097], [0.5338514348613848, 4.270044338127473, 0.11668042648005775]], "3": [[2.413382801302232, 18.01558714649145]]}