{"0": [[-0.11374579523152586, -0.9921684138328765, 0.15011872603293577, 0.4957790877575546], [0.5647832425541397, -1.6806461880932768, -2.2299121685057464, -2.320818861299374]], "1": [[21.754814603793566, -23.73892100094448]], "2": [[8.7816782723203]], "3": [[-6.776918150317374]]}