{"0": [[0.5582093133049668, -0.010521126433536976, 0.5360175114197824, 0.5088075097445355], [0.9067299628067576, -0.048890776565677085, 0.8342135854809369, 0.7922759465675089], [-1.0228961510580805, 0.35940903325384516, -0.8771033688446339, -0.7792461761471058], [-1.0814113243001213, 0.09659658590274561, -0.9828474825119567, -0.915494465297914], [0.5181422058652498, -0.013251091670711396, 0.48580903163890643, 0.4474612347867404]], "1": [[0.28164508551253986, 0.4988078051728207, -0.8637799941101892, -0.6523514847088216, 0.24600497128966087], [-0.681280094115395, -1.1169667713923705, 1.9631273995668432, 1.4588363505430262, -0.5641379495808583], [0.2489453029609749, 0.401869647010771, -0.5389464687799821, -0.5121066924178858, 0.2154439512887669], [-0.6536553447014232, -1.0749651270036829, 1.8707907434153344, 1.4274916203699495, -0.5355098114701717]], "2": [[0.2976457285842792, -1.1321320537926338, 2.3392904262800256, -1.3631573833089872], [-0.7671020915625186, 2.090198670780893, -2.731328360699225, 2.265468059539108], [0.5402801708244906, -1.5071061703663131, 2.132745860514159, -1.689842800399989], [-0.6918729443676495, 1.8263234202342167, -2.3513284100718574, 1.9797541914303682], [0.9029904272933651, -2.4440149297155465, 3.287795676983079, -2.682065634636696]], "3": [[-18.177580880183687, -11.661396414627582, 3.1901251947784037, -11.767072148542054, 11.343836799615506]]}