{"Train": 0.16813561776711167, "Val": 0.17001662470776535, "Test": 0.1727565227135139, "max_epoch": 3, "stop_reason": "Weight gradients converged", "num_hidden_layers": 3, "total_hidden_units": 11, "unit_combination": [3, 3, 5], "learning_rate": 0.5}