{"0": [[-0.1800647488179514, -0.13351148719146755, -0.1879869287029164, -0.1968629529244278], [0.7184527282678546, 0.4702218500832924, 0.7725967144936557, 0.7584035559392153], [1.3511528179922012, 0.9025595480333231, 1.5099193215936186, 1.4862483306351517]], "1": [[0.02484360741577861, -0.07352862729682055, -0.17645913299025107], [0.32534099695861074, -1.3241123270582793, -2.902461875386499], [0.13513942249298294, -0.5192756975659839, -1.1603202411822664]], "2": [[0.015037182850078545, 0.1481033471244465, 0.05571750601950356], [0.1196850105664668, 1.9812984836129348, 0.7177846759951239], [0.12751891527451398, 2.192812705700825, 0.8137069351617449], [-0.0704177452511582, -1.6752914812724453, -0.6181890179807693], [-0.04239305067900602, -0.8209899616803713, -0.278295959380582]], "3": [[0.15829915222537694, 2.036508467805685, 2.2816244091232503, -1.7036876151951583, -0.8194760196847513]]}