{"Train": 0.14931111279082696, "Val": 0.14720019270843718, "Test": 0.148409228207594, "max_epoch": 27, "stop_reason": "Weight gradients converged", "num_hidden_layers": 2, "total_hidden_units": 5, "unit_combination": [3, 2], "learning_rate": 0.2}