{"0": [[10.18897255926092, 7.876774945247511, 1.9033312146479855, 0.22026313537668954], [1.0279679755631248, -9.870287743185084, -5.527107693061467, -3.665160051353973], [-2.4884065189483398, 15.150287363158574, 9.923966659569654, 5.758789827561834]], "1": [[-1.924546653633154, -3.966897581227499, 5.347727450297689], [-6.123755259456359, -0.8333790933455856, -1.760948328493151]], "2": [[-3.1254208345936836, 8.867174828452006]]}