{"0": [[-4.277681431293728, -2.476951577393818, -0.7112917625082645, -2.9712405419492893]], "1": [[-9.552693761324626], [1.912689355248721]], "2": [[-5.651468489821938, 1.1731818028684402]], "3": [[6.018405734610836]]}