{"0": [[-0.23460783917019032, -0.24134851229692175, -0.27813709941585685, -0.2563593233663161], [0.4935907545486318, 0.5428885085218651, 0.5652300396531471, 0.5595514772988448], [0.735335692622353, 0.873870203708284, 0.8624781929847926, 0.8574855265945247], [0.7640001231450474, 0.9081782998794921, 0.8833231328667581, 0.8571204411829337], [0.5654907330762213, 0.6517653928775019, 0.6609493322814458, 0.6423937843442735]], "1": [[-0.4123321480900921, 0.9537065552927743, 1.6810081226942546, 1.7327564824823336, 1.1716739890953465], [-0.2224495884898234, 0.47984183593763646, 0.7712263227235737, 0.7985256073839623, 0.5588998610482369], [-0.23678177303477663, 0.49043095610366827, 0.7123311498639202, 0.7383016374634381, 0.5451999154247226]], "2": [[-3.852735316610863, -1.0206672263414445, -0.6456557663772676], [-1.3544472913841248, -1.6268365724001623, -1.4308636582694056], [1.603498192452891, 1.5522485364961194, 1.374527342264363]], "3": [[-2.212215464035953, -4.715239526055558, 3.898795147885137]]}