{"0": [[0.4439999079269903, -0.30264880431716956, 0.7569689915618126, 0.7934430541115094], [0.4229069873790038, -0.41840730920982705, 0.6737384355577573, 0.7140924508796452]], "1": [[3.306063951880547, 3.4910181569959082], [-8.216246945727132, -8.246055644307873], [-2.324327948844271, -2.3373502590256665], [0.8500118342239742, 0.879750158590507]], "2": [[41.22882242976776, 25.61947677125499, 26.311411745761816, -24.579119354321442]]}