{"Train": 0.11354965186181404, "Val": 0.11344647279979492, "Test": 0.11335231717537667, "max_epoch": 3, "stop_reason": "Weight gradients converged", "num_hidden_layers": 3, "total_hidden_units": 12, "unit_combination": [4, 4, 4], "learning_rate": 0.9}