{"0": [[-1.9057279774340663, -0.7424077473890673, -1.7391920042311142, -1.827709154789808], [0.5342684946406184, 0.21190210159606337, 0.5033600785239261, 0.5185761327066061], [0.33225184110487926, 0.10700715589870288, 0.29527783055351436, 0.32131291552008123], [1.2082896967416077, 0.45057156253189834, 1.0848186686452816, 1.1236970101654689]], "1": [[-0.10990164781033876, 0.02396286440935507, 0.023816481388234938, 0.05881929621041155], [-1.5838155000453913, 0.38991190041155893, 0.23330466329988395, 0.8622878571533926], [-1.1724701771101966, 0.2762539856328885, 0.1676238976244169, 0.6338881304168686], [-3.3854023560826088, 0.7950661570543557, 0.48474327589760097, 1.8533336120239785]], "2": [[0.041072328039810126, 0.5547842286788505, 0.41611611068810556, 1.2764923115513989], [-0.06615744057636769, -0.9790889456226972, -0.7095202066943941, -2.2760038506327502], [-0.023337145514026374, -0.2650461662930662, -0.22531152757754314, -0.6469819992545697], [-0.09820908493159702, -1.5007622587459548, -1.0840677324755696, -3.4943395397324974]], "3": [[-1.4620841698031284, 2.624193602922332, 0.7356972186425627, 4.141297823552198]]}