{"Train": 0.14931111318256132, "Val": 0.147200193580737, "Test": 0.14840922890526195, "max_epoch": 3, "stop_reason": "Weight gradients converged", "num_hidden_layers": 3, "total_hidden_units": 4, "unit_combination": [1, 1, 2], "learning_rate": 0.9}