{"0": [[1.6980284788800881, 1.1745504339546629, 1.9527095199967621, 1.9057930589239245]], "1": [[-3.9102763767568147]], "2": [[-4.070328713183549], [-0.3389374243133431]], "3": [[-18.433033588092822, 0.1739923553595152]]}