{"Train": 0.14931103590088388, "Val": 0.1472001164386319, "Test": 0.14840915169099084, "max_epoch": 3, "stop_reason": "Weight gradients converged", "num_hidden_layers": 3, "total_hidden_units": 11, "unit_combination": [2, 4, 5], "learning_rate": 0.9}