{"0": [[0.5912459619888062, 1.0106951716301336, 0.6535008023879159, 0.654519146002005], [-0.7465587372521787, -1.3133887533046138, -0.8438251137711943, -0.8316485813368744]], "1": [[0.3039012208038776, -0.44093945381820737], [-0.3875670078503335, 0.6248950129254079], [-0.923092279772651, 1.4280909738244572], [1.3638958121021392, -2.138487436723169]], "2": [[0.1677705721715202, -0.20061056383516418, -0.5235550234494921, 0.9725822053995578], [-0.4034456834788406, 0.5717231538564428, 1.3785082209639383, -2.57292074154641], [0.028273118755697515, -0.04727043091378189, -0.11644458699765078, 0.23961007245902444], [-0.2969990028720223, 0.4010204950703861, 1.010764065786988, -1.8225636867384296], [-0.11584305099105519, 0.18577254083189668, 0.44155117291388013, -0.7912169787719658]], "3": [[-1.1435816649124144, 3.7373300088110284, -0.26612283696299843, 2.308549732436222, 0.9366145021897966]]}