{"Train": 0.16813680975421313, "Val": 0.1700178191059018, "Test": 0.17275772671710118, "max_epoch": 3, "stop_reason": "Weight gradients converged", "num_hidden_layers": 3, "total_hidden_units": 12, "unit_combination": [3, 5, 4], "learning_rate": 0.5}