{"0": [[0.09292410827021379, -0.020132446469726926, 0.10509132586164473, 0.085024475329872], [-1.9872567576214117, -1.077094136110961, -2.0490470745717246, -2.02468296497774], [-0.19450666623807608, 0.12199223592375563, -0.18544972139918892, -0.18847245404141355]], "1": [[-0.0004360426325033007, 0.6901730883139423, 0.047633061683385415], [0.02003632940381913, -4.050317280326409, -0.07014064817646393], [-0.06457235605339726, -5.091248872442292, 0.21174554286055453], [0.015010682331797327, -4.570371543179875, -0.04391194643514466], [0.040677624352084926, 5.8779804835306475, -0.08440205748326302]], "2": [[-0.37693541302497696, 1.58558057585957, 2.050225519711323, 1.6917840093792293, -1.9547272803458249], [-0.46791548640279235, 2.050700569929419, 2.8437804556625133, 2.205661121934596, -2.6443247475451503], [0.18506288741072296, -0.16081852753735454, 1.400377838315934, -0.0757038152896312, -0.8060566873357183], [-0.33152283326967397, -0.8865668066526737, -7.596018565999407, -1.3211586111313252, 4.952379507236467]], "3": [[-1.0277520656193802, 6.126088262542231, 1.2938836953777886, 19.843124557304]]}