{"0": [[2.07165390945039, 0.6247224809652828, 1.4760814446674149, 1.50121654980175], [-1.4896135648482847, -0.4010339071362001, -0.42618698269596667, -0.4645294491743662], [-1.1771439410002515, -0.15094586642190197, -0.24800630915330196, -0.24267617474424918], [1.463916573601164, 0.35387407433761375, 0.3851019878107999, 0.42650114109023446], [-0.08142649499705387, -0.008507395375122746, -0.12038885921662813, -0.10128627355083922]], "1": [[1.9104576499161052, -1.6956734813562169, -1.6713921234820592, 1.6911336925906681, 0.2580098749651767], [6.436931252280489, -5.797369651399306, -5.5904997692671605, 5.762107843053775, 0.868337709351025], [-1.0669284977765416, 1.045894619207567, 1.0396585167945247, -1.028662863074333, -0.17416797387423977], [-4.593963778784373, 3.360574777222277, 3.0660367742944588, -3.2941852418052258, -0.5021712081706805], [2.375169605219899, -2.0736086491897505, -2.030517715261153, 2.0840074081688584, 0.31257670728454273]], "2": [[-1.4786085879474937, -4.449932829197564, 2.427020284969279, 9.690611893794339, -1.717096751214155]]}