{"0": [[0.32064591869613773, 0.15489237626676514, 0.2757087651125296, 0.2763015969837652], [1.9164489318032631, 0.9602745578378776, 1.7233286736340065, 1.701699220616355], [1.8958758157630837, 0.9560730736372125, 1.7129840264482952, 1.6864072196439521]], "1": [[-0.5292720176681102, -3.80575915309059, -3.75134521245128]], "2": [[-0.6241487560526672], [3.903262573764484], [4.577417798749765], [0.9198634036539998], [2.288482033895306]], "3": [[-0.6232361882324838, 4.063690261350849, 4.851880933066281, 0.9206273785110052, 2.3201789030889963]]}