{"0": [[-1.1789215442308694, -0.4596651918491351, -1.4906532653064037, -1.508683008171312], [-0.3344902927236776, -0.08471553444750476, -0.38343675359410967, -0.38672150805243927]], "1": [[-0.18698939914292084, -0.22032110722684764], [0.44429932282387774, -0.07205162148932638], [-1.9918131249102766, -0.4768683140718251], [-0.8799977266538963, -0.11873094693322331], [1.8506708870316892, 0.46579460271048007]], "2": [[0.25556709681878237, 0.9957851368545636, -2.264996990006175, -1.2802711317204263, 2.114604561549187], [-0.23925882187856554, -0.6471304338895323, 1.0505021508656878, 0.7613107575775101, -1.0082238188332244]], "3": [[32.167404738102555, 19.369488417395733]]}