{"Train": 1.475865792828272, "Val": 1.4761822637149984, "Test": 1.473714179328757, "max_epoch": 4, "stop_reason": "Weight gradients converged", "num_hidden_layers": 2, "total_hidden_units": 8, "unit_combination": [4, 4], "learning_rate": 0.2}