{"0": [[-0.5674470856625251, -0.8445725609883284, 0.04481861103821283, -0.6763592819889025], [-0.6120619929506477, -0.7594522543474936, -0.17095169789188155, -0.9126104315411728], [0.19068372360906483, 0.4513225243011461, 1.2974676729359909, 1.8441979332229426], [1.0992802981028957, 0.7368422605598518, 1.0754184993596565, 1.8308867970031724]], "1": [[3.2854815070222463, 3.4843248547604664, -0.09114826611807555, -4.662104812321079], [0.6020708338052573, 0.7794421909413035, -0.5694567999837342, -1.2805527385268032], [0.2980961342258429, 0.39887917411882157, 0.25428642292087117, -1.0727909947619694], [-0.6042103275596619, -0.8341178480568059, 0.5630110663154224, 1.4900522621478811]], "2": [[-1.7870628566234208, -2.707622039063408, -0.849915136127121, 3.496160150067873]]}