{"Train": 0.16813680975547912, "Val": 0.1700178191071706, "Test": 0.17275772671837955, "max_epoch": 14, "stop_reason": "Weight gradients converged", "num_hidden_layers": 3, "total_hidden_units": 7, "unit_combination": [5, 1, 1], "learning_rate": 0.5}