{"0": [[0.5685927401104677, -0.2996340860394048, -0.7276792229621664, -0.9966058030074786], [-0.39463792368298917, 0.25132335787789595, 0.4870999462098019, 0.6954564154040573], [-0.09264698411724695, 0.06469400771754191, 0.1477904043747916, 0.2030785408029118], [-0.5875442367047936, 0.4996656655003064, 1.477298271794174, 1.9777881536116153], [0.6383114366408283, -0.4286727368875604, -1.5902849093432456, -2.0556805441101593]], "1": [[2.096573730957628, -1.5185744903532021, -0.4197862042411855, -3.0657450486012383, 3.0802611451818143]], "2": [[-7.743891312968403]], "3": [[-16.45237597816068]]}