{"Train": 1.4245372534962815, "Val": 1.423350370352734, "Test": 1.4248307234676747, "max_epoch": 3, "stop_reason": "Weight gradients converged", "num_hidden_layers": 3, "total_hidden_units": 12, "unit_combination": [3, 5, 4], "learning_rate": 0.5}