{"0": [[1.0639703313811961, 0.6649039430583717, 1.1382803799861965, 1.1152915907169922], [-0.1460753171273004, -0.09253399396078554, -0.16002300791942048, -0.15896204802971], [0.8256870942193453, 0.5008750348832081, 0.8674774364050811, 0.8522511704947707]], "1": [[0.7400820319879918, -0.100082687196641, 0.5291753958464314], [1.4805717421066242, -0.1680035140162716, 1.030399059770566], [-0.6911319693796402, 0.08445865241465936, -0.4805747828135945], [0.9088652337857868, -0.11077052830973606, 0.6364847491114844], [1.4153753014723534, -0.15428176274347788, 0.9783341376540631]], "2": [[-0.973616937404734, -1.4725006732498973, 0.9118437733811723, -1.1184316909760028, -1.4162097625753745], [-0.6176878912385725, -1.4149867976796715, 0.5718054879422652, -0.7803477275976036, -1.3308977338077195], [-0.5574349327859865, -1.2422859386773202, 0.5133531164799519, -0.6963031033553098, -1.1838103498501813], [0.06205325314829826, 0.051871847503773084, -0.04773764696808159, 0.058962834761388194, 0.053913387871344115]], "3": [[-3.690943019804302, -3.829777406187387, -4.158532321669131, 0.14337046988470833]]}