{"Train": 0.14931014383712662, "Val": 0.14719922547663208, "Test": 0.14840826111485367, "max_epoch": 23, "stop_reason": "Weight gradients converged", "num_hidden_layers": 3, "total_hidden_units": 9, "unit_combination": [5, 1, 3], "learning_rate": 0.2}