{"0": [[1.0128430151584744, 2.647397772601056, 0.7619484308821862, 0.46717068595698835], [1.6245832500698174, 3.8606727925773026, 1.0403882506482225, 0.8185395004875223], [-1.5442653351197106, -3.7246080393345307, -1.0795130235503752, -0.7755462831718489], [1.3213397021732245, 3.3651967676476633, 0.9957559219131307, 0.6724385234870314], [-1.4889131768696173, -3.6389943607065978, -1.0918976985404407, -0.7513676349522734]], "1": [[-0.5316401096972296, -0.7844005359981296, 0.8067186919233252, -0.737350798690369, 0.8144955911812896]], "2": [[2.1581306341835763e-06], [-6.81788161761837e-10], [3.0290470307848754]], "3": [[-2.1731745733297e-06, 6.817881622398207e-10, 6.794844441988742]]}