{"0": [[0.09982532135344199, 0.15043722411455737, 0.20554036662574293, 0.1715562803616148], [1.0696942797481643, 0.9290090680881314, 1.1721822210441868, 1.0324573757197772]], "1": [[-0.17091881652510924, -1.708127856316821], [-0.04938154762458477, -0.632289778178202], [-0.17809434586512038, -1.736439205849734], [-0.009453575968100366, 0.03433192122233604]], "2": [[2.0781963045916445, 0.6711502884707272, 2.12079572723435, -0.03402628041869354]], "3": [[8.427490720844203]]}