{"0": [[0.6937343364609696, -1.8012711294864243, -1.084864958834813, -1.1645854153877886], [5.901174342342681, 13.520084529396714, 7.336465928685252, 7.54516321018272], [0.6547398246797279, -2.168053526275276, -1.2411806388250906, -1.2933019013391527]], "1": [[0.8879414431529613, -2.769717287034714, 0.4773332223987422], [-4.370809154452448, 2.9616904147773235, -4.4340233394589506], [-29.858077850215597, 22.910015760521432, -29.998186014225595]], "2": [[15.020696467432883, 1.1898671329643153, -9.277542754373005], [-25.241343550178787, -2.0301314414403167, 15.899881006464069], [-1.769574856979877, -0.32320119710836914, 1.701058369609102], [0.6831738074715014, 0.12714529116487153, -0.4874102932800652]], "3": [[2.2131771648288, -5.129375590865246, -5.906085933879295, 3.799347637178979]]}