{"Train": 1.4245372537177687, "Val": 1.4233503705742867, "Test": 1.4248307236892415, "max_epoch": 3, "stop_reason": "Weight gradients converged", "num_hidden_layers": 2, "total_hidden_units": 9, "unit_combination": [4, 5], "learning_rate": 0.9}