{"0": [[-0.4712647412085804, -0.11977736278409752, -0.7708647166957265, -0.6403302195526409], [0.32720658327074736, 0.3448739103699462, -0.0005549004240090339, 0.17165685711328657], [-0.6024616542709224, -0.6395848987798509, -0.4503051583788687, -0.64717072324576], [0.339160704449269, 0.36261798393319505, 0.017974710545355373, 0.19141238899102195]], "1": [[-2.3311949203753164, -3.0212485284734347, 3.21214137486639, -3.0475630268713734], [-0.5964379798608542, -1.5891332194172432, 2.256402363269176, -1.6306906183496293], [-3.4501180479037017, -4.39430280592876, 4.6360595380932486, -4.412637250271252], [-3.559583395817499, -4.5218597448013185, 4.783765902320262, -4.528339161576948], [2.769189743136408, 3.568895851452618, -3.7817623582599107, 3.561774495884387]], "2": [[-16.95667702580379, 22.263345200318913, -10.937721599806782, -11.802959213098317, 16.3199347199077]]}