{"0": [[-4.241836350500664, -32.915872570463335, -18.50666105494811, -18.676196972694857], [-2.9301373378059825, -20.534882647510745, -11.376770931835907, -11.590526974755935], [-3.675429345796595, -26.372193225040288, -14.648430465065063, -14.900365564091873]], "1": [[-2.2980076228575577, -2.510166211656994, -2.4201837243649136], [1.4009015768899775, 0.6699872422158009, 0.8192948967729219]], "2": [[-20.530517953092392, 2.0405408080423455]]}