{"Train": 0.14931111318253182, "Val": 0.14720019358070754, "Test": 0.14840922890523248, "max_epoch": 3, "stop_reason": "Weight gradients converged", "num_hidden_layers": 3, "total_hidden_units": 11, "unit_combination": [3, 5, 3], "learning_rate": 0.5}