{"0": [[-0.8278047739783422, -0.4372969739282468, -0.6958700076677368, -0.7523235544097756], [-1.0162677185122964, -0.5672576655171137, -0.880023312866119, -0.9475700915587669], [-1.5565822015732427, -1.0571627265924344, -1.692770358431912, -1.7712575893615452]], "1": [[-0.1524654476776061, -0.14805759946242525, -0.03675023549872883], [0.03608667601992389, 0.01932543416993527, -0.19017970946645793], [0.8503261033773686, 1.0211190970536932, 2.0414338481415575], [0.29094595225335196, 0.3662048874465974, 0.7630602936254564], [0.07405236730489205, 0.0682960495977802, 0.012517440783076253]], "2": [[-0.3386005790426433, 0.5449821639807004, -2.049933154414942, -0.9469371480358617, 0.15722566165047042], [0.03854134957105737, -0.03895762571228555, -0.7823601707363543, -0.09333192603027061, -0.03323556316964948], [-2.039624020093021, 2.8984896780841836, -3.7652493341668154, -3.688981799566614, 0.9432628149515042]], "3": [[-15.01001028136024, -13.56953189400279, 9.003468398863573]]}