{"0": [[-2.384401707613558, -0.33260663898571885, -0.2767402018621105, -0.546475425846348], [-1.5300168752771603, -0.08733875601926236, -0.20354427360588004, -0.5317834299909437], [-1.0636550066163009, -0.06274170213490811, -0.12094973255887438, -0.38628156645859085], [-2.264754588186441, -0.2284779736745144, -0.2930471576330539, -0.6228996025514364], [-2.5172734037803237, -0.37665660951362684, -0.2117755571149558, -0.42955756307045484]], "1": [[0.5783550097599647, 0.3851434735402937, 0.25084373890167333, 0.6168190260872907, 0.5414463661923992], [-0.6171973456805994, -0.4824048219368444, -0.32467276284863, -0.6385065330020587, -0.5215515022977083]], "2": [[-0.486643908425099, 0.49794184275470443], [0.6231845866176484, -0.6248397183794923], [0.4085764860444357, -2.852841993696033], [0.46932949069876095, -0.5012928761314792], [0.1405488040946725, -0.5479374974418691]], "3": [[-0.21813972400517856, 0.2181889289120856, 7.405380898009072, -0.9387755365247058, 0.3909469069385102]]}