{"Train": 0.1681367324761219, "Val": 0.17001774166338537, "Test": 0.17275764866971915, "max_epoch": 6, "stop_reason": "Weight gradients converged", "num_hidden_layers": 3, "total_hidden_units": 9, "unit_combination": [2, 4, 3], "learning_rate": 0.5}