{"0": [[0.4870283863376649, 0.32272497333642264, 0.6224618727285419, 0.6219090936008882], [1.2655421191793528, 0.8585827260716073, 1.6332461408746055, 1.6077595693769509]], "1": [[0.8363063682131708, 2.6408246203855397], [-0.23145747137898004, -0.7476282757756435], [-0.4753504640015731, -1.473224398809197], [-0.42297654848045213, -1.3208064618316748]], "2": [[1.3016819426769564, -0.3151428393078669, -0.6646631183076186, -0.5667310028009597], [-2.3467365072766766, 0.6075639865643083, 1.2234413390796797, 1.0934883985306598], [-1.3935921031313336, 0.3671663934991471, 0.7131819405059124, 0.6529139982847371]], "3": [[-2.1622006703481347, 3.593890469414719, 2.2826733733338456]]}