{"Train": 0.11354965949702665, "Val": 0.11344648045018542, "Test": 0.11335232482554672, "max_epoch": 3, "stop_reason": "Weight gradients converged", "num_hidden_layers": 2, "total_hidden_units": 3, "unit_combination": [1, 2], "learning_rate": 0.5}