{"0": [[-5.571678658890679, -6.7074857956211975, -6.86953084550166, -7.198555563485794]], "1": [[-2.423514732983925], [0.20562098089634237]], "2": [[-9.326696154098585, -0.20525400122475587]]}