{"0": [[0.5956996138058777, 0.6981192810062756, 0.6346749787403565, 0.6554688019941883], [-0.41404861593881837, -0.46471670821039013, -0.41713438426778854, -0.4059146561354973], [0.21085370977928322, 0.20927002192111432, 0.22071694686505328, 0.20110193517739874], [-0.9000273704150402, -1.083290948990675, -0.9837267322289749, -0.9837469449119941], [-0.7579053352063082, -0.907021425264157, -0.8159159541551405, -0.8024805269829235]], "1": [[-0.8412071638655235, 0.5310315541971639, -0.24341270216530625, 1.4094407121986285, 1.1055952507096822], [-1.068679242016567, 0.6879739899585513, -0.3501779714659564, 1.8212861861828324, 1.4226730305105797], [0.07222108115124422, -0.054843557701831594, 0.023669387810713507, -0.15134391573772976, -0.10267645476157061]], "2": [[-1.6442716099046966, -2.2683074898274835, 0.18331616376592824], [-0.7204716805556968, -1.1080175540440358, 0.03348228803228199], [0.9243746221102547, 1.353755410006418, -0.0731704137628852]], "3": [[-4.5819621096620065, -3.2312841724508963, 3.425445050755858]]}