{"Train": 0.14930916950282583, "Val": 0.1471982523779434, "Test": 0.1484072884317166, "max_epoch": 8, "stop_reason": "Weight gradients converged", "num_hidden_layers": 3, "total_hidden_units": 8, "unit_combination": [3, 1, 4], "learning_rate": 0.2}