{"0": [[-3.1662665901804234, -3.0388906451799076, -2.3750061099576376, -1.8646462349066852], [-0.23158350892545135, -2.6191861222080246, 2.0703866654681287, 1.925549608606561], [-2.9747604676550625, -3.3886315613707283, -2.242183579069204, -1.834903798576887]], "1": [[2.4361189446477414, -2.293983369775138, 1.8154172679390639]], "2": [[-3.9552396374369603], [2.71070449524414e-57], [3.966975415830364e-58], [2.5124089653805093e-53]], "3": [[-6.419222792769279, -2.71070449524414e-57, -3.966975415831428e-58, -2.512408965381584e-53]]}