{"0": [[-6.4077393047593, -0.46765437912690777, -3.381501715450718, -3.9108113107094327], [-12.581230571034684, -0.9282870699906064, -6.581537669459284, -7.598165490832221], [-1.4221274739701337, -0.13256109252508863, -0.5067138806716907, -0.6611597139138512], [-22.382876506692067, -1.5768100846628543, -11.72461327978391, -13.531510490975883]], "1": [[-18.61970201793187, -18.235993266122982, -13.614174640879744, -16.390627092137564]], "2": [[7.665524601505429]]}