{"0": [[-0.579048549105159, -0.11976669600728615, -0.5016305085936276, -0.5169855637921009], [0.043114656558205, 6.364593944732602e-05, 0.030314197954943903, 0.02230865734827825], [-0.04442412723701551, -0.011130964759769409, -0.042871306219113475, -0.040518968746092184], [-0.5445418493121263, -0.12054620770490766, -0.5126265058392859, -0.5066582513131139], [0.9354788898851095, 0.18661112938701543, 0.8764354414861638, 0.8839032213425942]], "1": [[-0.9740742405371559, 0.056763832592630264, -0.07433204209298351, -0.9470419430191479, 1.7575487628150521]], "2": [[-5.625593787830178], [2.3977828924817173]], "3": [[10.46981047031298, -8.712514963574817]]}