{"0": [[1.612239597757179, 3.5478125860234724, 1.734539636250199, 1.7387788639334425], [2.6127869446336516, 5.560113419981538, 2.740907199551968, 2.7235660685711105], [-1.0632182160745838, -2.354199795060761, -1.1722002294904428, -1.1480808902059165], [0.57352081600045, 1.2329203406170346, 0.6047004767140298, 0.6046890589786106], [1.7780961068553156, 3.792294844200974, 1.8726421938221862, 1.8583562094176418]], "1": [[-11.050790350322343, -0.6232306727695867, 11.841617554094238, -10.494711063854929, 1.1600064388701663]]}