{"Train": 0.1493111131760862, "Val": 0.14720019357427014, "Test": 0.14840922889879749, "max_epoch": 3, "stop_reason": "Weight gradients converged", "num_hidden_layers": 3, "total_hidden_units": 3, "unit_combination": [1, 1, 1], "learning_rate": 0.9}