{"0": [[-1.8714043506233224, -0.24148100257084176, -1.612971967035898, -1.627318583528436]], "1": [[-3.7387265729915287]], "2": [[-4.164798680465596]], "3": [[12.726790195517221]]}