{"0": [[0.3553170416881159, 0.04076213197572491, 0.2637094477414063, 0.2770411354138146], [1.198468498306085, 0.10560653708894382, 0.9259392982393815, 1.0220398460117792], [-0.06544014971490607, -0.006092603484149838, -0.035566987319146495, -0.05063380451934018], [0.5337017026369075, 0.05064084439477627, 0.4014638926124548, 0.4533118443806548]], "1": [[0.323882695108532, 1.2417272308631588, -0.06903169902693997, 0.5143056461316616], [-0.4073361544586542, -1.5220398142045328, 0.05995135582761351, -0.6308408311635758]], "2": [[-1.2556841160655623, 1.549234293314607], [-0.23594497441556161, 0.20372568011073597]], "3": [[17.911100532456672, -1.200671226922169]]}