{"0": [[-0.12918838284469075, 0.1272194207677847, -0.6934345735343195, -0.4122583839747659], [-0.2807726208355696, 0.3138531123995277, -1.640308364959749, -0.9817762334615102], [0.4311158192684801, -0.5462680950004478, 2.776840054074081, 1.6283041797644129], [0.521323480502904, -0.6741224328350385, 3.522258614219431, 2.0592586464303824]], "1": [[0.10040631732477007, 0.5276771309830339, -1.2444093740534752, -1.6481073837997369], [-0.047264625169916294, -0.17176497479645714, 0.31702356718411434, 0.40395700091248565], [-0.03948424553578728, -0.1745367824019884, 0.3380776576893461, 0.4067730192081339], [-0.05203635129271048, -0.20184494697508942, 0.4198111289051387, 0.5379398360732501], [-0.04709757057311307, -0.1811050596396932, 0.33145827524843763, 0.42721862895550133]], "2": [[-3.62456678393669, 1.6644978244704918, 2.0294072691638836, 2.203077908696329, 1.8510566404136033], [-2.464484773616793, 0.35050861791259874, 0.7075975168196939, 0.8742105475191378, 0.5264254462433003], [-2.3273878081238033, 0.1490004152103499, 0.5337505246401842, 0.685471107255591, 0.3378464001048166], [-1.4307089244261464, 0.7817599646304654, 0.9057100513659283, 0.9756428431024455, 0.8434112726171779], [-1.209295468653805, 0.6927118833363308, 0.7679583951555818, 0.8236524414359088, 0.7452974225418932]], "3": [[8.923213599236423, 9.241653875719626, 10.664564952646693, 2.3535308528331096, 2.0059707661116954]]}