{"0": [[-1.5697049225214348, -0.6655514436075068, -2.2466938558978136, -2.254183571599283], [1.6747007301727395, 0.5195302294101677, 2.165897372153268, 2.1582212389353534], [1.502396723117829, 0.7130394711090944, 2.1329915531984875, 2.2082495969376486]], "1": [[-0.4182978221936848, 0.2566843814423209, 0.4990656334436286], [-1.8651156887270788, 1.1107675106502695, 2.0968815434787356], [-4.822593297426165, 3.4731217309780766, 5.140781615448906], [2.931111928797989, -2.121887525922989, -3.092631386767155]], "2": [[2.075203987925444, 2.0818325780595446, -2.659361033131558, 2.1480989513725772], [-1.7181053793389403, -1.7114726892393513, 2.954643146406362, -2.4728790937287703], [-1.6060907312824546, -1.6091135299652095, 3.0169156062886784, -2.559182271573329], [-1.8054223613488896, -3.1233322311900156, 0.1033245833473479, 0.06394640161696954], [-25.986415021992055, -28.72367511999933, -20.16973666371403, 22.58258394715613]], "3": [[-2.9028599065365484, 0.504692649515798, 0.4298176248413199, 22.353211723931416, 17.761704272108922]]}