{"Train": 1.4758658900106767, "Val": 1.4761823608589275, "Test": 1.4737142763848332, "max_epoch": 12, "stop_reason": "Weight gradients converged", "num_hidden_layers": 3, "total_hidden_units": 10, "unit_combination": [4, 3, 3], "learning_rate": 0.5}