{"0": [[-0.4733821112562559, -0.47196540482724464, -0.657815868513003, -0.6670190086813422], [0.2602781215071899, 0.3095475238925151, 0.38476637343128334, 0.39208628050894245], [-0.1361200467219885, -0.15998712645700056, -0.2065793840218458, -0.21792357806974005], [0.8520696122200891, 0.829152223404856, 1.1631814263679947, 1.1520435843436418]], "1": [[-0.6709621231034331, 0.4086762350772628, -0.2225501747584841, 1.35278966891561], [0.6931628320626385, -0.39885775749136726, 0.21894664320059776, -1.3514748660606821], [0.6083772419513731, -0.35965447653014826, 0.18785101097677753, -1.1900640702505427]], "2": [[1.5613143200272652, -1.5605240505915585, -1.4017561923284894], [1.5805515241457495, -1.5752008087711293, -1.5813022601251503], [-2.9846623205886567, 2.974360065897316, 3.0025518106891624]], "3": [[4.571841804086268, 13.301047699202266, 5.836833516367803]]}