{"0": [[-2.565922228434491, 0.1306219469480632, -2.461614808764993, -2.608866683625678]], "1": [[14.930548999312828]], "2": [[2.731235353389075], [3.8525385755455046]], "3": [[13.709923979983351, 14.80202379742014]]}