{"0": [[-1.4849209697682277, -1.812451933769406, -1.3855385303933812, -1.3803410615429283]], "1": [[2.5584115266540897], [-2.1210800041368714], [0.4402243545594591], [1.2096027019812041]], "2": [[2.5971300357864804, -2.1335283034000176, 0.43863308002849705, 1.1784180027543272], [1.4095223685711964, -1.3703251882609089, 0.4864410605490356, 1.1010970929610153]], "3": [[-0.15506059251976798, -9.079042023039245]]}