{"Train": 0.16813668179323546, "Val": 0.17001769089650096, "Test": 0.1727575974315758, "max_epoch": 8, "stop_reason": "Weight gradients converged", "num_hidden_layers": 3, "total_hidden_units": 5, "unit_combination": [1, 1, 3], "learning_rate": 0.5}