{"0": [[0.7677489369330036, 0.6822677579880121, 0.8510758688823155, 0.8888102971010384]], "1": [[1.9742705828254294]], "2": [[6.3096114922135635], [-2.400645842016454], [4.048274410795308]], "3": [[-1.1919469181097415, 1.1459078180049984, -5.447428449677912]]}