{"0": [[5.194955536481945, 2.413639587909859, 3.711423608743566, 3.706043099791484], [-4.636972952324406, -2.1592503949485526, -3.385245727863954, -3.3683280449477966]], "1": [[-1.1369024407519117, 1.399146054200527], [2.6537686380766528, -2.561145884392371]], "2": [[10.48059808456421, 4.386368572320947]]}