{"0": [[-0.38045718144347523, -0.13380440649383363, -0.38761248966583106, -0.4246532156408225], [1.1869868466306288, 0.43535474349354764, 1.2854148871012343, 1.3113077346291875], [0.30320341012083624, 0.12148175028476091, 0.2932249220950809, 0.3191232234938709]], "1": [[-0.41736095708154275, 1.3736203160696034, 0.32913204255160283], [0.026399327673901025, -0.43874009367281225, -0.0002571019286981141], [-0.13415231536550215, 0.6874341434173387, 0.09199591634659976], [-0.5630052117284211, 1.7347684428398897, 0.4582333468366048]], "2": [[2.4712910090886373, -2.0855545694470172, 2.290545245877133, 2.4477777797914793], [-2.652487419777662, 2.2288333702043013, -2.424530588283296, -2.6235645341421727], [1.7774257824991595, -0.8577434526228661, 1.108585662390038, 2.142156045200583]], "3": [[-2.440364103004738, 2.686654338420995, -26.31766758137464]]}