{"0": [[3.4490413214260545, 2.393621481899978, 0.3511176302366024, 1.1768496447670103], [-1.7323508751283703, -1.7039686959408784, -3.1993084350643035, -1.8666310391585001], [1.394811127033281, 0.022628834718018822, 4.120407556763966, 2.05683961139916], [0.3624485173843753, -3.467503851967066, 3.7669236814688185, -0.6054515359542355], [-0.2483579688311488, 1.0008702462520538, -3.9488032289972956, -0.7748165591923685]], "1": [[1.3630123262849112, -7.177674208732471, 1.683448670919684, 4.354958214999821, -5.825843473043707]]}