{"Train": 0.1681368097549198, "Val": 0.17001781910661198, "Test": 0.17275772671781012, "max_epoch": 8, "stop_reason": "Weight gradients converged", "num_hidden_layers": 3, "total_hidden_units": 11, "unit_combination": [2, 5, 4], "learning_rate": 0.2}