{"0": [[2.257061727446905, 1.9001362852695245, 4.149133534246279, 4.103473196570939], [-0.23280424851375597, -0.36498510005904367, 4.217704254330336, 4.02990666596845]], "1": [[-1.4298885670203412, 0.1909351564383215], [-3.6685606423655677, -1.9483385632121033], [0.32814700166252553, 0.3868608621537716], [0.1078152648146797, 0.11825805248279299], [-0.38358031252508973, -0.3967907862099476]], "2": [[-0.2417361961524487, 2.9969615845000046, 0.48171783494425735, 0.057045141104697404, -0.19116277930041983], [0.5569099955964796, -0.6735483611853613, -0.7770971947921183, -0.10985068959986126, 0.34558343984345585], [1.0219605609419258, -1.6179345996916827, -1.3992598600166337, -0.1449175054680298, 0.4203501556883086], [-0.40094596161907053, 0.49558535335458526, 0.3048033625847142, 0.15806411155500497, -0.29191076507779784]], "3": [[10.317353428867094, 3.1209087982829313, 3.502019444802496, -3.7564869934223477]]}