{"0": [[0.2044303612659195, 0.025628656979703974, 0.22773657238496953, 0.22827897375450107], [-0.9409884522346, -0.324598329089578, -1.0718466944177163, -1.0605913871940005]], "1": [[0.011494363848373452, -0.09377076535981196], [-0.22112627120397213, 1.2383224650087554], [-0.08532818609380766, 0.6416533664891052], [-0.018053286774353, -0.045058583479476534], [0.28477387243648317, -1.4549594575072513]], "2": [[-0.08108699007150938, 0.9810611490354851, 0.5160699419305288, -0.032520456965234035, -1.2046555113331214], [-0.4031930921550539, 3.0844611562095205, 1.7921066659352523, -0.4867625552727053, -3.4817552927309228], [0.33834391744204617, -2.645061386529917, -1.543548353358752, 0.4062656858288412, 2.96340583523635], [-0.04518955579082438, 0.6525972243453046, 0.2702021654747715, -0.021841671941732557, -0.8089557895527235]], "3": [[15.826160712222721, 24.978403850483318, -10.645616874799124, 16.21635385381537]]}