{"0": [[3.3798337131289156, 0.06936467968960744, 0.6192508722993307, 0.6187672473264667], [4.207186413253725, -0.6434231428390883, 1.0093211515064968, 0.8117654240602411], [2.7550727452683885, 1.0861435405806505, 0.2393937348314698, 0.5105649697293093]], "1": [[-0.045021118105007946, 0.012092197178192871, -0.08660602007694644], [0.8235920108196778, 1.214040607530841, 0.3567293093662614], [-0.03667134458016557, 0.0015995437114579953, -0.0768932456852659], [-0.16247932868546597, 0.05179208891011659, -0.27995020795098535]], "2": [[0.1273477564847361, -8.007132425510166, 0.08972974467759712, 0.42298447644421305]], "3": [[7.007031132274923]]}