{"0": [[-1.0042035815164618, -2.118533252868789, -1.0270329062370398, -1.0476162914363907], [1.0425026111980014, 2.2124188434021947, 1.096949752767577, 1.0947161819606095], [1.0918774253265444, 2.35744606697841, 1.1623355820508572, 1.1713734048677227]], "1": [[-1.6222968581473087, 1.7753859882675143, 2.000241238637943], [-1.7547513646805195, 1.9426160874716705, 2.196128723416894], [2.2072970049176845, -2.437592649164845, -2.757373117498719]], "2": [[-3.356021558510335, -3.754945779370908, 5.181837846045247]]}