{"Train": 1.4245372465234452, "Val": 1.4233503634703677, "Test": 1.424830716082188, "max_epoch": 3, "stop_reason": "Weight gradients converged", "num_hidden_layers": 3, "total_hidden_units": 10, "unit_combination": [5, 1, 4], "learning_rate": 0.9}