{"0": [[-0.2869607384672176, -0.006237941375254362, -0.14353438358824291, -0.12261924857179403], [0.6472548631326751, 0.03182968673033844, 0.3586497310073948, 0.3699759924123213], [-0.028782831930498326, 0.017869353853016294, -0.01219645162343345, -0.017029460555364636], [-0.05624998296717256, -0.014675173161282985, -0.025797096205479066, -0.01678468967854244], [-0.7040810415424024, -0.031180138262711345, -0.38154069916618766, -0.39485814841892786]], "1": [[-0.3273024331747881, 0.7612325756984057, -0.03459425035678115, -0.062329197499596624, -0.8230871343707336]], "2": [[-0.5069251546725645], [0.34483385359293006], [-2.30467058037868], [0.8858734615137525]], "3": [[-12.090297494046528, -0.125692822621322, -6.747359551139694, 0.17640610743536883]]}