{"Train": 0.11354966596532871, "Val": 0.11344648700904034, "Test": 0.11335233122880364, "max_epoch": 4, "stop_reason": "Weight gradients converged", "num_hidden_layers": 3, "total_hidden_units": 5, "unit_combination": [1, 3, 1], "learning_rate": 0.5}