{"0": [[-0.8472137243750999, -0.126950135554689, -1.1864179022128643, -1.0304816279560287]], "1": [[-0.16702520877122706], [-0.04647790411268115], [1.9362825907300998]], "2": [[-0.1623108877539893, -0.046372025321909725, 1.6194548613864888]], "3": [[11.25968493968391]]}