{"Train": 0.11354904092057441, "Val": 0.11344586263125934, "Test": 0.11335170308086018, "max_epoch": 6, "stop_reason": "Weight gradients converged", "num_hidden_layers": 3, "total_hidden_units": 12, "unit_combination": [4, 5, 3], "learning_rate": 0.2}