{"0": [[0.7069251747591192, 0.2917362947300493, 1.4446987752671587, 1.3437201444452063], [0.5674820272868681, 0.00910768625705054, 1.0274156686831082, 0.8656225662854732], [-0.11709437824333715, 0.12345488158383619, -0.04519998371315345, -0.021555267200331945], [0.5909785442499469, 0.11684942286839284, 1.1858096004977845, 1.029484138569041]], "1": [[-0.46182704841935635, 0.06563654731404145, 0.017180667320745892, 0.009657665744561249], [0.35341159004434397, -0.09593861825610786, 0.010092725719655506, -0.10874357534117196], [-1.4005678007308695, -0.02779028714186079, 0.0344617816055336, -0.11549727075706297], [-0.9299692337881557, 0.018495912636778723, 0.020564274881633773, -0.05210205173468359], [0.42619445991351623, -1.1982001437861143, 0.216830072913377, -1.145319137424239]], "2": [[-0.008333037216155317, -0.0010708009399590518, 0.10379527098279262, 0.03312213627639892, 0.28703308257026117], [0.517886144747973, -0.41086062060147827, 0.9654135982427378, 0.6932030476257678, 1.1037165298971354], [0.4079373534899325, -0.28074322960139947, 0.8131271399666603, 0.6019514871156658, 1.2921293365358844]], "3": [[-1.6460359761691776, 3.3072105188887133, 4.309760974154601]]}