{"Train": 0.14931111304697475, "Val": 0.1472001934452427, "Test": 0.14840922876949675, "max_epoch": 3, "stop_reason": "Weight gradients converged", "num_hidden_layers": 2, "total_hidden_units": 2, "unit_combination": [1, 1], "learning_rate": 0.5}