{"0": [[-1.7974857860300966, -1.5709443653512916, -2.1351999772720682, -2.179764517378842]], "1": [[2.172373251806974]], "2": [[11.514524381297912]]}