{"Train": 0.11354966669030336, "Val": 0.11344648766180769, "Test": 0.11335233203042026, "max_epoch": 3, "stop_reason": "Weight gradients converged", "num_hidden_layers": 3, "total_hidden_units": 12, "unit_combination": [5, 5, 2], "learning_rate": 0.5}