{"0": [[3.8250531134584813, 1.48676083213115, 11.395118112793297, 10.412190887823751], [0.07467585185818305, 0.03296361053870017, 0.4252111462686491, 0.3962162380945796], [-0.8717497595947848, -0.4814972933755541, -4.4471748652888365, -4.134236835591342], [-2.3058154543518894, -0.9908824717255964, -9.935036519082606, -9.280828367373665], [-0.3258030160056601, -0.1155843679301575, -1.7790782848081894, -1.6671289577698678]], "1": [[12.8494082816663, -0.6882926934741593, 14.19248320723001, 11.188056815447142, 3.6769863003040917], [-9.671483507821922, 0.3317498598382286, -6.747268678852408, -4.557364256890448, -1.8682678519440146], [9.524470928880806, -0.3246567513561433, 6.6128893695051385, 4.498939050587199, 1.829393884910548], [8.041459917059209, -0.28539157503867046, 5.580970087019444, 3.7567151095406426, 1.5227129323844555], [-7.196327131884025, 0.24353344415342776, -4.9656619832354, -3.3507618518538718, -1.3521264456203286]], "2": [[0.13377310774632908, 4.696995605472863, -4.727847852010102, -3.4409915195160496, 2.9276528318975705], [7.460916630505173, -2.183246845674376, 2.136902864355186, 1.7109389258918941, -1.5111623628275608]], "3": [[-0.6061754915955937, 10.142022081379395]]}