{"Train": 0.14931111318256127, "Val": 0.1472001935807369, "Test": 0.1484092289052619, "max_epoch": 3, "stop_reason": "Weight gradients converged", "num_hidden_layers": 3, "total_hidden_units": 10, "unit_combination": [2, 5, 3], "learning_rate": 0.9}