{"0": [[0.2287403461724742, 0.36354935657154575, 0.22810623790364104, 0.22276327096313134], [-1.0872276949896718, -1.242102192738762, -1.025876267853058, -0.9920556373310242]], "1": [[0.5040281884869249, -1.7767975741839623], [-0.3354643972582405, 1.3109301471006967], [-0.33358727628791834, 0.25498883811234496], [-0.16250528311234594, 0.20190484205942466], [0.1916223263377748, -0.23084013536608053]], "2": [[1.5104455735181215, -1.2469962887914998, 0.5547532335444599, 0.15988607076502934, -0.13284894970468386], [-3.677132317801832, 3.468852735684991, -2.242360504975242, -0.7209378250339574, 0.6439182710915136], [1.4554870911538975, -1.2279521881708702, 0.528225672577084, 0.14584260513613434, -0.13514748164881835]], "3": [[-15.281201226472145, -11.504729348654875, -15.083634884621969]]}