{"0": [[-0.6922516222972842, -0.28811787053887883, -0.5283118171367457, -0.46272913235393204], [1.2050200603653696, 0.5981282755620652, 0.8555029215971933, 0.7662801426990477], [-3.065107885569516, -1.2589557107941436, -2.229389881089045, -1.9213792218307595]], "1": [[0.5080872032763262, -0.8416470003070022, 0.50681583490881], [-0.060085262027733406, 0.07929592730860283, -0.02563629855510469], [-0.05586964619466994, 0.054052467761594176, -0.02472417688095933], [-1.0786754550058133, 1.7227594636392096, -0.9645962922880598]], "2": [[-0.5824777722873026, -0.06731347160290349, -0.05396123010542905, 1.0333580361856523], [-0.177660505248118, 0.026319607145944862, 0.00539651941170002, 0.18187629193096277], [1.1428440305624339, -0.6360569223471045, -0.540859313864497, -3.0776499261637436], [0.3818303230418936, -0.036535236369332036, -0.03839164040996299, -0.4013357159768233], [0.050333645343194865, -0.061544617997316975, -0.05354811809461663, -0.15927372201447057]], "3": [[-9.815522065603128, -0.4807406394306547, 9.91416350286424, 0.8575805281527504, -2.989255172322006]]}