{"Train": 0.16813680973622033, "Val": 0.17001781908786834, "Test": 0.17275772669893236, "max_epoch": 3, "stop_reason": "Weight gradients converged", "num_hidden_layers": 3, "total_hidden_units": 9, "unit_combination": [4, 4, 1], "learning_rate": 0.9}