{"0": [[-0.5667450642417055, -0.8829669112641739, -0.7672930837672531, -0.7602423553182254], [0.7175288130225204, 1.0968179713784123, 0.950290389649032, 0.9523736465646944], [-0.36458448809132094, -0.5427199852326875, -0.4827865405739396, -0.46613318466408143], [0.5503527020643773, 0.8509002905007867, 0.7576222177494784, 0.7439472293535638]], "1": [[0.16644112071366557, -0.22734674601864982, 0.11112398066369528, -0.16938124089436657], [1.3466637146557727, -1.8098282717911371, 0.7875968624647031, -1.3095673211599153], [-0.78004900282858, 1.038032435105853, -0.45532814186485887, 0.7511619364723576], [0.5844210470401937, -0.7984995513776799, 0.3346697290733823, -0.5693278960812655]], "2": [[-0.34822538913474627, -3.551904500346453, 1.6536838503671802, -1.222364206884069]], "3": [[-12.152605340559418]]}