{"0": [[-0.005493493379540965, 2.9418254907901815, 2.0975101713443776, 1.4985464209071917], [-0.6041958468132667, -3.934414566457005, -2.792388397745342, -2.013839027125779]], "1": [[0.23522466153110025, -1.3592693085769711], [0.0020059555133590465, -0.016232121289384668], [-0.001519201619310875, 0.01939983302462789], [-0.21386111313116413, 1.2941956400889436]], "2": [[5.1635488207481, 0.012280738452183804, -0.015078676789850164, -4.993449886963212], [-0.0023811328215900948, -0.0033809892043438153, 0.004635060340976123, 0.008203238814474713], [0.010871652295588442, 0.027307624759701454, -0.016320840733516657, -0.033208021721667945]], "3": [[-6.680448080220695, -0.004882263454992267, 0.019443341909648946]]}