{"0": [[-1.5411792673574856, -4.0019377128434686, -1.9300690078569225, -1.7619652968390422], [-7.240943376029724, 0.17029124786023864, 0.1124772047016492, -4.604450607175198], [5.378672311598652, 0.5335835491914402, -0.3721860930869069, 2.9382717953127457]], "1": [[2.316092432058903, 2.3328911649433537, -2.6707265440297525], [0.6002204763934894, 3.1330330781736406, -2.0156569448611954], [2.469344002563439, 2.939885145362933, -3.1329435216328987], [2.3008081499231525, 2.3145680613584623, -2.6359634199938156], [2.255679706215243, 2.233148778349827, -2.567239424907405]], "2": [[-2.043039229307849, -1.3237919695077671, -1.580501677423309, -2.0172225064222804, -2.042726968211583], [-0.896685849350435, -1.7419413780107675, -0.4991791040896864, -0.9178927111598145, -0.9423462268179645], [4.986036942540697, 4.689902951190794, 3.756587054559218, 4.896568412075216, 4.9448864768292085], [-5.484246681994466, -5.407613636958954, -4.178333926375534, -5.452682576275452, -5.479798928679559], [1.3853691918452327, 0.23312889816210441, 1.105212289843024, 1.3595684834320032, 1.3646855402596314]], "3": [[-2.4125908808775787, -12.233069013676712, 3.9531256661226726, -4.237408569152043, 2.19303236358454]]}