{"Train": 0.11354966670475634, "Val": 0.11344648767703674, "Test": 0.11335233204437128, "max_epoch": 4, "stop_reason": "Weight gradients converged", "num_hidden_layers": 3, "total_hidden_units": 11, "unit_combination": [3, 5, 3], "learning_rate": 0.2}