{"0": [[-0.18421456956924273, -2.047010773605488, -0.9724406376459825, -0.9470738086056716], [0.12468558444190402, 1.0987268219104052, 0.7687360042744535, 0.7975422616869061], [0.21084099964662753, 2.3344321249420696, 1.1294951053665074, 1.0734975191245835]], "1": [[-0.15876678074558548, 1.2934317138494227, 0.21812961151583285], [0.16506300515210387, -0.5686579102381817, -0.17153704680795195], [-0.051557983953145606, 1.8573900009086617, 0.11241327006338592], [0.2341094488344956, -1.4305425641949447, -0.3368430440746672], [-0.10453526928917792, 1.5624942604517513, 0.1682733364813298]], "2": [[1.026392681059395, -0.44280694930141484, 1.2867580880145992, -0.6920773896529313, 1.1780859771523862], [-0.452773459363157, 0.24891770506519248, -0.4974368135699643, 1.7904789593609227, -0.4931386268476667], [2.083610433194538, -0.9438249320571267, 2.610148926964186, -1.4914622218717122, 2.399596835089151]], "3": [[-3.0752827553398894, 5.291126496870516, -2.442002971361678]]}