{"0": [[-1.6845230891190437, 0.1212831065125071, -1.9026620861623302, -1.7839160336977473], [0.9929658329382814, 0.037705589802559315, 0.9660966799302084, 0.9753249775570166]], "1": [[-0.46219461694346387, 2.231773761536652]], "2": [[4.719617547525391], [5.880300455832315], [4.7671272189419405]], "3": [[-1.6033336770305038, -3.9380491630349095, -27.064251389336253]]}