{"0": [[1.1783496590923908, 0.8946268806054045, 1.1505987511184972, 1.1591815812043365], [-0.44411632054533556, -0.20653895626386112, -0.4115447868208431, -0.40739048582897563]], "1": [[1.837121892609797, -0.5545903485349625], [2.2318642210525796, -0.571116443753328]], "2": [[-2.1506702660334556, -2.863387495052653], [-1.7628754098743282, -2.3658093170314842], [3.53437999896447, 4.464936647250671], [-1.954037741192583, -2.162777256934843], [-0.21305933915993083, -0.21828559778951018]], "3": [[13.170395514394157, 12.727460265424869, -15.048744895519519, 3.001003782858063, 0.24296177473971264]]}