{"Train": 0.11354893286636436, "Val": 0.11344575224175381, "Test": 0.11335159690097442, "max_epoch": 3, "stop_reason": "Weight gradients converged", "num_hidden_layers": 3, "total_hidden_units": 10, "unit_combination": [4, 3, 3], "learning_rate": 0.9}