{"0": [[1.1322597173046935, 0.8913022490233022, 1.3056624668169525, 1.3420674658908407], [-0.8268686863622227, -0.6365175444252904, -0.9168161702499181, -0.9334112008774801], [-0.4405094802218565, -0.31675020185042096, -0.4862470698568064, -0.48362914177866717], [0.5105622763330803, 0.3962616392111346, 0.5631530720313856, 0.5791553270262496]], "1": [[-0.336838722051954, 0.22080028935694568, 0.12199458762433826, -0.13195645516342838], [2.78162298906055, -1.7558271994617953, -0.8611983565070815, 1.0297523752333495], [-0.6211587089758245, 0.37434793669826144, 0.18498518303148137, -0.23286312524926805]], "2": [[-0.3970127389221295, 4.054175216399849, -0.7158678474788015], [0.1887069949780927, -1.8039557721782766, 0.3043550305754284], [-0.043153083028307435, 0.6181988622206198, -0.09657251596283062]], "3": [[-4.711123278982074, 1.8051959834572058, -0.613577705664515]]}