{"0": [[3.294956271288909, 0.7608520675498002, 3.1916283992704413, 3.352550592485492], [-2.059001605839724, -3.477598113944552, -2.3369732553033122, -2.3192873474175038], [0.7347051803582985, -1.0192878038836348, 1.1400128559939355, 1.187130109561215], [-1.1120056060308892, -2.337244509237512, -0.8227493833148096, -0.812972999775928]], "1": [[6.721824518225341, 14.349771681386583, 7.939820867041708, 10.062147359944483]]}