{"0": [[-4.6611447811273266, -0.9513672165041878, -1.516629768194744, -0.47051330105162087], [0.9763909179917678, -0.34106904956074513, -3.173021383176842, -2.909692328971609]], "1": [[-1.6381805622851235, -1.3916125811302027], [3.643049429413828, 0.5816546600496377], [-1.6812777251022017, -1.354320550832759], [1.6854009860169494, 0.8560810603459691]], "2": [[5.3885342425120095, 2.571987516185995, 5.340127511488228, 0.969135661252528]]}