{"0": [[3.007183619707831, 7.998937620553199, 1.5394924707903972, 2.1642111377128104], [-2.5938002595196026, -9.199209169203256, 4.738043331055593, 1.7850023690976604], [-14.001768345392463, -3.5679766864277482, 4.378344903363137, 5.0418739020714956]], "1": [[-10.261294879378967, -0.2313456848971378, 3.4842920976426055]]}