{"Train": 0.1135496668740837, "Val": 0.11344648784611144, "Test": 0.11335233221445366, "max_epoch": 4, "stop_reason": "Weight gradients converged", "num_hidden_layers": 3, "total_hidden_units": 11, "unit_combination": [5, 3, 3], "learning_rate": 0.2}