{"0": [[-0.06845525477451658, -1.5188769143709948, -0.5055718927652781, -0.515922589299367], [-0.3386024885022537, 0.1993453173498142, -0.23674998266337843, -0.18011435552847932], [-0.5751945072059808, -0.7705856663925723, -1.2000474471279892, -1.0253603047948008], [0.24691429795055617, 0.15404856820529958, 0.37778417065181863, 0.32103593783731443], [0.9710816904286301, -0.4226639671595021, 0.5450387810125917, 0.4908958509256159]], "1": [[0.31763985304339637, 0.6117264401073819, 2.290333081163095, -0.7851149964598927, -0.6087736306092596], [0.09917356845141925, -0.6659262691417634, -1.7812523768635355, 0.9901550691967468, 1.1158201794127156], [-1.504948827699053, 0.1222551774224596, -3.3677190818076403, 0.6791148418473689, -0.4818350853136259]], "2": [[-2.266333306881597, -6.389170020031082, -8.471376330233129], [-1.6128853093995865, -2.6562831031356278, -2.435276806410893], [-0.4804492729649761, -0.49999224262742975, 2.0499483521949307]], "3": [[0.6896339944221167, 7.681819481100388, -2.966916418716613]]}