{"0": [[-6.155623889177727, 0.3695515401978417, -3.705673687046637, -4.163454798941739], [-1.440708745045058, 0.17365395198344438, -1.3495509734501048, -1.341653009354087]], "1": [[0.5993228688592307, 0.6672497139798693], [0.6649311941607363, 1.1210089987698892], [3.7900911928994083, -1.9521995961683238], [-0.6161574258171847, -1.5129626794621536]], "2": [[0.4209613838468992, 0.6398655808235464, 0.9097152115429139, -0.7952656436613829], [-0.12866092590043018, -0.5509236420860582, 5.678960300106166, 1.0343618158714787], [0.16400408096768782, 0.6496057285448439, -6.273950438159802, -1.2046868677722353], [0.38180076214859615, 0.5829600210971426, 0.8558880151358207, -0.7172508744513627], [0.8676244659985949, 1.47794502231201, -0.3481342821804479, -2.0901953896692467]], "3": [[7.443240355589899, 9.559992123371233, -9.96860960560458, 7.6674257351997275, 5.361405600003896]]}