{"0": [[0.4431119961453834, 0.3892871480276726, 0.6790429868188812, 0.7111819408126757], [0.5087389523550875, 0.4674945779038779, 0.7620647870311144, 0.7962930639427601], [0.036630689704941634, 0.02192970671957686, 0.04561587195102748, 0.08601275734368027], [0.16377376707228122, 0.139301407494811, 0.2032064994410659, 0.249295785790177]], "1": [[-0.8709721421724268, -0.9737540854336305, -0.07657739409894954, -0.27203921825398514], [0.2832332814915245, 0.3093029796360426, 0.02415366931477163, 0.08656280704884675], [0.17764625072793994, 0.20476046776916165, 0.032716771313978786, 0.04859283902821633], [0.76716581177245, 0.9229199972700873, 0.058321722985636135, 0.24885509261115304], [0.24974585256709572, 0.2823311251101582, 0.014873363574312227, 0.08652345690738761]], "2": [[-0.04300982773127752, -0.013378954222539277, -0.018639972034276687, 0.028518755339022334, -0.022662339114928848], [-1.5354736208232258, 0.44154371071077203, 0.2844058035588531, 1.3835104805342733, 0.3982199065628939], [0.04095941661068211, 0.017979156508612832, 0.022584581195579316, -0.02346208290852466, 0.009311887297284712]], "3": [[0.021102221500668844, -8.770598822909905, -0.01956675904136738]]}