{"0": [[-5.087519990910936, -3.1211412327409933, -0.8075243977009383, -2.0027594903830437]], "1": [[-7.637992052145436]], "2": [[3.076312895829051]]}