{"Train": 0.14931111317278922, "Val": 0.14720019357097772, "Test": 0.1484092288955071, "max_epoch": 4, "stop_reason": "Weight gradients converged", "num_hidden_layers": 3, "total_hidden_units": 9, "unit_combination": [3, 3, 3], "learning_rate": 0.5}