{"0": [[-31.37899996320026, -73.43859869643322, -36.86256195918602, -35.947645046900355], [-2.3781056580533453, -5.5104114586085835, -2.7876686777373028, -2.7003454259471322], [-31.27761041670784, -73.1520861381974, -36.76807928951657, -35.81343301829041]], "1": [[-4.903356887728076, 2.680286679706468, 3.468144087539412], [-2.5169492071920554, 1.5462196140442366, 2.269978037627701], [-3.2560809705920115, 1.9682322367396843, 2.824810377839284]], "2": [[3.5321317854055425, 2.1502156722253907, 2.6615939466858447], [-4.12645103749455, -2.3302173416928693, -2.909318224283972], [1.229206237461147, 1.0144274212776234, 1.0512998514429328]], "3": [[0.6757679883867648, -18.910865727434555, -7.117783258787982]]}