{"0": [[1.4045133272568937, 1.3131447440374457, 1.0587061920503642, 0.9518384049134799], [-0.5224106933389583, -0.994617200246423, 1.0050591572199823, 0.9377492136593748], [0.1218828169336698, 0.9355999196353102, -1.8948387168219658, -1.7939730621730967], [-1.5730777843605124, -1.2569416086228213, -1.1133392710813876, -0.9312275589933456]], "1": [[0.7497879381802216, 0.3498520243896117, -0.8920484423567195, -0.6182653284812152], [2.7960300056945786, -0.6026936876834734, -0.3418740863659281, -2.3033551980262583], [0.5208998620616994, 0.2320009389657107, -0.5766186751088486, -0.46256399231263207], [-5.357369262774428, -1.575607884963128, 4.9435030186658935, 5.08417592490572]], "2": [[-1.445409554853637, 4.938125560853008, -0.528238274379916, 8.840946591708112], [0.8707496856208298, 0.9038460877747531, 1.135764827001698, -0.47613790334408096]], "3": [[4.909550714407477, -7.084347437676679]]}