{"0": [[2.0651884347163163, 3.938658682535409, 2.0170427062935494, 2.0167852310709944], [3.344295268700117, 6.366564564357682, 3.2281946995821396, 3.2518748741066013]], "1": [[-4.933020057409174, -6.326549562633471]]}