{"Train": 0.16813663374491342, "Val": 0.170017643828649, "Test": 0.1727575455612733, "max_epoch": 3, "stop_reason": "Weight gradients converged", "num_hidden_layers": 3, "total_hidden_units": 10, "unit_combination": [5, 2, 3], "learning_rate": 0.5}