{"0": [[0.2836513346665601, 0.5084419745108641, 0.4221574593821418, 0.4536294807218625], [0.042734892438264914, 0.09728693692370464, 0.07629809578219492, 0.06784921365784766], [-0.22317511967539078, -0.41337187553459354, -0.3138057428536077, -0.3453337544374103], [0.010352038212603094, 0.060990296005019026, 0.026690522204345663, 0.042781113435984924], [0.18716341060813652, 0.4141300269651977, 0.3145920246036746, 0.34993412693112613]], "1": [[-0.07003284621070839, -0.006652057862060972, 0.034671471785407054, -0.0028521033162237476, -0.04342478901473548], [0.8492283208461471, 0.16407283663755082, -0.6760088230811678, 0.08453271098734515, 0.665252510813541]], "2": [[-0.5005108203865385, -0.1910943856403509], [-0.29514250056346764, 3.090544412870669], [0.5167024250778142, -0.05403715014142772]], "3": [[0.687219707199802, -7.7862950404628695, -1.1292711250400853]]}