{"0": [[0.6486474116105293, 3.2067718075640133, 1.4115686924182504, 1.4756893387983596], [-0.3507641636201178, -0.5729983666754268, -0.20633082064925654, -0.21447116860983376], [-2.429038619784328, -2.973477673720022, -1.477035544808694, -1.5310750534500543], [2.4214571117408417, 0.3862862542796256, -0.11551109209012404, 0.08947770633427395]], "1": [[-0.9047304553315717, 0.2851904202739339, 0.9345561809986543, -0.13457579639634754], [-2.03793502232268, 0.21318562362882215, 2.27403863942673, 0.3596627019096435], [0.26697101538966467, 0.48441697498760045, -0.3920867321859065, -1.9045602953643597]], "2": [[1.007747857388927, -5.114856201803398, -0.8895816840889467]], "3": [[-5.299440578002168]]}