{"Train": 0.16813673492218462, "Val": 0.17001774413770138, "Test": 0.17275765112053468, "max_epoch": 5, "stop_reason": "Weight gradients converged", "num_hidden_layers": 2, "total_hidden_units": 10, "unit_combination": [5, 5], "learning_rate": 0.5}