{"0": [[0.3947475574101569, 2.068199903392001, 0.8222745509273257, 0.8072614995305928], [-3.457145328042584, -17.657589624757662, -6.713429417989752, -6.571430650168494], [-2.597351059722782, -13.388376939453392, -5.199442844979387, -5.146845034587523], [0.552374189768334, 2.8920730664075984, 1.1292976931650351, 1.125865203929111], [2.771373048441172, 14.297781580406285, 5.49302518389697, 5.40840829886279]], "1": [[-0.028318257597801284, 0.10569303635376634, 0.1057757346860109, -0.046791139717232644, -0.11453621868064548], [-0.08392200025617345, 1.092201069263734, 0.7115701226438162, -0.20325929311253121, -0.9997122033377066], [0.038544010250929246, -0.5294526900434658, -0.32576241928621724, 0.10076842037848899, 0.5280904554486278], [0.07474200471373954, -0.9052272452487118, -0.5744269340088747, 0.18065249985725898, 0.8245231180166697], [-0.10726640384762393, 0.6843451416711758, 0.5883488011474071, -0.13465124950361992, -0.5916642089691418]], "2": [[-0.04919570617998214, 3.259778506041626, -2.777431040627649, -3.0653710349585466, -0.7724464049820045]]}