{"0": [[0.4718411104608647, 0.8873728897376685, 0.4381316826598596, 0.44421332004859115], [-1.9295723997615999, -3.5892082838019035, -1.8232165823071584, -1.8472772364617263]], "1": [[1.0928931061238003, -5.366453076784476], [0.075115148355283, -0.36250452792993343], [-0.46151170585305784, 2.3655680230191187]], "2": [[-5.665818845409183, -0.36413725103525907, 2.416024492769679]]}