{"0": [[5.230766268594826, 0.11825520136341516, 0.17795665783957992, 0.27767391432238986], [2.8849380870362236, 1.0091402172278658, -0.0023175332707235877, 0.3914686661743414], [-2.1083341595492886, -0.7945859559381983, 0.04129453603543028, -0.26187554289512793], [4.149174637165245, 1.0619806944663799, 0.13538512530452312, 0.5172648714348931]], "1": [[0.6357853746577455, 0.47624520445665075, -0.4718744256287201, 0.10902693248355963], [0.6467727469631573, 0.3294786491666872, -0.29098825636199027, 0.04303372641959255], [0.6586578458179583, 0.3035318199745331, -0.2843503629814703, 0.03445192364614023], [2.104408285610182, 0.10031298843709197, 0.028880694618590233, 0.5074535478304126], [-0.6782948499790448, -0.30888996401059143, 0.28111822520266655, -0.06054531036138376]], "2": [[-1.1992800593195307, -1.0576027121151386, -1.0345065905639599, -0.5467451858610921, 1.0368313587259024], [0.3340607528473436, 0.2990284179936539, 0.2977308434157224, 1.1381408120956495, -0.3224312364925056], [0.2531386626400019, 0.261210299221889, 0.26173569811360775, 0.7491658698435779, -0.27210441817916353], [-0.25844853615624114, -0.2608631357309094, -0.2726586673069477, -1.2340225892252, 0.28252446395383535]], "3": [[9.15290148863765, -5.404987979121092, -4.500826458887895, 5.246467692465928]]}