{"Train": 0.14931106472777853, "Val": 0.14720014490140693, "Test": 0.14840917748192806, "max_epoch": 3, "stop_reason": "Weight gradients converged", "num_hidden_layers": 2, "total_hidden_units": 9, "unit_combination": [4, 5], "learning_rate": 0.2}