{"0": [[-1.8124765526525444, -0.19788578125859083, -0.5363094533468752, -0.552199315555861], [0.9577409571098598, 0.6814623660183449, 0.3475297583846348, 0.3379935101493277], [1.0898942083185654, 0.9282328303378254, 0.754339468324436, 0.7715018321305354], [-1.7296781768712826, -0.20753536162217437, -0.507761000715901, -0.5461558487334637]], "1": [[-0.4229999996458665, 1.822208271973309, 2.375751136829572, -0.4379598767696274], [0.013766571721846031, -0.19812093410033133, -0.19747711078359415, 0.025351157989848713], [-0.20855146522777207, 0.42221463329289904, 0.469222951259837, -0.1724884157715163], [-0.07627069693366112, 0.2598195789221865, 0.28785896082433493, -0.06859393335598261], [0.49116016134825713, -0.898397726855123, -0.9629158013541961, 0.47657562017705934]], "2": [[-3.8346313943633605, 1.7385475824797034, -1.9728680103282645, -1.8594000919503613, 1.9357304798003776]]}