{"0": [[15.158964487624493, 4.571046193867936, 17.59041094345673, 19.084829760405874], [5.489337544212765, 1.7693917045201062, 6.653621883671471, 7.274856622292179]], "1": [[1.3432411490175358, 4.567416779641657], [-4.063212759782084, 9.033222367084928], [-0.7537582861717101, -2.1435950955089456], [0.7989367014434666, 5.367610236608668]], "2": [[3.9001967566614506, 6.573492587920446, -1.7514188083740128, 4.172359028129276]]}