{"0": [[1.0891124268458736, 0.10349443001474476, 0.8934534599503656, 0.8259063841152441], [-1.4549931976781338, -0.13353944600168127, -1.2277461653254023, -1.1142093380029892]], "1": [[-1.5010058026912203, 2.1422964304311516], [0.811061013977329, -1.175370962396662]], "2": [[-1.5836928754858361, 2.0321167523324912], [-2.387905850060672, 1.322511694429978]], "3": [[-3.3368602736435498, -4.9632219208846955]]}