{"Train": 0.16813680975131387, "Val": 0.1700178191030021, "Test": 0.17275772671416217, "max_epoch": 5, "stop_reason": "Weight gradients converged", "num_hidden_layers": 3, "total_hidden_units": 4, "unit_combination": [1, 2, 1], "learning_rate": 0.9}