{"0": [[-1.021761232396427, -0.5013361198639963, -1.2792509018306681, -1.2811370921013923]], "1": [[1.281825161227867], [1.743160806818211]], "2": [[1.1520172625756377, 1.5653571334467307]], "3": [[13.134485638370043]]}