{"Train": 1.475865874347128, "Val": 1.4761823452027873, "Test": 1.473714260753355, "max_epoch": 24, "stop_reason": "Weight gradients converged", "num_hidden_layers": 3, "total_hidden_units": 7, "unit_combination": [1, 3, 3], "learning_rate": 0.2}