{"0": [[-6.549902694009486, -7.44217773815456, -3.444039266713312, -3.775044934289522]], "1": [[1.6003006226212357], [0.37756971946274054], [-2.033485249980032]], "2": [[-0.05429018286770582, -0.018831353410982344, -3.4557297088378403], [1.2623292906357981, 0.28090969983771225, -3.7205710052260117], [1.2079553834954178, 0.2810320121124228, -3.6024419593832597]], "3": [[-2.863713729805896, -3.0577989398163545, -3.6678913213473328]]}