{"Train": 0.16813680856332147, "Val": 0.17001781791856818, "Test": 0.17275772549285856, "max_epoch": 3, "stop_reason": "Weight gradients converged", "num_hidden_layers": 3, "total_hidden_units": 10, "unit_combination": [3, 3, 4], "learning_rate": 0.9}