{"0": [[-0.3613159491570367, -0.2610593171035927, -0.40853448018075206, -0.396437720667788], [0.7456060660135558, 0.5582350562398528, 0.8667435237918362, 0.8437691645374836], [-0.2660329928553611, -0.20631780073501815, -0.31769844683512366, -0.3118080292845572]], "1": [[0.6708536196066883, -1.6393562780022508, 0.5158559637733585], [0.31047674618797133, -0.7447793652425663, 0.22992343034192855], [-0.148079025626486, 0.3513655720103393, -0.11415669738093824]], "2": [[1.3672193433582296, 0.515010920833512, -0.24816413775441934], [1.3082731975326876, 0.49292550524127854, -0.22670826454690526], [-0.3324477790497643, -0.08120785100178246, 0.02308803424558387], [-1.246136041525952, -0.4641690064733874, 0.21930039591402922]], "3": [[3.6505091395206315, 3.556918342604835, -0.47014100288999844, -3.462343676155673]]}