{"Train": 0.11354966663020392, "Val": 0.11344648760155251, "Test": 0.11335233197022679, "max_epoch": 4, "stop_reason": "Weight gradients converged", "num_hidden_layers": 3, "total_hidden_units": 7, "unit_combination": [4, 1, 2], "learning_rate": 0.5}