{"0": [[0.1418149363674972, 0.0168507478728721, -1.681271470845996, -1.1683657180560658], [0.2566114146704055, -0.005063972553385019, -1.629055563946239, -1.0139205944507141], [-0.17801080422164764, 0.018015789785230732, -1.0773384848472325, -0.7976052972966541], [0.17463163570864307, 0.00187635412453851, 0.348536198994269, 0.2937983460613316]], "1": [[-1.9900484809469647, -1.8738063471095567, -1.8800231480752638, 0.7616521954570704]], "2": [[92.99957772780745], [81.57698593685777]], "3": [[-9.261298764533867, -1.3956830499309323]]}