{"Train": 0.32610828768238803, "Val": 0.32720402629702117, "Test": 0.32734602200933977, "max_epoch": 49, "stop_reason": "Max epochs reached", "num_hidden_layers": 3, "total_hidden_units": 4, "unit_combination": [1, 2, 1], "learning_rate": 0.2}