{"0": [[0.1633753532853893, -0.633064042950883, -6.510885423214779, 3.677743826557389]], "1": [[4.088955690599694e-205], [0.5440320023027859]], "2": [[4.088955690599737e-205, 0.11252750699288315]], "3": [[-0.11923260324135744]]}