{"Train": 0.14931111317165566, "Val": 0.1472001935698319, "Test": 0.1484092288943377, "max_epoch": 3, "stop_reason": "Weight gradients converged", "num_hidden_layers": 2, "total_hidden_units": 5, "unit_combination": [4, 1], "learning_rate": 0.5}