{"0": [[-0.7326153569031046, -1.3765633592424118, -0.6908074310446646, -0.6667461213808435], [0.879888020525146, 1.6354955772269761, 0.8094881733724225, 0.7909840501772125], [0.5478028805611609, 0.9994931647163819, 0.49660920697600197, 0.5049929953949097], [-0.25032983789660834, -0.4637972527360016, -0.2348481539885237, -0.21095328911299696]], "1": [[1.927951498112945, -2.368225522172859, -1.380306730548615, 0.6156820820322193]], "2": [[12.47089694559618]]}