{"0": [[1.8513861162507468, -0.1061389093412553, 0.18502362521836313, -0.39990209628677187], [6.047154024429279, -0.15656608856835028, 10.956872866904643, 14.304160768983339]], "1": [[-2.8862713768543884, -5.584954890138839], [5.415212095428008, 3.8301410563105502], [-0.21234421454869326, -0.3821237095603996]], "2": [[0.9363177219886544, -1.1158435409028031, 0.15494404331738945], [-8.240745964179125, 5.209380933757071, -0.9807680312936791], [-1.5937369601257256, 1.8010044089604793, -0.12181682491339714], [2.1128414425420017, -2.5215435517659626, 0.2940084030729587]], "3": [[1.5475231356903023, 0.4302542046936039, -5.204798857172629, 7.151699227867409]]}