{"0": [[0.6080367469583732, 1.1243207464290663, 0.5673820224685358, 0.5485250718790006], [-1.960944455661723, -3.690469844615661, -1.8185112239155143, -1.7810874156694378]], "1": [[0.646049084628949, -2.5333572516060583], [1.3617752734973092, -5.403481032895003]], "2": [[-2.624783728678745, -5.7411478601266985]]}