{"0": [[-2.8648897955963184, -0.3567462173440254, -0.34954460860078695, -1.925151644140317], [3.192638075930343, -0.21755610618913, -0.1721275641700012, 1.3589461152613689], [-5.589149452388802, -1.03913709815082, -0.9736441763333649, -3.989072556387794], [2.928662348582021, 0.4059978546591655, 0.41930927824983844, 1.9953293109122037]], "1": [[-0.564419111512758, 1.4011900508227415, -0.5341010531650627, 0.5558870857180994], [-2.2338278742766864, 3.45118452261705, -1.914198054267292, 2.0459406061274565]], "2": [[0.01273402704565809, -0.01510537701106379], [-2.5461339129608023, 5.098067401227949], [-0.4014504056247213, 0.9103734636312616], [0.2894188517336757, -0.1473282968977643], [-2.7753955767962983, 5.294586249236604]], "3": [[0.007304188862932554, -4.194374500199683, -1.5000922614594532, -0.19340473863381968, -4.041940658965592]]}