{"Train": 0.14931110839538453, "Val": 0.14720018879808983, "Test": 0.14840922412040697, "max_epoch": 23, "stop_reason": "Weight gradients converged", "num_hidden_layers": 2, "total_hidden_units": 3, "unit_combination": [2, 1], "learning_rate": 0.5}