{"0": [[1.2197945242703883, 2.359834875180675, 1.077490877079261, 1.050394702453164], [-0.25446054684994146, -0.4859131198058026, -0.20265514254368608, -0.19752359234933953]], "1": [[-4.174418871811146, 0.6058026428432433]], "2": [[9.427339522794464]]}