{"Train": 0.16813680975299203, "Val": 0.1700178191046778, "Test": 0.17275772671586812, "max_epoch": 3, "stop_reason": "Weight gradients converged", "num_hidden_layers": 3, "total_hidden_units": 10, "unit_combination": [5, 1, 4], "learning_rate": 0.9}