{"0": [[-0.6161065504194465, -0.21516057286023108, -3.2309735851341275, -3.105710803369459], [-1.1724891960788284, -0.1333900325860739, -5.186936716460542, -4.98478342796058], [-0.589638438749262, -0.18593778789291768, -3.032416380936977, -2.9202183221318374], [-1.2533589805551177, -0.0969891786067481, -5.316517004091347, -5.134262652528109], [-0.9398473945212803, -0.2263359042204296, -4.549884763658231, -4.397615320624075]], "1": [[0.3499527706355404, -1.5522313666090926, 0.1655218642127078, -1.7089034004658938, -0.1362943670165285]], "2": [[1.7980818461368073], [0.7590579087683959], [-2.634986790349101], [-0.6368621657534541]], "3": [[-3.292219779193077, -7.664046391364471, 4.037370310618, 2.107965654573254]]}