{"0": [[0.04000220949489812, 0.2269194456566807, 0.462716734034422, 0.4202770041826884], [0.02522196207531229, 0.8211092805631541, 1.4694601550157904, 1.4009055459740258], [0.9860120208329085, -1.3259548272948258, -1.7689557845392663, -1.8356627247060153], [0.12417181992150013, -0.9673968041736392, -1.6469435679839195, -1.56525880669932], [-1.4384397129946396, 1.015376647293439, 0.7618271623137889, 1.3053884559516777]], "1": [[-0.28752525802295764, -0.6413600690386269, 0.497622620310116, 0.6613738481028103, -0.19179967060358083], [-0.004913872031705681, -0.0033934143098046927, 0.0022189722339291027, 0.0009389505089544766, 0.018293754407969084], [-1.1012200781178716, -3.5466529236987983, 4.223798144429532, 3.94101095361866, -3.361652371846327], [0.12113309276110898, 0.23685480545413348, -0.1827996888086499, -0.23663015858486816, 0.008410977917783736], [0.07859935568542473, 0.17717429438185625, -0.1251498770807071, -0.16731714975026235, 0.072762451676777]], "2": [[-0.2521808766651139, -0.03387096070210891, -1.462914674599464, 0.148468229087905, -0.05402296726872312], [0.2231836625521042, 0.04560977404432607, 1.368501400945754, -0.19521142460537733, 0.08591290979185547], [0.26091216785353133, 0.046083513232394596, 1.4678799980909292, -0.18065540421429635, 0.05843623112437268], [-0.13295059240244028, -0.021661709881169208, -1.26776544093633, 0.024350945621002464, -0.09890112467453432], [0.13355343718690982, -0.027750440929151354, -3.196019459844929, 0.04818114622741157, -0.07664857371042708]], "3": [[-0.6208914007590746, 1.0138688122417303, 0.684054373421886, -0.7745350022563224, -5.222052518579022]]}