{"Train": 0.16813680975547884, "Val": 0.17001781910717031, "Test": 0.1727577267183793, "max_epoch": 6, "stop_reason": "Weight gradients converged", "num_hidden_layers": 3, "total_hidden_units": 9, "unit_combination": [2, 3, 4], "learning_rate": 0.2}