{"0": [[0.048843540169427595, -0.8543348732307986, -1.7775001713538505, -1.7567267387211467], [0.3378038206660664, 4.928735653742116, 2.9951694141941445, 4.292270250329729]], "1": [[4.012775760075593, -0.4421182402072433], [-1.7836261614352629, 2.618866486072171], [0.8260557587674834, -1.5466962985343184]], "2": [[1.8762566572908388, 0.21647832292006566, 2.3450929618257477], [-2.545509626931918, -0.3427572134886715, -2.6326601447916818], [4.038983998491542, 0.5617720262007371, 0.5954246297321022], [-0.5038940013834189, -0.1710284180356246, -1.5790486465147768]], "3": [[1.0222925134787941, -1.1333587215765508, 14.296881975973614, 0.028314545220978295]]}