{"0": [[-2.3363881643600655, -0.9612933141712209, -1.9748313483168927, -1.9063302934122432], [0.47239675747445736, 0.23757552325056372, 0.2721992166927792, 0.2571711137049959], [0.7653162571299399, 0.3621152460891361, 0.4870441553021567, 0.4622738588689117]], "1": [[1.1700772824976873, -0.529784864859664, -0.6873962582244798], [1.5972163902413226, -0.6272318666761036, -0.8356328102092805], [1.5105473957609883, -0.5824302174943792, -0.775583804488082], [1.7583869897670237, -0.488794740943204, -0.6364003195858294]], "2": [[0.8298099709734196, 0.9670721609538103, 0.9656478754353938, 1.2122063443309765], [0.6072813023781045, -1.6545957443957635, -2.1069709837119603, -4.376651496453404]], "3": [[-3.806545301603766, -25.28944980467898]]}