{"Train": 0.1125932387742438, "Val": 0.11235121720110361, "Test": 0.11171599702726373, "max_epoch": 7, "stop_reason": "Weight gradients converged", "num_hidden_layers": 3, "total_hidden_units": 7, "unit_combination": [2, 1, 4], "learning_rate": 0.5}