{"0": [[1.614786197642454, -1.3241821014851172, -10.449250333438581, 2.566799862168657], [-8.330780394954967, -0.3661983733452828, -8.115252622467258, -6.999448370038294]], "1": [[-139.18343026186193, -134.61381760148967]], "2": [[-1.1766693436460505], [25.293840517752866], [-48.33147778242727], [-0.35031404578693937]], "3": [[14.18766648710352, 7.377410825533311, 12.285059665783294, 13.53159308084171]]}