{"Train": 0.11354806204766148, "Val": 0.11344487886102698, "Test": 0.11335072487779844, "max_epoch": 9, "stop_reason": "Weight gradients converged", "num_hidden_layers": 3, "total_hidden_units": 7, "unit_combination": [4, 1, 2], "learning_rate": 0.2}