{"0": [[-5.063183935169209, 1.0305700004000669, 2.226216696381253, 1.5716359025146929], [1.3895687288052958, -2.0388943940124733, -3.082432000457167, -3.319601765031338], [2.080775644329492, -0.20057419760870057, -0.2704659140925165, 0.18535573430383623], [-1.3970033534778477, 2.0242856476120843, 3.0691053025705166, 3.297443977747653]], "1": [[-0.9020275366780037, 2.801087467851807, -1.5541274814766723, -2.766716855659997]], "2": [[1.6884570715371373e-43], [5.797109746228723]], "3": [[2.1726740028758115e-43, 6.456401684474307]]}