{"Train": 0.16813586995909927, "Val": 0.17001687718683423, "Test": 0.17275677772787568, "max_epoch": 34, "stop_reason": "Weight gradients converged", "num_hidden_layers": 3, "total_hidden_units": 10, "unit_combination": [4, 1, 5], "learning_rate": 0.2}