{"0": [[0.5484785179382183, -0.8279500736284261, 1.0540996811334773, 2.0547395725409343], [-0.5726474239958695, 1.0160367489525055, -0.7077788159645215, -1.7118125946982206], [-0.18158766262062304, -1.8778139977134038, -3.2838162837468095, -4.0833209801573584], [-1.1833047457239965, 3.5746516033397566, 2.9981603729397954, 3.763926132422012]], "1": [[-1.3225968192748545, 1.5548644042492101, -2.601635253666799, 4.813527378957525]], "2": [[-1.1517613013332143e-42], [-6.636549364074961e-45], [5.1681615368630586e-42], [-2.9885912472644284e-45], [-10.15668021292485]], "3": [[1.1517613013332143e-42, 6.636549364074961e-45, -5.1681615368630586e-42, 2.9885912472644284e-45, 6.754909731201468]]}