{"Train": 0.16813620260202958, "Val": 0.17001721058154529, "Test": 0.17275711362509402, "max_epoch": 4, "stop_reason": "Weight gradients converged", "num_hidden_layers": 3, "total_hidden_units": 10, "unit_combination": [5, 4, 1], "learning_rate": 0.2}