{"0": [[4.414810295803072, 2.9503416332166252, 1.7327339426285742, 1.8312286348325795], [-0.1567743383732571, -0.7031648463446986, 0.809085790801622, 0.7014759106054503], [-3.246606439707823, -2.7371201690471514, -1.288111362446675, -1.3667926008097935], [-0.005792993150683693, -0.0920483959830941, 0.19582546064805076, 0.18466198461687572], [-0.617914685469643, -1.7551208881982738, 1.9439074206976998, 1.9604261346015692]], "1": [[1.7401455432328814, -0.7350685213058682, -1.6366005082116621, -0.19014049520424042, -0.5651242886130349], [-0.3859018551158233, 0.6576855985404831, 0.31683217518914103, 0.17496128190160612, 0.9564592981938873], [0.8342111070861224, 0.07095729079498206, -0.6703761624796688, -0.013748735226957978, 0.712577273676462], [1.7085977931497927, 0.8730777998244501, -0.020725626207606287, 0.19978572894923682, 2.1530332362509865]], "2": [[5.2947700411309455, -4.996157024124824, 5.968360284264013, 7.427410220034415]], "3": [[-6.97335148179776]]}