{"Train": 0.14931111318256, "Val": 0.14720019358073563, "Test": 0.14840922890526062, "max_epoch": 3, "stop_reason": "Weight gradients converged", "num_hidden_layers": 3, "total_hidden_units": 14, "unit_combination": [4, 5, 5], "learning_rate": 0.5}