{"0": [[-0.007321224443078773, -0.023029288819224003, -0.26350933972833385, -0.20261427117291], [0.1164555297864226, 0.00012098607003026232, -0.6740874944159839, -0.44917016123475656], [0.816824329892433, 0.21577922101716282, -0.01354040436675052, 0.35266957930313664], [-0.9558992739740663, -0.35734503153783986, -0.5234836161132932, -0.8657619343011536]], "1": [[-0.11022087431122378, -0.4142187336785647, -1.1699294420803437, 1.6423976394469932], [0.13863803840597927, 0.3034757772727407, -0.08688180675792861, 0.2905716186260304], [-0.09157733995927023, -0.1438855921298045, 0.5111606996942922, -0.8156206587804], [-0.12696993693202846, -0.25786985884508146, 0.07775780775240057, -0.23905388760622734], [-0.06579921614823472, -0.025884854895149443, 0.9274946646730334, -1.3417337162999485]], "2": [[1.9081667714848138, 0.07011778635483988, -0.3754164268364912, -0.013998321773810427, -0.630082192798109], [1.4684569171617448, 0.8579838866146758, -1.0154576323596327, -0.7261294497380593, -0.9977121923050896], [1.8897147555398688, 0.049872634694314966, -0.3130932120262415, 0.019235859246505855, -0.5960885269128842], [1.9010796269662376, 0.06857032623700994, -0.3376297124291564, -0.004314119239292318, -0.628886264810689], [1.871203631502782, 0.12750365777219966, -0.4438877795615158, -0.06739060939523848, -0.6854907976260406]], "3": [[1.4312756786347403, 11.145415507230503, 1.3326109460763755, 1.4001087114229627, 1.729948913050071]]}