{"0": [[-0.4840281742114, -0.0222594656727354, -0.28073828179485755, -0.272786731085053], [0.7074131856677265, 0.04587534796017431, 0.455100021278174, 0.43180120592910487], [1.1955614961712597, 0.22165054039679427, 0.9064201543181085, 0.8730589800628511]], "1": [[1.2602234726453452, -1.5816307218145667, -2.0923659534053822], [-0.617413473845786, 0.9167757234612592, 1.8391164612947937]], "2": [[-2.2370535552211623, -50.927139482303396], [2.2300098327666324, 50.88535847521462]], "3": [[8.534732479678597, -8.380477928150018]]}