{"Train": 0.11354966698418938, "Val": 0.11344648795645534, "Test": 0.11335233232476612, "max_epoch": 4, "stop_reason": "Weight gradients converged", "num_hidden_layers": 3, "total_hidden_units": 10, "unit_combination": [3, 5, 2], "learning_rate": 0.2}