{"0": [[2.292320797636453, 3.2982921646788372, 3.540948401970331, 3.9596353633689936], [2.893963640316043, 4.02473781157555, 5.218924737093089, 5.901949650893057], [-2.7759276819164045, -3.9445576074558932, -4.583857637827567, -5.177628149115004]], "1": [[0.12110373477524251, -0.5430296152485582, 0.18980605691649494], [-0.19429155632504327, -0.1342387770986386, 0.12218043976225515], [-0.19633719383912202, -0.155424889945867, 0.1422311692667813], [0.4624029938781658, 0.20905517837010054, -0.3660739784537694], [0.9056408037450319, -3.161551723696969, 0.6479597019586518]], "2": [[0.7219540144730034, -0.5214044735304888, -0.5237750232161753, 0.7886164968212533, 6.257006517420627], [-0.3969684876773347, -0.20139289336202632, -0.22588181424274195, 0.4826219819810097, -3.612482770109747]], "3": [[5.975357857851486, -6.6984049178326215]]}