{"Train": 0.16813680961429342, "Val": 0.17001781896576204, "Test": 0.17275772657562544, "max_epoch": 3, "stop_reason": "Weight gradients converged", "num_hidden_layers": 2, "total_hidden_units": 8, "unit_combination": [5, 3], "learning_rate": 0.9}