{"0": [[0.07232472856954485, 0.15863944713824024, 0.1099234573969415, 0.07721253832963057], [-0.7879366829302589, -1.7655290940081854, -0.8810275874042056, -0.8663654828934394], [0.9478803509224444, 2.1697611752806343, 1.0477682080455775, 1.0588045213796746], [0.6089162977219296, 1.3650178436622598, 0.6635238736002174, 0.6849871414673084], [1.0004690446989295, 2.2990500114162566, 1.1619671037909283, 1.137921514510019]], "1": [[0.04024237709394443, -0.5888562934141829, 0.8113106095611031, 0.43671744375615684, 0.9075215036334752], [-0.1406219683389471, 1.7676702915689935, -2.3551277789730154, -1.2957144965731429, -2.7270016016013883], [0.15566818375705543, -1.6889558557734572, 2.2807238367729705, 1.230920888997751, 2.5903593407445484]], "2": [[-1.4231287905906973, 5.062617533627666, -4.69664373862078]]}