{"0": [[-2.735093709437488, -2.3152763844165984, -2.4033898950640507, -2.190636683884608]], "1": [[10.26235897537165]]}