{"0": [[-0.435973168665508, -0.25153314680435873, -0.49962846097150415, -0.47737855627132353], [-0.5177377609564068, -0.298857417684914, -0.5532145971070951, -0.5372319601023017], [0.15792435359049675, 0.09793613523245315, 0.19380410819016583, 0.19551853862475096], [-1.1540248632554313, -0.6905114719980362, -1.2786264094163202, -1.2708264696756983], [-0.8494160087285907, -0.4833429156751617, -0.9213192244819401, -0.9406277987828149]], "1": [[-0.3143363800767431, -0.34111829129725696, 0.11751525785542555, -0.8564777888440059, -0.5845980085072979], [0.39912960618963367, 0.48396775567387257, -0.17560319555284182, 1.216948593915087, 0.8403640122834776], [0.7081274402575245, 0.7827162027736261, -0.26814406918544464, 1.97137095464987, 1.3744833392196392]], "2": [[0.5343758828674564, -0.8237366970672406, -1.450987864517625], [1.4784429730371123, -1.4995174584470696, -1.3975484265130096], [0.6022086484835993, -0.9062835925158979, -1.5704632869607882], [0.5961861652528071, -0.9081924629574595, -1.6006481927867497]], "3": [[-6.542192187997021, -3.0147409962377636, -6.664979027343496, -6.685100976507355]]}