{"0": [[-0.587474494277445, -0.08091850879626582, -0.4446457151572586, -0.4292403272344009], [-0.9654454823484919, -0.1422411452910539, -0.8044386048538068, -0.7864777749926056], [0.08183444988631045, 0.01764433028251682, 0.06818585758841564, 0.06413465554782442]], "1": [[0.3300293924286014, 0.6983443375833104, -0.048827706438712995], [-0.5321405181637844, -1.0658831673058888, 0.08783274926608632], [-0.2468828898134935, -0.5382804702434386, 0.036431407200079875], [-0.031754805301705456, -0.038798397626989965, 0.008069303094933238], [0.5660090564280531, 1.0640735577035918, -0.07582018580931442]], "2": [[0.2554032133447664, -0.3404273674975538, -0.19062615503774202, -0.01775775820046022, 0.3519040218727691], [3.751387712213022, -4.41449613847799, -3.243591414163704, -0.4339232506492263, 4.436778092289837], [1.30328307983224, -1.7958624317029572, -1.0477843104038556, -0.10812319918065959, 1.8233564030972118]], "3": [[-6.004686573618022, 5.474964971215044, 15.028478109657172]]}