{"Train": 0.1493111131626237, "Val": 0.1472001935608252, "Test": 0.14840922888535504, "max_epoch": 3, "stop_reason": "Weight gradients converged", "num_hidden_layers": 3, "total_hidden_units": 7, "unit_combination": [3, 3, 1], "learning_rate": 0.5}