{"0": [[-1.2980574229121238, -0.2501289846911199, -1.2428511031841383, -1.210009559996956], [-1.054976526017106, -0.18110966319759378, -0.9652049639721553, -0.9547476301742587], [1.1449647636109532, 0.2130742495403372, 1.0495803560073316, 1.0414556463695437]], "1": [[0.7536175687096406, 0.6029043596006345, -0.6674631480163545], [-1.2498031647205585, -0.9804195785003416, 1.0441955725321124], [-0.5469058176745637, -0.4350741383851135, 0.46280446775370676]], "2": [[1.1120975015925434, -1.8852294480781915, -0.7904881990487875]], "3": [[12.176577228766773]]}