{"0": [[3.1790877602775094, 2.3539520448107294, 0.4966696914491243, 0.37012166195128543]], "1": [[0.008173998118419309], [0.029993839019547157], [7.704374803749297], [3.258757623564393]], "2": [[0.010989793728763774, 0.0316517274555609, -0.055965931939778314, 0.016828581454029396], [0.01193586689158527, -0.08835809649341445, 1.61839041307897, 3.7915472239395918], [0.02825368071881252, -0.018626709041167, 1.0947029543885576, 0.5084342184374656], [-0.016167651155857176, -0.021610343308353184, 1.0085988933622605, 0.5996796398659274]], "3": [[0.026764050400797188, -8.838670865840633, 0.32812659003478906, 0.5139364483532459]]}