{"0": [[-0.4002988558107637, -0.2542420898166298, -0.39494414897038477, -0.3750766608390448], [-0.809506575139427, -0.48792160169075716, -0.8022567551916239, -0.7913944263780238], [0.9192950690236099, 0.5629201579405108, 0.9033418313269058, 0.9067151639660473], [-0.4766747195557781, -0.2790710966540086, -0.46237865567722436, -0.4344603141177501], [0.4662788346487366, 0.28595560446942714, 0.44679345387175495, 0.44795967941101134]], "1": [[0.5387445419151963, 1.1232594302115655, -1.313071033243477, 0.6183308883983845, -0.6235937046207807], [-0.20440904974601698, -0.3624474218131968, 0.38630366547215633, -0.2364329470000422, 0.2130975767145932], [0.4398039232392963, 0.9296842019859509, -1.0880918419256498, 0.517601680938156, -0.5137680093146922], [0.4673626973564135, 0.8912318540582186, -0.9774262487808747, 0.5434719747121353, -0.5415627472455289]], "2": [[2.7553570540944943, -0.2819849824465114, 2.8589549469113886, 1.3845364400821538], [-0.13330550279960895, -0.30648691154323154, -0.17714788045741714, 0.09744729704582383], [1.7948489098291014, -1.5508601856306874, 1.758619754058379, 1.9275459751688901], [0.7708347125869764, -0.08539073197179417, 0.8722355366861652, 0.5496851617739951], [-1.8165340187485617, 0.16963410269148352, -1.492566364260824, -0.4790992713834058]], "3": [[6.8638168164019255, -6.735468485528808, -2.622770259297267, 5.797881298968226, -10.767345684162603]]}