{"Train": 0.14931110143841572, "Val": 0.14720018184618405, "Test": 0.14840921707734736, "max_epoch": 3, "stop_reason": "Weight gradients converged", "num_hidden_layers": 3, "total_hidden_units": 12, "unit_combination": [4, 5, 3], "learning_rate": 0.5}