{"0": [[-0.24874319796910954, -0.022170389584545373, -0.1689598089926463, -0.18129929596172153], [-0.16886779724085577, -0.032745216889365034, -0.1220350637442399, -0.13741468361728185], [-1.195504215217528, -0.16771923526125934, -0.9948374071120581, -0.9877503563727492], [-0.39702895723727927, -0.04028220308385782, -0.29384433896408085, -0.30198764688983754]], "1": [[0.15185711234786167, 0.11242831839423763, 0.8012860641941211, 0.23777492947437684], [-0.024031723347534385, -0.008935133028128229, -0.10100763680711494, -0.012456387663809541], [0.007591333278109609, 0.02841441164573634, 0.05288772002084994, 0.01157779492834222], [0.3193993059950761, 0.22352604370930643, 1.9504280621656565, 0.5407592755230044], [0.016120043615365023, 0.0279933702142168, 0.1292394010228803, 0.038162423449331934]], "2": [[0.44542794803393204, -0.05799961767901946, 0.031554017164552216, 1.1202947069948628, 0.0841513726846705], [0.5055294631347147, -0.06200601457637393, 0.029533268100698024, 1.257950379176819, 0.06306340463748077], [0.540333973442455, -0.056525690965468785, 0.03863270571606905, 1.2769943482066652, 0.09152862586789044]], "3": [[3.125746424380938, 3.3393530489580243, 3.396265183130076]]}