{"0": [[1.1402765960984944, 0.5554787548327002, 1.4193533901338578, 1.4715584230986476], [-1.1688037391761115, -0.590823104975493, -1.4706732568419472, -1.5229762345198212], [-1.0823726400042841, -0.5044866126902336, -1.3329790302685591, -1.3712996749089705]], "1": [[-2.7993575959779085, 2.9655438109174668, 2.5195951712760323]], "2": [[-5.04693367081344], [-112.16461304730305]], "3": [[-24.33329274936564, -11.057632640839035]]}