{"0": [[-0.8218877741970332, -0.33645845411426156, -1.3179956665891135, -1.2282001052971518]], "1": [[2.6621149379817552], [-0.3679793103274697]], "2": [[2.8767153511992145, -0.2497436370343983], [-0.9384116179872027, 0.08414060739645861], [0.09740541028717144, -0.0018493695479440471], [2.7451585241692595, -0.24363118189906896], [-0.939378164392493, 0.08618090782987503]], "3": [[3.8494191832753097, -0.9804076672471703, 0.09639333081984013, 3.583631202152772, -0.9802407990054349]]}