{"0": [[1.881259403211731, 1.2143285423190895, 2.031768298366627, 2.095621248957042]], "1": [[4.271989211375499]], "2": [[-3.420584706152562], [-2.633289190792926]], "3": [[8.92990728224555, 8.264324199580559]]}