{"0": [[0.5653591515568848, 0.46702872099122533, 0.09507059469307257, 0.13586510623308712], [1.9059884645111567, 1.131229020286987, 0.14031974111999404, 0.18767355145405176], [-0.887555529976779, -1.1890825233059639, -0.460150381860083, -0.35573354995799455], [-1.8059834861855142, -1.0254943294921928, -0.13729001351503636, -0.1832455129658428], [-1.9018585478253063, -1.242271243381208, -0.17411241573759337, -0.2232539732190784]], "1": [[-0.3647025925269383, -0.7324710389405871, 0.6257040918722594, 0.7210197243789475, 0.7404019210169333], [-0.6689336726213838, -1.3538194065751228, 0.8570615307040862, 1.3439281927352456, 1.3075564659041317], [-0.4993576200015828, -0.9812249766230025, 0.993240377977825, 0.9518804135203405, 1.011370769248247]], "2": [[0.7771817566637109, 1.285252173266727, 1.399210535422354], [-0.7409847159217374, -1.4419114478317576, -1.4997292721744748], [0.7279364660440416, 1.2806610689058395, 1.4077475671318844], [0.7453854427134478, 1.4446563744001306, 1.5012297942036819], [1.6169656214060308, 0.43787653315340824, -0.15798620088531648]], "3": [[4.654570041205998, -5.1004121086990395, 4.857964367941259, 5.098977346349192, -0.8644304520063586]]}