{"0": [[-0.8261683112230992, -0.7576889069454171, -0.7804856485444176, -0.7688454689877346], [1.7328180670164877, 1.713867012044656, 1.6988045199797424, 1.6892704430658236], [0.15693737375705175, 0.16574508351263392, 0.157736990042356, 0.1583936059191245], [0.38765207702303034, 0.35824785289333744, 0.3559334154514811, 0.34589462377358393], [2.065046172575506, 2.0728994736774604, 2.0924529695749032, 2.0618661469026898]], "1": [[0.5070836757264845, -1.221585568035694, -0.09612236113124159, -0.24152961234099513, -1.6021724692949213], [0.7218878590847555, -1.6795111896766202, -0.1390731519536476, -0.31955701377910034, -2.247428093060138], [0.5141889132634108, -1.2270695443126907, -0.10515922548448671, -0.23646750518649987, -1.6181424663259096], [-1.0993943983020837, 2.631601138998666, 0.2198751250888117, 0.5127921638596281, 3.476741096960429], [-0.5525002608056275, 1.3562937312016523, 0.1154268012304231, 0.2467128009514727, 1.8078698897811203]], "2": [[-2.1286520267079094, -3.014638474959412, -2.1459021626614976, 4.993126687243951, 2.3862054028917514]], "3": [[-7.76105257614357]]}