{"0": [[-1.479296139675183, -1.3545357178155324, -0.33110646365174623, -1.2036959154697746], [-2.2606296148028497, -2.6031819903338076, 0.27360029705048344, -1.1293978673370006], [2.295934607315895, 2.573508705160879, 1.3783093904948645, 0.1616550684692072], [-2.0946798223635894, -2.247725867135618, 0.5797447707955168, -0.7485589738064796]], "1": [[1.1403785089052243, 0.8483304360771847, -0.9120742973972991, 0.689347108803114], [3.1620732847358313, 2.9947305277010634, -2.963602447725175, 3.213339430884977], [1.4640954992959188, 0.6094631016876889, -0.8812991495590694, 0.28718888751897514]], "2": [[-3.7994144854509195, 5.863345215745341, 5.535979402747925]]}