{"0": [[0.5297439611781103, 0.14755786539126764, 0.40204679163342966, 0.3771337729705758], [0.0757198976504007, 0.02523681970676689, 0.05295386612572198, 0.053342697007306164], [0.798481660856595, 0.27559229130215107, 0.7124223632621504, 0.6622687504037227], [0.6963695685427415, 0.2237043782733464, 0.5642098167245098, 0.5405803634491754], [-0.08237422403210505, -0.023403101783163956, -0.05633314297953524, -0.05438291626667008]], "1": [[0.7438523932133657, 0.10399371585788962, 1.3290709363011464, 1.057619033377749, -0.10835341336756858]], "2": [[-0.9237058436637418], [-0.02950375479521399], [5.670395600897594], [4.151769082016483], [2.0758483807630577]], "3": [[-1.6015292212337129, 0.2151003684583878, -5.524749352394197, -11.707588914675107, -4.871142842156576]]}