{"Train": 0.14931111318254356, "Val": 0.14720019358071923, "Test": 0.14840922890524422, "max_epoch": 3, "stop_reason": "Weight gradients converged", "num_hidden_layers": 3, "total_hidden_units": 5, "unit_combination": [2, 2, 1], "learning_rate": 0.9}