{"0": [[1.2287554989826088, 1.3346790718385904, 1.4607041228412931, 1.441526429739603], [1.432493571628917, 1.5742565869512193, 1.7265270930571979, 1.6972164281340352]], "1": [[-2.2649290736238337, -2.7586822714790706], [-1.8087903285351852, -2.212501820155183]], "2": [[-3.7128210804292423, -2.9273957074111423]], "3": [[-15.667187749669436]]}