{"0": [[-1.0828524707309954, -0.3650071005068426, -0.9692176723916739, -0.9616059157232345], [0.5362071617763564, 0.17295482986713356, 0.45221510651543395, 0.47015043353934693], [1.0915713077563214, 0.3805779081644807, 0.9923585915910115, 0.9621027838033603]], "1": [[0.6307715530209232, -0.28616222889079973, -0.6473654107294488], [1.7975526828282746, -0.8239508177536048, -1.818022509461831]], "2": [[-0.8921277981448033, -2.437754806318975], [-0.17187030403018805, 0.6042598864395011], [0.3137194679312548, 0.05208940666935561]], "3": [[-8.143865751082517, 6.473779270343242, -0.6788530443382025]]}