{"Train": 0.16813679696097036, "Val": 0.1700178062837461, "Test": 0.1727577137987013, "max_epoch": 13, "stop_reason": "Weight gradients converged", "num_hidden_layers": 3, "total_hidden_units": 8, "unit_combination": [3, 3, 2], "learning_rate": 0.2}