{"0": [[3.160248581549488, 1.3256433805962393, 1.536583313285667, 2.2751361030419712], [-3.994527336674909, -1.5771430514489622, -1.5851627424135946, -2.567413356809209], [2.4187256086637605, 0.9844901162677736, 1.2318060463494183, 1.9872360039356132]], "1": [[2.868428757067376, -3.3083509371186097, 2.4657093599236597], [3.6781358296526196, -3.9718797696654335, 3.036934508790643], [-4.006944133108473, 4.475017045181053, -3.5345988873320504]], "2": [[-10.752927023734081, -1.7881771718575712, 0.8429085053541705], [-0.3483469993864305, -1.5248332720649491, 1.429008202189755]], "3": [[1.9703275514029421, 6.951713911280593]]}