{"0": [[2.79847050986961, 0.6630733234289978, 6.786833446136958, 6.929725249532545], [2.236812788295138, 0.6141155630315774, 6.02610319635109, 6.605347238706531], [-4.565703630150436, -1.0329373423345374, -8.338503902838815, -9.371624711266094]], "1": [[-2.1856355988725986, -3.51472029571129, 1.9663738376859285], [-0.027249541877255565, -0.03196105815351525, 0.016346633920891994], [0.04032767011531118, 0.08476724446904121, 0.005172861991613678], [-1.5956904318009775, -1.23412523266384, 2.3638672892346997], [0.0029275974895271364, 0.002803277177452065, -0.012793305082410167]], "2": [[-0.15550413910396382, -0.015735047984838938, 0.03292857170385225, -0.45296060160025886, 0.018296797807537176], [-0.058971390426785, -0.029056009261557377, 0.026035026513793243, -0.4531975224905872, -0.0060769399514645295], [3.8407493778092086, 0.05046283321990661, -0.11215999303844633, -0.6607640142667885, -0.005003511597721091], [0.060100178073040224, 0.02849415838681183, -0.04180088907470217, 0.39109718771201074, -0.0070183639113546884]], "3": [[0.9047083790856328, 0.9857681111616132, 8.77994914700817, -0.9535562059598561]]}