{"0": [[0.6818688050087123, 0.852010675060669, 0.7218931019419665, 0.7178749373812973], [0.8219624319296848, 1.0562138604560682, 0.8856506682793023, 0.8805735939173481], [1.2455133368247218, 1.6211263672837055, 1.3596408994953095, 1.3314501997202735], [-0.4505026090392965, -0.5886016110994233, -0.5150360192582059, -0.48411260106736725], [-1.0191946636012232, -1.3020131505983876, -1.0731376186413022, -1.054996245184717]], "1": [[1.3922898393095153, 1.7308644781433846, 2.764013807220888, -0.9491120021599291, -2.139572946800751], [-0.6142045325219903, -0.7642092366678025, -1.2464896472630005, 0.43057026305612683, 0.9507763506118639]], "2": [[-4.495179546157628, 1.9167065316978464]], "3": [[-10.482221127875988]]}