{"0": [[0.4058026097638731, 0.2859115800949051, 0.3800113258028177, 0.38707378753368865], [-1.8075932402930481, -1.0141380893858947, -1.4196795062687775, -1.4192551663529944], [-0.07122534906542995, -0.06605319097472473, -0.06788373262837535, -0.08732401663990894], [0.9733087464625183, 0.6071416409000618, 0.8480868776634896, 0.8446209631570063], [0.5907091738280481, 0.40125932950431864, 0.5562425703527557, 0.5698748367008477]], "1": [[0.4616609667544632, -1.6946634052989626, -0.0796286254019998, 1.0188257910524028, 0.6658834724227971], [0.1255240099093178, -0.4755394828410156, -0.01926019517153777, 0.27365393712926667, 0.18669694698720493], [0.06448137812803645, -0.21972140024698825, -0.008502339811056777, 0.14953312470896885, 0.09472196617400688], [0.3673588464755559, -1.3855543153677297, -0.08453273163033524, 0.8870817236605869, 0.5761719018938557], [-0.4285079687450446, 1.5024874195202147, 0.07975852905768913, -0.9331055653024506, -0.6167920306509252]], "2": [[1.2858130379643296, 0.16803393166871944, 0.05322362415449932, 0.9309605327408662, -1.1055760702457333], [-3.2820121621498854, -0.3746834751005458, -0.05890488220206063, -2.353850565950103, 2.804603241192558]], "3": [[1.0035971830737886, 8.125104572117378]]}