{"Train": 0.14931111240359232, "Val": 0.1472001928027621, "Test": 0.1484092281275763, "max_epoch": 3, "stop_reason": "Weight gradients converged", "num_hidden_layers": 3, "total_hidden_units": 10, "unit_combination": [3, 3, 4], "learning_rate": 0.9}