{"0": [[-0.3308545522856239, -0.406003511372102, -0.37188686248504826, -0.3657640489321583], [1.3368071371792232, 1.6710689043650022, 1.5671995760790065, 1.536032000987177], [-1.1770141707190713, -1.4517831953330353, -1.3475990444121186, -1.3355950108152872]], "1": [[0.4564288988069435, -2.3302921709544133, 1.8644362519796074], [0.18611518974017208, -0.9895196445591267, 0.776238887480487], [0.5649017805928234, -2.8841822786353233, 2.3058667946398583]], "2": [[1.5546409590032273, 0.6099952897575549, 2.0735359268645124], [0.0453080375261628, 0.02121684266707363, 0.06725104789784546], [2.2321795899364085, 0.8726061046121678, 2.9922467966959556], [-1.8560959486526842, -0.7215711839027226, -2.4498385289839812]], "3": [[2.7672737686235247, 0.08498503522841212, 4.203507011422548, -3.345198928966188]]}