{"Train": 0.11354966698930258, "Val": 0.11344648796158269, "Test": 0.11335233232988663, "max_epoch": 13, "stop_reason": "Weight gradients converged", "num_hidden_layers": 3, "total_hidden_units": 6, "unit_combination": [1, 3, 2], "learning_rate": 0.2}