{"0": [[5.024972030400182, 1.3646534847804173, 1.2287535435129795, 2.6275991728340373]], "1": [[-1.1661883175453787], [1.293528446290525], [-36.41978373413745]], "2": [[1.1301031028075523, -1.2368212671442709, 0.12047089106614366], [3.5137357480579072, -3.801917142862184, 0.624580691910987]], "3": [[1.9105750494997262, 11.61622136513641]]}