{"0": [[1.891396557506581, 9.632891525273605, -0.3890579246493057, 1.6662327459414807]], "1": [[0.05019852890557487], [2.0759039681294422], [0.00456201266003749], [0.004979559647632253]], "2": [[0.005437158707395091, -0.08290654034506204, -0.002666395861577032, -0.009380246172184099], [-0.07395823697606539, -3.4969667450425455, -0.006552588682061473, -0.005346857154033845], [-0.01723855214538615, 0.30756554369694983, 0.009686293865297152, -0.007779062993675777], [-0.0018496006864632132, -0.28735045179730345, 0.0025621680351091704, 0.008249216655124913], [0.003279417874494457, 0.397224400088861, 0.007188697715914286, -0.007258908273257966]], "3": [[0.16512793664620037, -7.835896673698533, -2.2437166460893754, 0.34027649772095603, 1.7803546154098542]]}