{"Train": 0.14931099393691885, "Val": 0.1472000744871182, "Test": 0.1484091098562766, "max_epoch": 6, "stop_reason": "Weight gradients converged", "num_hidden_layers": 3, "total_hidden_units": 7, "unit_combination": [3, 2, 2], "learning_rate": 0.2}