{"0": [[0.9163163684187628, 1.6840847544912794, 1.3366732934384247, 1.972825310025229], [-1.3578749205953915, -1.0756817882799987, -1.5176012328836093, -2.125166190754926], [0.9873190207118205, 2.382453925177152, 1.8301772379372856, 2.7362110219822675]], "1": [[-1.2424543988178687, 1.156392667844392, -1.4828429164138908], [-1.4225296828961018, 2.263933065837588, -1.9787048128633196]], "2": [[-5.721619287202804, -2.64918735709296], [-2.107188012020502, -2.4735462161305843]], "3": [[-4.425687542737261, -3.3851193168466867]]}