{"0": [[-1.9235250978195348, -0.5456987717563487, -2.06824010830353, -2.0732047175489194], [-0.7706707818515237, -0.1997156260205563, -0.7402750911895152, -0.7276749487722185]], "1": [[-1.3721890378112502, -0.4267187102118388], [-0.22717499024615911, -0.13465988202433907], [-1.7032605966319037, -0.5176251137790551], [-3.6564237225623124, -1.077781694988949], [-1.4702244828167619, -0.4721178894795908]], "2": [[1.3243425151061257, 0.14537693051680345, 1.7489592349517367, 4.1502309770100165, 1.466724427185447], [-1.3951247341677482, -0.27474196792676425, -1.4305966174807376, -1.114842459022786, -1.4403091010045368]], "3": [[3.8791860166283523, -6.703318514688077]]}