{"Train": 1.4629415412806877, "Val": 1.4611522505253183, "Test": 1.4617261497433867, "max_epoch": 6, "stop_reason": "Weight gradients converged", "num_hidden_layers": 3, "total_hidden_units": 10, "unit_combination": [4, 2, 4], "learning_rate": 0.5}