{"0": [[-0.0163713986805318, 0.038078907543280874, 0.4598428831641484, 0.6610600394042178], [0.1335448386838385, -0.10475408759937609, -1.3802703933127272, -2.062404774300387], [-0.08799937333090316, 0.07398272967546712, 1.0878839382350634, 1.6421653244813208], [-0.04856358388917426, 0.04859580659563639, 0.6681672686256528, 0.9761071385670725]], "1": [[-0.36406205608694275, 1.1502228556500715, -0.9061383125007723, -0.5263901173476917], [-0.32570568352399903, 0.9606733162476544, -0.7811318426907031, -0.44601040919628343]], "2": [[-2.1439669413376716, -2.11784716985585], [0.15727350179698488, 0.1909267150773361], [-1.1337484227519525, -1.064177668317384], [4.9395014779077915, 4.85424086752498]], "3": [[0.7932830156888565, 0.22891674766365258, 11.21610434219823, -5.252240179973764]]}