{"0": [[0.0051925689405294805, -0.00021155686524757935, -0.007030724802044168, -0.02057784143163827]], "1": [[-0.0017249228213721962], [-0.0036971675645198006]], "2": [[-0.006997304159879351, -0.0033851518190363096]], "3": [[0.0022673871869932846]]}