{"0": [[1.0527131306374156, 0.6460986289267573, 0.7471096898835511, 0.5260327295681034], [1.822324777538641, 1.1687900634511985, 0.029297520099866477, -0.2677495352495913], [-0.6309245563832625, -0.5607515525229706, -0.4500398329950186, -0.22318541415851134], [0.5554953649173392, 0.839951963478529, -1.5197615639115507, -1.46465670336839]], "1": [[0.4560084523685229, 0.6889289993985895, -0.46618609781164444, 0.09635707871909609], [-0.6539428650447615, 0.07079654831659757, 0.4611084313811981, 1.5622104561007286], [-1.0005386466424144, -0.5866691023957726, 0.5536417485301018, 0.7510369683740654], [-0.11582000710534794, -0.1291950925361806, 0.11001246422218497, 0.02797668520351263]], "2": [[-0.05170607500273565, 0.0765953018278377, 0.21917995152467837, 0.09629866839683872], [0.0059421814775463275, 0.3106982017705926, -0.09999574296613348, -0.0388441235569511], [0.5164748369344264, 3.14893058512387, 0.11521223606483216, -0.21220530689067044], [0.013311288657232169, -0.30773825031619323, 0.0952960933924092, 0.06074898756180471]], "3": [[-3.1872520426927387, 2.928284988867076, 9.08015339549775, -2.929355840430619]]}