{"0": [[-4.801843831783705, -8.965290463975217, -4.421917893100386, -4.34468543911777], [-2.7813434577168943, -5.0446133119162555, -2.4759693183328157, -2.446824540057071], [-1.4631151439700119, -2.794997790478471, -1.402635271417572, -1.3471793472136708], [-3.230544503830056, -5.838645769325355, -2.874641708328548, -2.850707264677289]], "1": [[12.538800782357493, -8.67763311989969, -15.344064506439626, -1.2028747665511337]]}