{"0": [[-4.186729045594379, -2.6325512281981536, -4.380632293624715, -4.498390192617416], [-2.508389198488826, -3.0733026179544614, -1.2807805494923379, -1.484536455274465], [0.9174699455644109, -1.8412015544198113, -1.0938764629775808, -0.7701461311063632]], "1": [[-25.41912744405657, -25.59231902551826, -25.629875512895268], [-17.130839667932747, -17.276762811326012, -17.866051164490372], [-30.406606856116035, -25.431584657272417, 39.40671118199765], [39.5685157562678, 39.835581160695895, 39.945236702530394]], "2": [[0.14326440730722473, 0.1405620764697217, -0.02592593157248224, -0.1509324924989643], [0.22125003760546855, 0.2832143847107843, -0.23670894624911257, -0.2084427097179866], [0.21246447775108712, 0.27243385731374226, -0.18557075242786764, -0.20360383900871343], [0.8216431071331443, 3.904282856529225, -22.61429296592357, -1.5395424396212645]], "3": [[0.7907113474405192, 0.9703100508937905, 1.0507199342125821, 13.081423496879127]]}