{"Train": 0.11353513034347515, "Val": 0.11343191324390653, "Test": 0.11333777300167414, "max_epoch": 49, "stop_reason": "Max epochs reached", "num_hidden_layers": 3, "total_hidden_units": 10, "unit_combination": [5, 4, 1], "learning_rate": 0.2}