{"0": [[-0.35771732324833855, -1.0015786623925327, -0.3016679916342316, -0.30168747110191624], [0.6664585858620637, 1.684436930254383, 0.40311213013132075, 0.3033797228422468], [-0.03657400132530205, -0.030007902806671562, -0.026424729635638237, -0.041758774276630245], [0.7363425117737906, 1.7662164475985416, 0.18076978577576858, -0.053456205108210135], [-0.009518510006075577, -0.44608257832564985, 2.5069141244252227, 2.866736664398387]], "1": [[-1.223763514862808, 1.539092012429479, -0.07196779967621574, 1.739234043107013, -0.025286761058095793], [0.33728645186797707, 0.066159664721256, 0.04064398514297345, 0.8046064352992623, -3.997509083460644], [0.11914662872346589, -0.03813371659423119, -0.0045930794125750825, 0.04609979260816865, -0.5876103397164655], [0.004644429131443391, -0.012004603302867662, 0.007864236057220898, -0.00696807354327378, -0.022382314743507027]], "2": [[-1.0251337149308746, -4.311038637820221, -0.3686781101032332, -0.01891164410283878]], "3": [[-5.3636266678551685]]}