{"0": [[0.6588925881094135, 1.264118288515519, 0.5666130761871855, 0.5667413039472832], [0.872736995738453, 2.4781286852572455, 1.7953257916401928, 1.7603636438175307], [-1.9759502103968116, -4.717158792797885, -2.9798933670761953, -2.9496188128686867], [0.11158809892818781, -0.19775482923974289, -0.42845826579789803, -0.4126022443682339], [0.9223409950022879, 1.657167894023485, 0.5999667186068892, 0.6118587084807274]], "1": [[8.184921124714576, -16.011178374609337, 12.268764561189624, 18.838795414361435, 18.048923421509958], [-4.4244281530029035, -5.027904813747255, 4.949051612415637, -3.0753483518510416, -4.269396458727301]], "2": [[11.129553883710553, 2.7309943789274067], [14.030573337933694, 13.29498787008798], [19.085077478927424, 18.115116042765624], [-10.23506555273943, -9.727519958849754], [-9.714594491106574, -9.23229192210556]], "3": [[11.330225501895377, -0.8916999114528679, 0.1421994504548657, 0.9341794326741313, 0.8949016166283312]]}