{"Train": 0.14931111306630643, "Val": 0.14720019346461827, "Test": 0.14840922878882798, "max_epoch": 3, "stop_reason": "Weight gradients converged", "num_hidden_layers": 3, "total_hidden_units": 5, "unit_combination": [3, 1, 1], "learning_rate": 0.9}