{"0": [[-0.2600036748577194, -0.043058115625804125, -0.1955946645798964, -0.19780572476561253], [0.14182868130440116, 0.007381852838769057, 0.11342245829449413, 0.1108330317173521], [-1.0666745563788174, -0.12275520914351046, -0.9662980902152795, -0.9396972427677781]], "1": [[-0.3907167830782071, 0.21439344198160593, -1.8908896987580572]], "2": [[2.3394729353604347]], "3": [[-11.563635057872876]]}