{"0": [[0.3116411099255334, 0.2498542597955487, 0.37574271150043254, 0.3335627184457756], [1.9637642721882544, 1.7323900354944988, 2.5487679987486955, 2.2483708157535083]], "1": [[-0.2621316237603619, -2.2771195032365212], [0.3726544406749105, 3.2420437666419977], [0.44790980796155777, 3.841510440907891]], "2": [[2.351002474503674, -3.4432831957637346, -4.194054164917398]], "3": [[16.832395505667836]]}