{"0": [[-2.923805948527135, -1.3643288394510036, -7.879640115616187, -7.893818482125673]], "1": [[1.2428844793540152], [-0.020138639536741994]], "2": [[-0.5796886227950031, 0.007297885452829918], [-0.2400175943747504, -0.00450185564023958], [-0.8249807655925754, -0.013695540234178575], [0.1005731769573651, -0.010505438416149225], [6.19523635072189, 6.305255740409692e-05]], "3": [[1.530685273924071, -1.9884139996531138, -1.6119698166964649, -1.3228635136300977, 12.62852931009648]]}