{"Train": 0.14931111316580287, "Val": 0.1472001935640194, "Test": 0.14840922888831806, "max_epoch": 3, "stop_reason": "Weight gradients converged", "num_hidden_layers": 3, "total_hidden_units": 14, "unit_combination": [5, 5, 4], "learning_rate": 0.2}