{"0": [[1.9811795619913446, 1.377538009450186, 1.135909872939185, 0.8615520377694452], [-1.6752128129496018, -1.0741565666721753, -0.7788765868554359, -0.5239189045952048], [-1.9576528530047164, -1.3440442699750945, -1.0764018660947479, -0.8325320495512217], [-1.297968725504311, -0.9107561537684118, -0.7249526266342408, -0.5551657173397618], [1.9197527391108042, 1.3062120574861198, 1.046225906097437, 0.7650268215250903]], "1": [[0.21949536403021627, -0.1519911047275299, -0.1945878757028878, -0.17133264949708837, 0.19972944058021588], [0.3275454483545303, -0.17896676053113705, -0.3099133261843712, -0.2531841480683637, 0.2913052731067266], [0.04450968234419698, -0.07645598735639908, -0.05684782928277414, -0.04955949772048321, 0.024862939965870447], [-0.0702494918868791, 0.014071821273866185, 0.03663091255580728, 0.028102999310088236, -0.04485720034926926], [-0.3763402445720073, 0.19178507476933002, 0.39364272282583274, 0.2611244230818918, -0.3208854157855656]], "2": [[-0.4191939090217341, -0.5123184193567757, 0.1893124799494343, 0.3915682729550566, 0.5339829552107874], [1.0539227954070858, 1.2277883219120882, -0.014973652390211853, -0.8617482621574157, -1.3081806375803307], [0.2651171580655504, 0.4080418855109417, 0.0650940421397446, -0.04086963664363514, -0.48692811686781956], [0.06346596966868324, 0.22075503376518044, 0.010708513916662143, 0.09793175836451826, -0.29007880258458285]], "3": [[1.4863057863763502, -8.702182976749, -1.8133950484093457, -2.338889002059715]]}