{"0": [[-0.6033277448449915, -5.4725075815923425, -3.4432233357196456, -3.2137239436439993], [0.22998782121128394, 2.6505864702557163, 1.66986463856383, 1.5346231026656088], [-0.09265990434966494, -2.0845740403663537, -1.2587290037356051, -1.2324498711711125]], "1": [[0.34303162762810957, -0.4561349723115469, 1.076886169502927], [0.06731764437427476, -0.6716924229319918, 2.2351944609420884]], "2": [[-0.15435859066958973, 2.9804245143004433], [0.12485236046470896, -0.15203097932381784], [0.027091296432913057, -0.07331267279103124], [0.3081324283298569, -0.402794402166619]], "3": [[8.200099014897814, -1.7910368830195365, 0.09605107430131239, 1.6747899519909066]]}