{"0": [[-0.33404342888661476, -0.09722299445517953, -0.2825102713146344, -0.32197644022266714], [-0.556860648629841, -0.18792456457609807, -0.5415786111803137, -0.5347146233839429], [0.1351592256076808, 0.048969913252116706, 0.12635023578389787, 0.13304224159090106], [-0.2495704244640012, -0.0904496406849216, -0.2442196419458254, -0.2691460195985189], [-1.2477120582630652, -0.3965401352746459, -1.2709537245903915, -1.2563289946027842]], "1": [[0.08709500227192671, 0.09677960179490597, -0.03508415003659343, 0.0644426115100468, -0.1667915485270226], [0.39393635756764617, 0.6856122504442574, -0.1741490562843208, 0.322872766600141, 1.6794185690318317], [0.4239417459871209, 0.7260262042571657, -0.18101802786225102, 0.356363541923949, 1.7421352335867628]], "2": [[0.7089610423031036, -1.6451702279646998, -1.7252041588566804], [0.5195905297725327, -0.5961776953277644, -0.6089105905231026], [-1.0416741067073856, 1.4847471416120306, 1.4836879889125363], [1.8309557201203128, -3.0614390123836106, -3.105335314205675]], "3": [[-15.715826964321161, -8.67499280174158, -10.232247707998159, -14.843296019476734]]}