{"0": [[-0.6591606152174937, -1.2811172001063857, -0.8583908820136332, -0.884680587903863]], "1": [[4.673925765942756], [0.13081999356405266], [2.066253570453745]], "2": [[16.341144223201088, 6.928020487727603, -8.46481990335897]]}