{"Train": 0.16813680909927978, "Val": 0.1700178184494882, "Test": 0.17275772605576054, "max_epoch": 7, "stop_reason": "Weight gradients converged", "num_hidden_layers": 3, "total_hidden_units": 6, "unit_combination": [4, 1, 1], "learning_rate": 0.5}