{"0": [[0.09711058134620519, -0.012060668161360895, 0.0456197147584307, 0.03481426712418835], [0.013425274109353225, 0.02648733797240941, 0.05981736351903901, 0.07365471568509067], [-0.4657731967887773, 0.03486631727400113, -0.6854062037200916, -0.7144054230781848], [0.3784106257012064, -0.0322615656789662, 0.5469769483629612, 0.5503419169137141]], "1": [[3.2223584813664474, -0.6712143972502969, -12.728569387776503, 6.647685656928428]], "2": [[-5.4025636277115945]], "3": [[10.388808251689435]]}