{"Train": 0.16813680975541423, "Val": 0.17001781910710556, "Test": 0.17275772671831402, "max_epoch": 3, "stop_reason": "Weight gradients converged", "num_hidden_layers": 3, "total_hidden_units": 10, "unit_combination": [4, 5, 1], "learning_rate": 0.9}