{"0": [[-0.3133761348351383, -0.48342912653886866, -0.32434279794951704, -0.3172087826280432], [-1.203279339349912, -1.8583664545767935, -1.2204592768262381, -1.2222457198196104], [0.6315342165265122, 0.9521800704750507, 0.6363792946902044, 0.6266378329287021], [-1.1974694930501955, -1.8065296819278922, -1.2021157463556462, -1.1692380043387693]], "1": [[-0.33230530027127886, -1.44282515908253, 0.6731814890035194, -1.3821741970273207], [-0.4210730828937872, -1.7704799910058036, 0.8561790309637836, -1.6990524366152744], [-0.016743888840084983, -0.09628581674653185, 0.05393059099696936, -0.10179524300064798], [-0.4295035471905032, -1.723229947209211, 0.8252271707475457, -1.6504038110868293], [0.2828713076213707, 1.1474649775778893, -0.5580070355978535, 1.1016610752162044]], "2": [[-2.162054009743919, -2.6903253057392393, -0.148687639446431, -2.6143308967013783, 1.7289601595925395]], "3": [[14.972600914881841]]}