{"0": [[11.071867378835965, 5.312038857609989, 3.7440884202050753, 3.008385905794327], [0.13763514129051715, -0.7507834119814891, -2.871414338224861, -3.259294925980832]], "1": [[1.2193007910924891, -0.9726989511441227], [-3.0491988414500284, 2.7098894977413224], [-0.13149155096704274, 1.804335359477402]], "2": [[2.4952632892589017, -1.2499999803222521, -2.6885694691524766]], "3": [[-6.7632746216949355]]}