{"0": [[0.91253908703262, 0.8916797122835487, 1.0405564171096964, 1.0438990255255616], [-0.5198253489367549, -0.4972541407431754, -0.560830502777014, -0.5596921804857433], [0.29720798176147034, 0.30983055305439033, 0.32019457347404306, 0.32212895660352703], [-0.021339902855003184, -0.03596211849810194, -0.053436993202160415, -0.028437362294057657], [1.0722580605858791, 1.0364423756653396, 1.2301783912521063, 1.2135209221453978]], "1": [[0.46166714231204614, -0.3598829704122723, 0.2550338768158951, -0.03356875731131563, 0.47749109131767464], [-1.8265806127356405, 0.9986695975848356, -0.6186264700893306, 0.08785952621469276, -2.1830910047138077], [0.46307152488568093, -0.2063685627627305, 0.11541164599191868, -0.0035985075989118554, 0.5862855612169401], [-0.8615613110879727, 0.45523265708005983, -0.271600654615291, 0.030645433817794575, -1.0473838436219234]], "2": [[0.21464938257855845, -3.0043875251838013, 1.1211252507476261, -1.4532396334518611], [-1.8025271418495987, -4.514017691904684, 3.4339563269552102, -3.709359485105741], [0.4754939412065677, -1.6741566594048087, 1.1543233570943603, -1.2554257131167796]], "3": [[-7.714389396215183, -4.467452458185267, 3.5601269300884915]]}