{"0": [[0.01231226257480069, -0.004334817237492547, -0.008684156925064813, 0.007188343224911142], [-0.000187028780419311, 0.007867991097360654, -0.008126906399499246, 0.0004064089222355419]], "1": [[-0.0021112257022044725, 0.0022523306458622308]], "2": [[-0.009021857148630841]], "3": [[0.003916878826006987]]}