{"Train": 0.1681367906101718, "Val": 0.17001779991926166, "Test": 0.1727577073847286, "max_epoch": 3, "stop_reason": "Weight gradients converged", "num_hidden_layers": 3, "total_hidden_units": 12, "unit_combination": [3, 5, 4], "learning_rate": 0.9}