{"0": [[-0.13043649472884628, -0.12582665606043195, -0.13535533008844333, -0.14020224090992472], [0.8820533663224186, 1.2388987544060663, 1.0059490355846183, 0.9986764138558293], [0.06343703904369895, 0.037332279182806676, 0.06305374349402325, 0.0651007359570053]], "1": [[0.04284556578328045, -0.7209344232173581, -0.03705093113332587], [0.09636770435468361, -1.062255126410409, -0.03549840941600117], [0.24408611450687479, -2.1904278297515276, -0.10704197931994902], [-0.01448723537798634, 0.031210024363151675, 0.014160585552072698], [-0.02015835697715645, 0.14011109637860264, 0.018690705283525653]], "2": [[-1.068518730870327, -1.5161632946062196, -3.2106184050710556, -0.009715320953606568, 0.08133290545786609], [-1.2076895927543785, -1.611725314218047, -3.3014700691639467, -0.02065216292334846, 0.08703520863851917], [-0.004017369543274491, -0.04072834192501468, -0.10344304408911136, 0.007171758475144257, -0.00936463638403341], [1.4034764045883266, 1.9032626270824466, 3.8990180382231747, 0.012754801492034756, -0.113565986727022]], "3": [[2.2222354561409032, -7.2848942986816585, -0.14476266430863316, 3.6205713398095343]]}