{"0": [[3.0507586388258248, 1.1338777528334434, 2.527951227073312, 2.575401689444262], [1.5761632465392792, 0.5330797047589434, 1.217676241213615, 1.2595609206851988], [-1.8609679467498685, -0.6331536115377501, -1.46504988239579, -1.4805119592248075], [-2.759923773149252, -0.9965344300515032, -2.232172463897845, -2.2898162548829086], [3.7059115317718017, 1.7028810358758424, 3.4195455271050084, 3.5011419563649944]], "1": [[-1.1849971884681318, -0.5233870795329107, 0.6630238450264345, 1.0121133707711145, -1.8448750853526539], [3.324660746674003, 1.4637562589502136, -1.7839003923791352, -2.8353289546770735, 5.312739572940785], [-3.2613508555367625, -1.4220139459920194, 1.7605830034961003, 2.783118607439605, -5.219435105967629], [-4.471938048056671, -1.9596734043298834, 2.4065412578585352, 3.837179529258923, -7.017694289907405], [3.2043337505931304, 1.3863531241991138, -1.7280635101742536, -2.734237159603906, 5.1258785268173]], "2": [[0.39180782723232427, -17.205645428905733, 18.696462866827687, 8.706914672200575, -18.677758054262526], [0.09639124238009147, 0.10235345411844099, -0.15607161001459047, 0.1789411754987682, 0.14954867667941163], [-0.13192389995983694, 0.113703891009039, -0.06880934154433715, -0.33356877914904104, 0.07095911768915852]], "3": [[16.39021960540708, 4.930825063447665, -8.017247167940804]]}