{"Train": 1.4758658900904318, "Val": 1.4761823609386446, "Test": 1.4737142764644242, "max_epoch": 4, "stop_reason": "Weight gradients converged", "num_hidden_layers": 3, "total_hidden_units": 8, "unit_combination": [3, 3, 2], "learning_rate": 0.5}