{"0": [[-0.4926100813183533, -0.15157921715616812, -0.48297831978523903, -0.49777336073932965], [0.3207374484741018, 0.09006178229500289, 0.3103443765985411, 0.34061858142696066], [0.8523127031450106, 0.28568127815189104, 0.939359521100154, 0.9451310105130375]], "1": [[0.6560238179050815, -0.4186929578751106, -1.4189085425898222], [0.009990162012919133, -0.03325688797407653, 0.05945241946744308], [0.643632628117632, -0.41094375012433165, -1.3278541836189242]], "2": [[-1.4472050758585009, 0.25495083105008076, -1.2598772034341226], [2.2582953278727906, -0.11794883349064417, 2.17891468021813]], "3": [[1.9580642698414974, -10.671529187060505]]}