{"Train": 0.1681368097554825, "Val": 0.170017819107174, "Test": 0.172757726718383, "max_epoch": 4, "stop_reason": "Weight gradients converged", "num_hidden_layers": 3, "total_hidden_units": 9, "unit_combination": [1, 3, 5], "learning_rate": 0.2}