{"0": [[5.865153148513562, -0.8318581198082333, 1.3101792480598053, 2.3961169089195895]], "1": [[0.15465615389631676], [-3.4976449048643548], [-6.0940410703368855]], "2": [[0.021190813216276676, -1.3789748873426524, 4.027442458894177], [0.0452235717627129, -2.7859306682729224, 6.25004337734719], [-0.037485408961863205, 1.555937815709792, -4.886131959593668], [-0.015086058208808291, 0.681776343870424, 3.0949231020080226], [-0.04490420714050634, 2.8905544869116193, -6.367290828082077]], "3": [[4.080819434862381, 5.7766803545717424, -5.750176067173886, -3.131037053650041, -5.7495418000776235]]}