{"Train": 0.11354966697322458, "Val": 0.11344648794547138, "Test": 0.11335233231377863, "max_epoch": 4, "stop_reason": "Weight gradients converged", "num_hidden_layers": 3, "total_hidden_units": 11, "unit_combination": [3, 4, 4], "learning_rate": 0.2}