{"0": [[-0.503637591236753, -0.9638800029190252, -1.4719299013872285, -1.3798542616086298], [-1.20459308236842, -1.9525383094006843, -1.340660943472516, -1.3009248122588504], [0.36216380576358964, 0.09283818121999285, 0.8493862340074492, 0.8022685877328443]], "1": [[0.7801037888837374, 0.5114549630477546, -0.334737859579897], [5.453750696606488, 4.243915121957327, -3.7744941438163084], [-0.0015919862666240396, -0.01160805021841093, 0.004098493552164808], [3.3699258513299295, 2.483982017233693, -2.1021344019588843]], "2": [[-1.4327939888318935, 0.09349561158881242, 0.0427079427452284, -2.9634535550059], [-0.7192965966814397, -0.0032562812277260557, 0.02011332440356556, -1.6257281852566012], [0.9275894087942301, 0.08541935945724485, -0.031660545133592365, 1.9819269801798962], [0.9851873010785697, 1.2636358861578205, -0.05672172701698016, 0.8469593464422203]], "3": [[-5.783581527398014, -4.754540312221559, 5.029595039664022, -3.2769071283370255]]}