{"Train": 0.16813650258943544, "Val": 0.17001751173180393, "Test": 0.1727574160748698, "max_epoch": 4, "stop_reason": "Weight gradients converged", "num_hidden_layers": 3, "total_hidden_units": 8, "unit_combination": [2, 2, 4], "learning_rate": 0.2}