{"0": [[0.6164247481933595, -2.1530309315411382, -2.536754927738803, -2.486942422799531], [-0.5706580101082032, 1.6106272900103045, 1.9863148457756719, 1.842045957935366]], "1": [[1.1985401360476264, -0.9128478144242556], [-1.2417944065023423, 0.8511326757324327]], "2": [[-0.5563087131129734, 0.6292101937803652], [-0.5085920696050447, 0.4747837892050243], [0.1871764981112439, -0.23927478712608202], [-0.03146071090942888, 3.391887960795721]], "3": [[-1.352516673681909, 1.955135823934514, 1.730147926161705, -7.007759129975224]]}