{"Train": 0.1135496667955869, "Val": 0.11344648776791177, "Test": 0.11335233213546345, "max_epoch": 3, "stop_reason": "Weight gradients converged", "num_hidden_layers": 3, "total_hidden_units": 8, "unit_combination": [3, 1, 4], "learning_rate": 0.5}