{"0": [[0.9593837661094589, 0.02473080587141271, 0.8463097759917373, 0.7566520266609543], [-0.8177443296150655, -0.02069624686597722, -0.4954456770159823, -0.43390792858802063], [-0.5573442375654835, -0.021275481795145226, -1.0708560371427776, -0.9079422604238121]], "1": [[1.6955836030629783, -1.2352632407356208, -0.9861234152829792]], "2": [[1.9193580219824993], [2.0488460864419777], [4.487559363247603], [0.036123135625123155]], "3": [[-2.0049441964446952, -2.1389268773789154, -6.984403661855402, -0.038513982831407466]]}