{"0": [[0.45030484128346043, 0.6174396064462238, 0.44880960668699965, 0.43540049965947913], [0.45889735939648124, 0.6761779250369228, 0.4654874955106344, 0.45942858343305293], [0.3418622950873226, 0.501350119918112, 0.33546666309759116, 0.33263596932989387]], "1": [[-0.5534574988230697, -0.5844454832632575, -0.4084703468008494], [-0.9330414887115923, -1.0188664952471866, -0.6997088317480558]], "2": [[1.001053432001768, 1.0073568553963086], [0.15357664096324244, 0.2554042546232931], [3.696489864854977, 3.9151914603894453], [-0.8100021295302555, -1.4660936669662297], [1.0348765679004082, 1.7623527323264345]], "3": [[-1.2813375697436307, -0.3851993877364903, -11.911937706201892, -18.91195209990904, 19.354329255983963]]}