{"Train": 0.1681364642588552, "Val": 0.17001747283074614, "Test": 0.1727573778396937, "max_epoch": 3, "stop_reason": "Weight gradients converged", "num_hidden_layers": 3, "total_hidden_units": 8, "unit_combination": [2, 4, 2], "learning_rate": 0.9}