{"0": [[-1.3013501177629678, -2.2105506929645147, -1.7834911272176555, -1.7687840291096917], [1.4158653068745162, 2.4086059330886034, 1.930070899902129, 1.9242649981748579]], "1": [[2.460236705899282, -2.766938287067648], [-0.9845590697347065, 1.1255341731154638], [-2.547360056181833, 2.8772867715746195], [-1.7333616149091216, 1.9593234840155023]], "2": [[-0.17546969887280864, 0.05234070858638923, 0.19505262824675712, 0.12035302762080055], [-3.9469171893556387, 1.5064652058885506, 4.122987098695904, 2.6869500589868345]], "3": [[-0.2833611407866133, -7.115269206732155]]}