{"Train": 0.1681368097503952, "Val": 0.17001781910207647, "Test": 0.1727577267132448, "max_epoch": 4, "stop_reason": "Weight gradients converged", "num_hidden_layers": 3, "total_hidden_units": 12, "unit_combination": [4, 4, 4], "learning_rate": 0.2}