{"0": [[0.011703313175770804, 1.2634205743542597, 1.9207346591372652, 1.866314096929853], [-0.2592745340094423, -0.5988450925498956, -0.27944902996093063, -0.2610829181854829], [0.5978238601644894, 1.0075127557245611, -0.3763135252763362, -0.7294588033666237], [0.17530211378319016, -0.6809423633760483, -1.5670581112746196, -1.6082457665652243]], "1": [[2.3877203372190694, -0.006915653006749906, -2.407737525116595, -2.397405663617244], [0.029565121184819968, -0.0638119108579524, 0.054137296495105444, -0.048360492749730734], [0.005189000567924568, -0.03739472642876879, 0.016678292648794328, -0.01866011710392255], [44.8668513532327, -0.1821632195863183, -43.503176073136075, -44.86523845000795]], "2": [[0.4811708867130283, -0.13964567480668988, -0.03058027749348755, 0.452544840654339], [2.2938525877063163, -0.1367797335852651, -0.10095844341717097, 1.7817950762647936], [0.42302027755841115, -0.09643182027929517, 0.002312825482758374, 0.35047906349514507], [-0.4423541645010995, 0.11282523951604853, 0.005068250354550322, -0.4147584861000491]], "3": [[-0.9669381758532094, -10.433201946081507, -1.272764290662064, 1.2618226330168483]]}