{"0": [[2.716773099022378, 0.9690782726829529, 3.088237824614237, 2.803174579343035], [-2.112544732816449, -1.3989225120482323, -2.680557731375914, -2.513009113412771], [3.0248755973802925, 1.1993591780523936, 3.5865369379590897, 3.275270318021183]], "1": [[-9.23067162547138, 19.660884141895153, -13.64712096591149], [0.6134876384844569, -2.422311208767324, 0.9985110426547186], [6.075505768031421, -12.952744646031231, 8.983533844657241], [15.433188973402956, -33.094276269064814, 22.812039159496482]], "2": [[22.479342125204262, -70.77787979991811, -10.025352458998391, -47.86969065603002], [4.961628918252206, -15.485310958977994, -2.2386577595710837, -10.602655647410986], [11.60787182964853, -36.2209815731404, -5.217699280743091, -24.679703797366887], [-13.74101599953343, 42.93144102216023, 6.154763843671607, 29.206922630801618], [0.637532497986031, -0.83341197142295, -0.2409972184668517, -1.297051292173852]], "3": [[0.2290081894733298, 9.679384833194163, 19.3292280849219, -18.92370631252415, -25.40712341307881]]}