{"Train": 0.1681368097475513, "Val": 0.17001781909924157, "Test": 0.17275772671034165, "max_epoch": 3, "stop_reason": "Weight gradients converged", "num_hidden_layers": 3, "total_hidden_units": 11, "unit_combination": [1, 5, 5], "learning_rate": 0.9}