{"0": [[-1.1313218072479552, -0.7826966309874652, -1.264850234519488, -1.2791674492134457]], "1": [[1.1108797840708622], [-0.097800552885039], [-2.037790067240052], [0.6243815156393986], [-0.39119433002493914]], "2": [[-0.0165898909753626, 0.003187250426300085, 0.013499885889204952, 0.0032436129375128277, 2.3118832396397725e-05], [-0.9393863808182374, 0.08599429307009067, 1.696835492338943, -0.54087449245017, 0.3388238089017667], [-0.09068053933340844, 0.006284052668437288, 0.21027146128723823, -0.03459446541836731, 0.01571059005377993], [-0.06666013526075472, 0.008513988514237358, 0.14664504906902215, -0.030995362644366635, 0.005069147123298245], [-0.5724619945798406, 0.04898080252820136, 1.0916770081321925, -0.3159232485442194, 0.20472303117613028]], "3": [[0.008053894910282607, -6.917418311671116, -0.20917120338679135, -0.20824117826277053, -6.000130596855893]]}