{"Train": 0.16813680381812235, "Val": 0.17001781315639608, "Test": 0.17275772072293466, "max_epoch": 3, "stop_reason": "Weight gradients converged", "num_hidden_layers": 3, "total_hidden_units": 14, "unit_combination": [5, 5, 4], "learning_rate": 0.5}