{"0": [[-2.356820640548151, -1.0585887530404576, -2.4654314452199837, -2.449930614276892], [2.074668137668371, 0.8819313362554844, 2.13292998710917, 2.1160558064315307], [1.1448234333840368, 0.4719940631965516, 1.121783504667194, 1.127355521215144], [1.0172725298665182, 0.3912138049203653, 1.009613535692049, 0.9917608660906667], [-0.4660171230779015, -0.2020032890912146, -0.4657604842580432, -0.4758821307022949]], "1": [[-3.742800052035396, 3.021629366213627, 1.0281414508427875, 0.9369577851592611, -0.38022001700827984], [-3.2650696890578055, 2.6079613922012506, 0.8906846415857805, 0.796616936415903, -0.3358489872185641], [-3.722435428566385, 3.0235242417030435, 1.0739336447334271, 0.9529461505917954, -0.39503372575978263], [-2.4619933743268017, 1.9852850247335068, 0.6631037817872565, 0.5920574555575533, -0.23797712811685898], [3.8412468875272454, -3.112424381012092, -1.1016425198926667, -0.9702107034827726, 0.4180125851076497]], "2": [[-3.723621826705407, -0.17198431551299864, -7.331313213088598, 0.4906656983629095, 7.920701287694056], [-0.0027046510900030378, -0.015612578571148068, 0.039514749312472196, -0.019522940932543986, -0.040799780064408944], [-0.0070655255662490195, 0.0030315742705984755, 0.00960332602187888, -0.011181472938754919, -0.024261242724331424], [0.186110907169324, 0.8715602550314171, -0.6850000439088416, 0.797592682185126, 0.8295045498280758]], "3": [[9.10587295923085, 0.0172224446511023, 0.010464969989726697, -0.5551481489021496]]}