{"Train": 0.16813677596570753, "Val": 0.17001778524105968, "Test": 0.17275769259806098, "max_epoch": 3, "stop_reason": "Weight gradients converged", "num_hidden_layers": 3, "total_hidden_units": 7, "unit_combination": [2, 4, 1], "learning_rate": 0.5}