{"0": [[-4.263214347123785, 0.41757772040396945, -2.4730786961359366, -2.723893818141437], [-0.08850790928889998, 0.47747308213364664, -0.3798411320860708, -0.44537109387668683]], "1": [[-0.6975877445496028, -0.6562448650803009], [-0.6900289245475346, -0.5570596053228934], [-0.670576195721785, -0.836422015722861], [-0.6835171217705337, -0.7515189947612103]], "2": [[2.3008697406251484, 1.8566401610710674, 3.07023790985684, 2.6424787314302574]], "3": [[-8.417674966575749]]}