{"0": [[-0.8563189319911316, -2.1056006779519145, -0.3530256438524991, 0.04076674055225492], [2.043087734381382, 3.7704880321200207, 0.28469903162553795, 0.1220485705494789], [2.4116426786098795, 4.222649972335202, 1.0076472347859424, 0.72736299162946], [1.4683030567029147, 1.2006313999494573, -1.2178347946419754, -1.156458604731741]], "1": [[-2.882206526320262, 0.8969997342608881, 1.076649493088671, -0.9041907727624523]], "2": [[7.16807796867881], [-9.266837742552054e-63], [9.930642128123457e-62], [1.452684431537897e-62]], "3": [[-6.694671538330537, -9.266837742574621e-63, 9.930642128117466e-62, 1.4526844315378951e-62]]}