{"0": [[0.45681007431358917, 0.09055551112761968, 0.46560984073823947, 0.46573247948616053], [0.5873010817005653, 0.11026178038039108, 0.6095395841397085, 0.579897906140925], [1.3601137310165599, 0.2682328500054314, 1.4399491617265108, 1.3785174475177728], [-1.6144481864972433, -0.3210495017057022, -1.7378385845032043, -1.6804502167653141], [-0.1073732914300294, -0.03620707889990633, -0.09416164705646118, -0.0945339327844165]], "1": [[0.5260890448580782, 0.6725680356030801, 1.70176893572308, -2.1617608078976835, -0.10888756967682162], [0.6193457630138747, 0.79735900864536, 2.0089089495804995, -2.557256041485009, -0.12896017314845779]], "2": [[3.0478331938664693, 3.6998477976020046]], "3": [[-20.170830166447395]]}