{"0": [[-19.880865395702532, 0.02529162414538609, -2.1085018037536187, -0.3617727497715495], [52.04091835690426, 0.01755674108647944, 10.100302434984048, 5.992245816724142], [20.773601113464842, -0.017125441328921263, 2.115409499138159, 0.28304313617142673], [-10.25947489206106, 0.009329386320145171, -0.9224308734980576, 0.044977346836285736]], "1": [[-6.414123291901708, 11.70474441420381, 6.818705440209465, -3.4085807805155692]], "2": [[-18.07723566497613]], "3": [[-8.441768555638909]]}