{"0": [[0.2382553913890045, -20.065795063030986, -8.50946203436512, -8.930116834859437], [-1.5366555890052584, 27.851012022526724, 10.061516538102905, 14.2532578572471], [-2.504082555029973, 14.538721558098887, 4.075334522753464, 7.170055085618485], [-0.28556919920449175, 40.235251027809134, 15.91568519734737, 20.03562515235475]], "1": [[1.2421282063982404, -2.441222658985632, -6.670851541278227, -3.913561639903055], [-1.8301292503881157, 3.1729897143758774, 3.075440069082147, 2.9644584118619224], [2.0419617089746875, -3.9357425489117768, -8.579152611611185, -5.4666496887713105], [-1.3565019480002254, 2.5643516462831997, 6.461668354810364, 3.902504574030815]], "2": [[-1.4485814606525529, 0.44153032945334025, -1.595480928837921, 1.2799016117312847], [19.722770295697007, 25.65048508802474, 18.467991170250986, -10.313207186302444]], "3": [[-8.621889473183103, -0.8594915714484646]]}