{"0": [[-1.9810407140340744, -1.2414187238912022, -3.7901642812662333, -3.3409966391726216], [-11.316480345324711, -6.229084278072299, -22.439715026120126, -19.72942708591391]], "1": [[-2.3732540112957663, -2.34590168789937], [-1.7777070068490148, -1.6703737852262304], [2.204313840335063, 1.747166774519467], [1.7675972356613199, 1.6483779952697228]], "2": [[5.844504771014348, 6.310630556742791, -0.9683092557176897, -5.46327674458706]]}