{"0": [[0.8167918668988584, 1.4267284738410828, 1.0671230352780585, 1.0711768968695916], [0.9314340637128998, 1.6747047753511333, 1.2342650925837206, 1.2410977594890673], [0.7892578506871732, 1.36543817537839, 1.022525869975227, 1.0060941800510554]], "1": [[-0.5341999669498989, -0.7011583748388048, -0.5187460375604471], [-1.6306746645043857, -2.030653183665982, -1.521799915643293], [1.5457585250187647, 1.949480017478128, 1.4697755675228024], [1.045503699086606, 1.3001111595858026, 0.9681053837662608]], "2": [[0.43250199213721974, 1.474560532655384, -1.382452561423011, -0.8585513962636853], [0.934628775811898, 3.1466456653613033, -2.9657821387370187, -1.807544969315288], [-0.16409768690894463, -0.5624188682909269, 0.5371895213755458, 0.3299557913619008]], "3": [[2.3034157940433024, 5.9833329045299255, -0.8613556919014536]]}