{"Train": 0.11354966696102159, "Val": 0.11344648793341305, "Test": 0.1133523323014614, "max_epoch": 3, "stop_reason": "Weight gradients converged", "num_hidden_layers": 2, "total_hidden_units": 9, "unit_combination": [4, 5], "learning_rate": 0.9}