{"0": [[1.9760229829223974, 3.789361720651348, 1.896345584644921, 1.9316066345093907], [0.7726278824661749, 1.4244189097745539, 0.7440165105591379, 0.7458570789013138], [-0.8942123588480558, -1.6707052233333248, -0.8332885601487904, -0.8390737212214764], [-0.5377647256538762, -0.9819016110261494, -0.512441114050702, -0.4919308212264439]], "1": [[2.384128919513965, 0.6386124942723, -0.749442615809217, -0.4329999391236921], [-0.3207294946444882, -0.10005313967297715, 0.11683978169144704, 0.06936334279462888], [6.399955402814538, 1.7156497272313742, -1.9916103171354618, -1.1665226269711613], [0.8749233751909683, 0.241301127727147, -0.2785673564872858, -0.1569507065592183], [0.7051464827283555, 0.19954959063901634, -0.21910183959822666, -0.13339000051945557]], "2": [[-2.7041312280743393, 0.17616244700868045, -7.793971608864302, -0.9052916746931643, -0.6635858191357298]]}