{"Train": 0.11354966699059987, "Val": 0.1134464879628828, "Test": 0.11335233233118651, "max_epoch": 9, "stop_reason": "Weight gradients converged", "num_hidden_layers": 3, "total_hidden_units": 12, "unit_combination": [4, 3, 5], "learning_rate": 0.5}