{"0": [[1.7760031025590215, -0.02552698543586351, 0.5399248204036481, 1.4276828048444512], [-0.9702511193658268, 0.028591119675892437, 0.04101560414727339, -0.5693990875800944], [-1.497603530420354, 0.009867933064508061, -0.34272146738579523, -1.1446631467001147], [-0.8824786489899257, 0.045357743828844534, 0.11376368678512924, -0.46110868372628133]], "1": [[-0.549885489326732, 0.36851566878267117, 0.49439119141147364, 0.32685880572581755], [-1.873773070571943, 1.183738861876838, 1.6856322447530998, 1.0653623188589931], [0.23189744187607414, -0.09112580050373718, -0.19234528373880158, -0.06521230250097912]], "2": [[0.37590582728844785, -0.47655678595146855, -0.7288777189838427], [-0.5266847731366844, 4.352660349903526, 0.9079383991139546], [0.3177589870775511, -0.20070833228203208, -0.5313709902767133], [0.3895899484435523, -4.0299252324472485, -0.5400284967291303], [0.4866394484048773, -0.9726650119444914, -1.0962613372308678]], "3": [[4.587905552874747, 8.802313079735699, 4.585354579407349, -8.917294679112294, 4.645760979466752]]}