{"Train": 0.11354964749284882, "Val": 0.11344647317558763, "Test": 0.11335230518088514, "max_epoch": 3, "stop_reason": "Weight gradients converged", "num_hidden_layers": 3, "total_hidden_units": 10, "unit_combination": [2, 5, 3], "learning_rate": 0.5}