{"0": [[-0.0244264677359374, 0.2568444321710113, 0.12889969304243293, 0.14329993519860043], [0.6865087982176197, 0.719619168391971, 0.6759888721835329, 0.6725611447391392]], "1": [[-0.2665480336735008, -1.0358785642512647], [-0.056198562090776984, 0.14501120230862588], [-0.11969706243569503, -0.6434755305744282], [0.0720776129931492, 0.01240765507726759], [0.07026494349651596, 0.00914996326162534]], "2": [[-1.9671794667150675, 1.0251971147552532, -1.6134357110970319, -0.5603536922530276, -0.4937742851715063], [1.3908442208857352, -0.8760375950473628, 1.2203084862868538, 0.5121019057551777, 0.45785282124515964], [-0.8084068640374943, 0.28459572325890425, -0.5841660630927789, -0.11758585994800552, -0.11070653206315503]], "3": [[-11.216123667012354, -7.319823577087387, -8.605913551794256]]}