{"0": [[1.2562010972288187, 1.7626248946160974, 1.2268498507674455, 1.089402299887837], [-0.10431811769578778, -0.12715709332415595, -0.08432396816156491, -0.0867769036269095]], "1": [[1.4239126314432324, -0.07430719707295298], [3.398844908875178, -0.19228609233195507]], "2": [[0.4306093858140608, 0.7066956990903434], [-0.3850880894536967, -0.48933531217991294], [0.9554035157096384, 2.4775548597636505], [-1.1120271153304753, -2.8512674436345846]], "3": [[0.7942004711867113, -0.62001095431146, -5.420522140524922, 5.849477867586977]]}