{"Train": 0.1493090016489838, "Val": 0.14719808462037917, "Test": 0.14840711957936345, "max_epoch": 7, "stop_reason": "Weight gradients converged", "num_hidden_layers": 2, "total_hidden_units": 5, "unit_combination": [1, 4], "learning_rate": 0.2}