{"0": [[3.5773980709985307, 7.056126175568743, 1.8428435108299248, 2.2006588603675663]], "1": [[-4.406257357878725e-95], [-2.050233026298837], [5.400414971998839e-95], [-5.739693806882207e-94]], "2": [[4.406257331454429e-95, 6.593879269520914, -5.400414346387e-95, 5.739693529181045e-94]]}