{"0": [[3.3890481611469934, 1.1771087562406672, 0.3717490775149965, 0.36742061946936]], "1": [[14.137210136005756], [-3.493144862352303]], "2": [[-19.27244653982046, 15.746130880772256], [-0.2494660460523129, 0.45538655825644764], [-0.24909294553194555, 0.45064125209342215], [-0.24521124812919234, 0.37887860986959926]], "3": [[7.71074219093213, 0.3533354008977948, 0.3420092338357985, 0.18725290146420845]]}