{"0": [[-1.0497381494534441, -0.6239734249248745, -0.9667601085322876, -1.0187336014833626], [1.5785121367948478, 0.9547112335883733, 1.5241702125116732, 1.5622550504148576]], "1": [[-1.955617324022803, 3.309785741285878]], "2": [[-9.922077818316772], [-9.394263825019532], [4.9181991712775535], [1.8584604218619747]], "3": [[12.35737149237762, 16.36364388825553, -51.803053451424844, -24.790402793080695]]}