{"0": [[1.2682330448334893, 0.18210529690150346, 1.2071025203926438, 1.2273457258684521]], "1": [[-0.2676879260178522], [2.3013330121295983]], "2": [[-0.2664161390468736, 2.228762969426277]], "3": [[-17.567361256452536]]}