{"Train": 1.4245372524039595, "Val": 1.4233503692601084, "Test": 1.4248307223749477, "max_epoch": 4, "stop_reason": "Weight gradients converged", "num_hidden_layers": 3, "total_hidden_units": 12, "unit_combination": [5, 5, 2], "learning_rate": 0.5}