{"0": [[-0.10364214863426469, -0.07837025552361905, -0.09921231094253831, -0.08625998120120923], [1.1385127601106864, 1.0915964442794113, 1.23798273937287, 1.2233497312243196], [-0.28082739691347675, -0.24712610463569876, -0.28023510388887674, -0.2819036838653923], [0.034174414199436585, 0.013607906927189217, 0.022882745337985615, 0.013124560911081927], [0.7161642969896694, 0.6377857603987773, 0.741671357966845, 0.7247112402625611]], "1": [[0.13855429957854037, -2.3555862330161985, 0.4281411884401907, -0.029437715160820624, -1.163697514573998], [0.000480820273967643, -0.06401331327763421, 0.019257975784288946, -0.0023423699928815157, -0.042909985093503925], [-0.014558557039338178, 0.3645531536368344, -0.06763332647187835, -0.00318630253807055, 0.16952893438191208], [0.05535544115961625, -0.6291381050393274, 0.11713511057098062, -0.00946155621803375, -0.31369063015957166], [0.10877313738517384, -1.7219709448664964, 0.31918617305709024, -0.030221337500134383, -0.8771122612808678]], "2": [[-1.8443112336148744, -0.0474418093687319, 0.24484408207061173, -0.42780167725145973, -1.2641843341517884], [-2.4713087330036, -0.06553839851872988, 0.32225454902854933, -0.5783856908063204, -1.6657661830017854]], "3": [[5.909287514458115, 4.920258127424358]]}