{"0": [[1.2596612826483884, 0.7266590667550666, 1.1562770542593945, 1.168406014702209], [-0.5901074192715285, -0.3312020814439612, -0.5266307393759687, -0.5163855198073907], [-0.7096099239342344, -0.3806198060487142, -0.615325504714418, -0.6118304349583956], [-0.006600461644518367, -0.016603234615213673, -0.01108802799297071, 0.006374322750660188], [-0.24730566271140036, -0.13482721316441748, -0.23194990165856336, -0.22717981551845987]], "1": [[0.988243959111826, -0.34586048192629903, -0.4306354551243882, -0.0160271298548201, -0.1414210426807484], [2.3385278111875243, -0.8790885078840232, -1.037508445711619, 0.0010229597762097516, -0.37571030243002596], [0.298667500657585, -0.04523194917789283, -0.09005447550110425, 0.00521787608367834, -0.030090870391773848], [-1.15503002894839, 0.42944762643089057, 0.5059412859433252, 0.005736292675532019, 0.17499183306880547]], "2": [[-1.1741043526742916, -3.102452750393175, -0.4758059116295958, 1.3552577130591266], [0.2744474005637374, 0.6905858184684331, 0.10685043014664306, -0.3361053040134356], [0.24907563059685112, 0.5835077592293032, 0.08456856096870213, -0.2778990550248249], [0.21231146578521937, 0.5756841984026874, 0.0743991064130865, -0.2605105822787035]], "3": [[7.964728038799615, -5.562894667075025, -5.889358338429775, -5.923190761639762]]}