{"Train": 0.1493110947892845, "Val": 0.14720017521110204, "Test": 0.14840921054145717, "max_epoch": 3, "stop_reason": "Weight gradients converged", "num_hidden_layers": 3, "total_hidden_units": 10, "unit_combination": [3, 2, 5], "learning_rate": 0.9}