{"0": [[-1.1811804109030442, -0.7676939347680224, -0.8444286330291081, -0.8044532484504447], [-0.5776878522578692, -0.3447975774107681, -0.39134279140645817, -0.37935597455536796], [-1.841772144297356, -1.6775320684336374, -1.7055109618280186, -1.6516135514049295]], "1": [[0.7219338421582779, 0.3380795504386863, 1.9873286004429276], [-1.0542218798859848, -0.5054636847369731, -3.0599483222449892]], "2": [[-0.44215851463622274, 0.7955376667660983], [-0.13550939151740488, 0.29335232891199237], [-1.6375930420491316, 2.7338854827249777], [-1.42757551018158, 2.390611580065203], [0.1478705816116124, -0.29846748831019954]], "3": [[-1.0208690944068635, -0.3335483078433308, -4.096649850379741, -3.5134189806107177, 0.3443702778045035]]}