{"0": [[-1.4847567728198536, -0.6126497990886096, -1.3127557386549378, -1.3782205790075404]], "1": [[2.5037761224407094], [-1.069922076914066], [1.0179232845280317], [1.6274877479339687]], "2": [[-0.32347009208899, 0.09142763378447973, -0.12011459254142244, -0.1862185971854993], [-0.7175523374265035, 0.26954553708295587, -0.23821601540728865, -0.4024039455955106], [1.7723105394663594, -0.6455415123310383, 0.6215333697126559, 1.0341611328842295], [-0.8133967025199659, 0.2915518824836766, -0.27876586997700636, -0.4590558706267298], [2.1177493345656, -0.7908663084432956, 0.74352050485462, 1.233224934447684]], "3": [[-0.3998827254654587, -0.9205582346480544, 2.6097516122339486, -1.0536603218616647, 3.320570923073413]]}