{"0": [[0.12460868015458149, -0.3607821570145076, -1.3206908500347057, -1.3958545841311991], [0.03783217136876017, -0.28983253591023894, -1.2180966076794042, -1.3191353775848376], [0.12775996404616874, -0.320987789274121, -0.8674612097159592, -0.9668606549938357]], "1": [[-2.2617926907483894, -2.16512489943707, -2.1713787027936426], [0.06081600736087118, 0.06369208180169049, 0.08159409532862334]], "2": [[-2.5270759679021144, 0.022138431394824958], [2.592708929047717, 0.1192336682513548], [-5.2722987149035765, -0.04408201063030692], [-2.02379638093124, 0.011769833987625504]], "3": [[-4.585418710691033, 4.906994689056377, 0.7520119580438959, -2.845696164390067]]}