{"0": [[-0.8669809024973925, -1.5256967059916382, -0.8191177438940881, -0.8152653743608909], [1.0485195303218273, 1.8546952465645894, 0.998159351248096, 0.9872352703101666], [0.2942016137604048, 0.5445000269113575, 0.27774970007022715, 0.28352731787500307]], "1": [[2.354673052280973, -3.1567599200852596, -0.7376281873626506]], "2": [[8.744657029180447]]}