{"Train": 0.11354943895450137, "Val": 0.11344625933546972, "Test": 0.11335210393829152, "max_epoch": 27, "stop_reason": "Weight gradients converged", "num_hidden_layers": 3, "total_hidden_units": 9, "unit_combination": [5, 2, 2], "learning_rate": 0.2}