{"0": [[-2.5589229071339523, -3.0350095250316182, -7.038621701480458, -6.944237515917676], [-0.5359590385726934, -0.6114155836638314, -1.378694850395341, -1.6180353993171093], [0.7344578652998679, 0.9020098807414946, 2.1056036213045943, 2.3229511434430528], [3.383751378037184, 4.706493479394928, 10.429560984772122, 10.646368552428207], [-3.26802481743772, -4.226718457431049, -9.464128819166179, -9.549836885886032]], "1": [[0.8911513033543409, -0.9364822535833115, 0.9811682040262985, -1.9716388718853568, 2.0392070361059504], [-1.5155543334283108, 0.5941156898568927, -0.5945888651567239, 3.4094439220226094, -3.187361002931015]], "2": [[13.983229765314716, -12.662930595979713], [-1.3247148114745488, 0.42796687566976427]], "3": [[7.011257529956148, -0.44706347667270147]]}