{"0": [[-0.8892934385954064, -1.5691312159529993, -0.8077343754866126, -0.8293583349960499], [0.09021607309269299, 0.17239189124725296, 0.08597380866799294, 0.08382425286703811], [-0.8993068276441859, -1.611435365439112, -0.8305498744291817, -0.8377440070725475], [0.4690194398297338, 0.7624138035942697, 0.4037889123130108, 0.4155327511785], [0.0024264649772244165, -0.011156155715624285, 0.007912457483535876, 0.009749448395556519]], "1": [[-1.5830772920989757, 0.15046261609379327, -1.6695045540330706, 0.675266284613297, -0.00713447856174357], [-1.318400765281827, 0.10144870879080715, -1.3713077813534424, 0.5484026935017705, 0.0010548070760011494], [-1.597258972866472, 0.1422355261809491, -1.6839555597123101, 0.6772548166582993, 0.009240234471787736]], "2": [[-2.5727122934373394, -2.059644204141878, -2.5965548683919057]]}