{"Train": 0.14931111314438683, "Val": 0.14720019354261119, "Test": 0.14840922886715036, "max_epoch": 7, "stop_reason": "Weight gradients converged", "num_hidden_layers": 3, "total_hidden_units": 7, "unit_combination": [1, 4, 2], "learning_rate": 0.2}