{"0": [[-3.2911225387321377, -2.626569165014688, -1.4496350993050886, -1.3246485308370886]], "1": [[-0.018288110887334705], [0.0009297164900344462], [-0.00019339846647396377], [13.58921519180527]], "2": [[-0.10646126521317097, 0.02539229813549383, -0.005442738134311385, -3.6113155532200105], [0.024394774072956822, -0.0030765369455936927, 0.0006505816073353072, -0.9284119851115565]], "3": [[-8.059624958887994, -5.185414791856371]]}