{"Train": 0.11354923653785338, "Val": 0.1134460577022835, "Test": 0.11335189865473672, "max_epoch": 3, "stop_reason": "Weight gradients converged", "num_hidden_layers": 3, "total_hidden_units": 12, "unit_combination": [3, 4, 5], "learning_rate": 0.2}