{"0": [[2.2914034714775395, 0.49263870464177667, 0.2256320711580572, 0.07689037486647302], [3.1549464619301104, 0.6930039818488658, 0.789505929045544, 0.5131350925869492], [-0.39280533354312824, -0.012039793986118515, 0.054992413162516164, 0.059179031626550055]], "1": [[0.7974810447931774, 1.3236662964194597, -0.02913493870655959], [-0.2409748608059923, -0.26059285109842434, 0.07103076861883723], [-0.4782398274179548, -0.06996497155124995, 0.09919174517841398], [-0.15471194869339364, -0.15846228829403483, 0.09843097518580209]], "2": [[-0.530813780159108, -0.11210838845441083, 1.095357021926298, -0.3561302274986407], [3.346351875485347, 0.1064392752339959, -0.33922019691982147, 0.07081495278644798], [-0.07177019573933294, -0.10237173059716406, 1.133497890200439, -0.3269615539750168], [0.5239722720936311, 0.14941361756252777, -1.0982246769260664, 0.2992975630128372], [-0.6545411205268148, -0.14555110797698384, 1.1523123579416321, -0.30670940994503076]], "3": [[-1.051223072842432, -10.083199944488571, -1.5398063412475937, 1.0857492120376486, -1.1820193191187078]]}