{"Train": 0.14931109085927763, "Val": 0.14720017128591392, "Test": 0.14840920661879559, "max_epoch": 21, "stop_reason": "Weight gradients converged", "num_hidden_layers": 3, "total_hidden_units": 7, "unit_combination": [1, 5, 1], "learning_rate": 0.5}