{"0": [[9.789110779438804, 0.0012301603302527124, -1.016996160727282, 6.5225970495433]], "1": [[-28.445133562568458], [-22.197142019190185], [8.116297758925985], [16.94149670598634], [1.5722689770615692]], "2": [[-10.657254350117103, -17.136930169086007, 8.754082050117916, -18.771310961134027, 1.586125079960302]], "3": [[-8.647869940330533]]}