{"Train": 0.1681367869336853, "Val": 0.17001779623372046, "Test": 0.1727577036735273, "max_epoch": 4, "stop_reason": "Weight gradients converged", "num_hidden_layers": 3, "total_hidden_units": 12, "unit_combination": [4, 3, 5], "learning_rate": 0.2}