{"0": [[3.922761483513635, 13.29375407962886, 8.36288750423098, 9.022452271274641], [1.8266298182088374, 4.490161445967915, 2.897999271533974, 2.679891101321795], [-4.903136117196939, -12.548602882938916, -8.213533480382251, -7.5687307055552235], [-4.111986907787522, -13.125561219994394, -8.500032620200981, -8.923429745490825]], "1": [[-1.377692603545076, 0.44739224567710845, -0.1874441857822684, 1.3185026490791827], [1.187548180217197, 0.11898376746517617, -0.31806530667142463, -1.235490424468436], [0.0759835271965339, 0.049570572558384284, -0.2805262336581247, -0.3535654017682226]], "2": [[-1.4758428350310544, 0.30929231045010985, 0.9654238114752938], [1.56405150755078, -0.12725342154134542, -0.9248450294529594], [0.7677512997234534, -1.1062710309997, 0.6342138171629749], [-1.4746684323618924, 0.30115983399152735, 0.943209608672697], [-0.7887802667570275, -0.9846005532306806, 0.6252608715963748]], "3": [[-2.5352466382574668, 2.486576266629416, 1.6627895125156695, -2.541192224114939, 1.5458785336133833]]}