{"Train": 1.4758658868988024, "Val": 1.4761823577485123, "Test": 1.47371427327921, "max_epoch": 4, "stop_reason": "Weight gradients converged", "num_hidden_layers": 3, "total_hidden_units": 9, "unit_combination": [1, 5, 3], "learning_rate": 0.9}