{"0": [[-0.9813061669272468, -1.6789873001737228, -1.2693502691032341, -1.2784530858921137]], "1": [[1.4891813202307307], [1.408506194790881], [-1.8063076082125251], [-2.7479949397857224], [-1.0727310389835025]], "2": [[-1.4448299393767086, -1.336209655564338, 1.8214152491341744, 3.18178727263824, 0.9678865496617978], [0.2245318634298045, 0.21840791300589518, -0.21398461573181352, -0.25128882840312805, -0.18319725230392253], [-0.9639356670469461, -0.9456975596631395, 1.090769700393708, 1.4030771160558388, 0.7702059968942805]], "3": [[2.9027869225179854, -0.4931986369182949, 7.100220553211448]]}