{"0": [[-2.996043771073535, 0.6352216446482567, 0.012868292812037068, -3.1026433533356794], [-2.0684272349718995, 0.5209705378987399, 1.6141607096867008, -2.1611608927375388], [0.43231419216873157, 0.45909957839304194, 1.848628578995773, 1.003918100908234], [0.10042879110740702, -0.10521604952184042, -0.7922911018845145, 0.10963536372937292], [4.676910792785803, -0.7197720837786189, 0.12120865685681918, 4.81315182551018]], "1": [[-3.664288489972737, -3.504250112604877, -2.494967679166952, 1.0955817133557124, 3.644099419038657], [5.7715727403051265, 5.138999963206094, 3.6524104756884674, -1.4511679503412616, -5.676102447430498], [7.392740550926039, 4.593015874018733, 2.9337300675079807, -0.4776557352060123, -7.084478108078702], [-5.191326929473553, -4.690440431569846, -3.3680795152255643, 1.3522098470138475, 5.142108787400116]], "2": [[20.250739006089386, -19.454310733897103, -13.246858272205694, 19.69359354996089]]}