{"0": [[-2.1114600360056124, 0.09582531165012696, -1.2562817663722863, -1.2543111895098182], [-1.8319568950584948, -0.4913420402309608, -0.7317134807604347, -0.5511290333560299]], "1": [[1.3567650353483196, 1.0119430741190028], [0.14022808668512504, -0.05484818899221414], [-1.7866663717514786, -1.729968244015941]], "2": [[0.6339430888237348, 0.593007445556099, 0.49118029772301197], [-6.865217681288786, -6.260622391877805, 2.166824617776341], [-2.8996545567406393, -2.6434795195148797, 1.2262289608287946], [-0.5071717413253918, -0.45627105980436594, -0.5368086804277971], [-2.70914340918477, -2.419745151314939, -0.6623260614001935]], "3": [[0.4393717220055017, -2.2746360664985024, -0.7844187573688328, -0.21523318382936388, -9.357160393424515]]}