{"0": [[0.08758942697009105, 0.16352182572028104, 0.053996543788278555, 0.0870864512620704], [1.6584759629492996, 3.061326074054745, 1.596133410920518, 1.6064780021839424], [0.5428968437900092, 1.001418385204162, 0.5276596583509667, 0.5078983994789098], [0.15825017977973393, 0.2746214924123796, 0.16139361196138777, 0.12510042051038076], [-0.20882319327214066, -0.3658249842873768, -0.186513085375276, -0.19810354810920583]], "1": [[-0.0634387623392168, -2.2624056442588647, -0.6268621853255301, -0.13582110432807298, 0.22701614323178748], [0.13230197016695255, 4.460619915077293, 1.2549616728016888, 0.3106311387400514, -0.42015964082573964]], "2": [[2.3425662749094256, -4.739633418985872]]}