{"0": [[1.722501375167738, 0.11431735287877569, 0.7922117259103076, 0.6706135216819077], [1.7000448558781798, 0.1056094733683227, 0.7337142721699769, 0.6067189951295997], [-0.6598310467010187, -0.3206531824925331, -3.5846213192405325, -3.225568162269978], [0.073595093331892, -0.009655972167604158, -0.0837780657982337, -0.043435326638446306], [-1.1639775038246956, -0.20883104805042482, -2.1818181401542245, -1.932707895041193]], "1": [[1.4218612599571858, 1.394528434849556, -0.7211260730020429, 0.09060849145118517, -0.9056819753082537], [-0.3830370431885111, -0.38035751605272505, -0.05291531888458491, -0.01582632734504437, 0.1333021059651809], [1.6223730353185606, 1.5777370991872663, -1.1448916582123054, 0.08263600585727168, -1.2076941065421707]], "2": [[0.6530193408029452, 0.3560129446554714, 0.7750267896204766], [-9.669529643727218, 6.887415027740029, -10.129010467555831], [1.9668065843492573, 0.8403661227142617, 2.033290703962631]], "3": [[-0.8869803374211294, 13.046377667088539, -1.219110808996519]]}