{"Train": 0.16813680974610687, "Val": 0.1700178190977775, "Test": 0.17275772670891532, "max_epoch": 3, "stop_reason": "Weight gradients converged", "num_hidden_layers": 3, "total_hidden_units": 11, "unit_combination": [4, 2, 5], "learning_rate": 0.9}