{"0": [[-0.512721444471666, -0.6832684831888901, -0.4471543858199177, -0.43038308437630673], [-2.006304428227157, -2.8434707684885003, -1.853229696557297, -1.8406395037641792], [0.2483065387262181, 0.29610103256900094, 0.19821500939518977, 0.21378338555161464], [0.29427711456314465, 0.3951031088694484, 0.2652114663014902, 0.25050260918722383]], "1": [[0.12290341420624365, 0.709096634453235, -0.05503678837794851, -0.06555924574981886], [1.054018944706618, 5.935237977851498, -0.4982514071333908, -0.6075143355917308]], "2": [[0.03190633395755623, 0.4168034648899809], [0.34274420572442654, 3.1479300166584103], [-0.05485735297056424, -0.4807375771638494], [0.39113002296225324, 3.7710478496752673], [-0.4986913011584761, -4.875866681844981]], "3": [[0.4165716530696641, 3.2057569817339315, -0.4872163388503881, 3.8596912512537105, -5.053619432949852]]}