{"Train": 0.1493111131730604, "Val": 0.1472001935712482, "Test": 0.14840922889577665, "max_epoch": 3, "stop_reason": "Weight gradients converged", "num_hidden_layers": 3, "total_hidden_units": 10, "unit_combination": [5, 4, 1], "learning_rate": 0.5}