{"0": [[1.0912573320988748, 0.352326478106322, 1.0925856659431419, 1.1112677381512757], [-0.858569132693176, -0.27346551349639847, -0.8523291365177129, -0.8850498534178931], [-0.21421923051976915, -0.07729336275254195, -0.1914685107602852, -0.22885194721210642], [0.2351654865257162, 0.08032022954038968, 0.23651011681735987, 0.2335582759127309], [-0.7124945836423529, -0.23349827109052385, -0.7077537392453706, -0.7190142009665228]], "1": [[0.3254981041829064, -0.25280091327815557, -0.04810607453659282, 0.05661048057509191, -0.20066961424009458], [-1.236030670864501, 0.9338828730733363, 0.210536982846758, -0.24769574380429052, 0.765223896977535], [-0.9359488999792338, 0.7038764970449752, 0.17052371716985704, -0.18033191566096815, 0.5738582797380736], [1.4111939391958428, -1.0713948223524308, -0.25596668730253586, 0.27622329017758046, -0.8574208775024803]], "2": [[0.4647731830029803, -1.816997315539299, -1.3513676052941959, 2.094357039803701]], "3": [[-12.529347840494257]]}