{"Train": 0.16813680074326556, "Val": 0.17001781008637543, "Test": 0.1727577176035928, "max_epoch": 4, "stop_reason": "Weight gradients converged", "num_hidden_layers": 2, "total_hidden_units": 6, "unit_combination": [4, 2], "learning_rate": 0.5}