{"0": [[0.03606673603173984, -0.03351173437881603, 0.022660348167577497, 0.016839328288855662], [0.7645627452656066, 1.2789671411349406, 1.498987421789646, 1.5245301954624182], [-0.028865164213068464, -0.001056262351279189, -0.020483403254014675, -0.023366287917362158], [0.7184002919034845, -0.5082803321905603, 0.3018002145859706, 0.27422394260103333]], "1": [[-0.042426206666257786, -1.9598704448977973, 0.04224152018056008, -0.7601610000236567], [-0.08775458767085724, 8.238724416162887, -0.003416395723676669, -2.561081882686646]], "2": [[2.1177024082312093, -7.010681302680555]]}