{"0": [[-0.002137718162819032, 0.004607360810619285, -0.004136769744159133, -0.00371620042886711]], "1": [[-0.0005861355565193095], [0.0051859382246688965]], "2": [[0.003312023811901718, 0.009652188768893937], [-0.00040503780773194087, -0.004513676970709227], [-0.009753165559875475, -0.0010009893409329879]], "3": [[0.0052829859111788715, -0.010169490047594229, 0.006865849839173706]]}