{"Train": 0.16813680974570233, "Val": 0.17001781909697697, "Test": 0.17275772670827824, "max_epoch": 2, "stop_reason": "Weight gradients converged", "num_hidden_layers": 1, "total_hidden_units": 5, "unit_combination": [5], "learning_rate": 0.2}