{"0": [[-2.370009859048558, -1.5936281649488095, -2.6150061915347096, -2.610896092340663], [0.1350677661075995, 1.3282460731903407, -0.22253535323641732, -0.2032644176700435], [1.561544702919333, 2.0316406278207912, 1.9151892658895262, 1.9057755665374017], [1.209942978829926, 0.07923202759455548, 1.66878362856958, 1.6728758694501453], [2.559911329151286, 5.262984177337255, 2.6144207054253457, 2.579020405170125]], "1": [[3.3488234906862173, -3.843856474836367, -5.973477343383278, 2.6462116515630645, -6.343862534680593]]}