{"0": [[0.8203388179398393, 1.6008725345932175, -0.8385138250716034, -1.445785571343348], [1.4719166894054636, 4.85008425997418, 4.849519357325953, 3.801150690897504], [-1.6657852564664095, -3.292634656155903, -1.2454375656616243, -0.5247404181129008]], "1": [[-1.5566079997920597, -2.6836841829613354, 2.086721026295224], [-1.8151788947637562, -3.114382237532217, 2.425189755493334], [-3.96998509168355, -6.34118837748344, 5.218298095254881]], "2": [[-0.9728832174242615, -0.7187510518410973, -0.7540841690449351], [-0.5105420462079675, -1.1130919036475335, -1.1225485676284823], [1.3944891414801308, 1.503783825448113, 1.8481723546710274]], "3": [[-0.308222109908049, -4.771175767833501, 6.085224174938941]]}