{"Train": 0.14931111267063066, "Val": 0.14720019306944312, "Test": 0.14840922839413606, "max_epoch": 11, "stop_reason": "Weight gradients converged", "num_hidden_layers": 3, "total_hidden_units": 6, "unit_combination": [1, 1, 4], "learning_rate": 0.5}