{"0": [[-0.7158301198938611, -0.2023879633169253, -1.078060923827675, -1.1979820194777757]], "1": [[4.844253568836518]], "2": [[2.1530235813409826], [0.6032260205287489], [14.054786599276781], [14.894457938873263]], "3": [[3.905764951469747, 1.1125707520584616, 2.8838304049085437, 3.250389404720263]]}