{"0": [[0.6233744410082586, -0.7622719327279559, -1.2446669637090042, -4.70011460880685], [-0.91717184202444, 0.2471574467617204, 3.248001443067606, 2.570276114228692], [-0.1876340732466952, -0.08631545069621147, -1.5763924873592408, -1.425673379190473], [-0.7827605852524696, 0.1095081214799246, 0.7756992890089188, 0.0045980749134658105]], "1": [[-2.402300192589679, 1.4754053367278146, -1.4798284744433625, 2.440093053301966], [-0.8068658406438403, 0.8748594920505974, -0.8664963161255124, -0.09511544545511402], [-0.09856601885022305, -0.650606490532932, 0.045847200989582344, 0.019280618649153623], [0.1660818329971164, -0.87296738624514, 0.3593036838775966, -0.09594071806078551], [-0.33628500641223275, 1.0183555021960555, -0.3233726185151464, -0.08102128989590804]], "2": [[-6.892394573561694, -4.833768266719885, 5.10882715774506, 1.0122099053704814, -5.090135887247626]]}