{"0": [[-1.5870799093075132, -1.520565728748039, -1.557280424267368, -1.5519492174212817], [0.07399689446136948, 0.06454648812260622, 0.0695209063974389, 0.07148980863711436]], "1": [[-1.3656097635940345, 0.031243942705491277], [1.9435725334259197, -0.09489812190268943], [2.4019731698823916, -0.10509318038669825]], "2": [[-2.440943953625655, 2.5513383471542794, 2.552307514334757], [2.2839617625106716, -2.3118283974294735, -2.256412732959529], [1.5530039848627288, -2.0336729998522833, -2.4451310267112065]], "3": [[13.991045587428873, -8.269958680623317, -33.3714600186007]]}