{"0": [[-0.8935281434141974, -0.6593804137632816, -0.7951976605567318, -0.8215420484047563], [-0.9278086356089462, -0.6582510745176887, -0.8479129095306744, -0.8524012125712139], [-1.099230449613299, -0.8338934377701858, -1.0082907244654467, -1.0127843118562037], [0.7257370816032395, 0.5413753258257656, 0.6588860823173606, 0.6666898247310412]], "1": [[0.7478000488532458, 0.7790040074613194, 0.9882804070156704, -0.5942317430865403], [-1.1324019576415834, -1.1912966606706092, -1.492974261321774, 0.89578704008195], [-0.6135372610971774, -0.6314632988330309, -0.7906486325927964, 0.4988022495908639], [-0.438814295157928, -0.45853787444815464, -0.56062325564744, 0.3425834734929], [-0.7170709351601559, -0.7508820264909629, -0.9458990398921152, 0.5731007452760195]], "2": [[1.6383557214254472, -2.6393814214210614, -1.3146819537948915, -0.9251267952812152, -1.5686191999327737]], "3": [[9.314640125635723]]}