{"0": [[0.6932533724105207, 0.4107099511294743, 0.6071783008045027, 0.6389000134525559], [0.890065096664824, 0.6428303145648684, 0.8499409714645599, 0.8553109226050237], [0.43677722555223975, 0.23791698155382032, 0.4041637482155136, 0.4137728029023931]], "1": [[-0.9501753534854829, -1.5258043101885386, -0.5433121735018384], [-0.7102198451276475, -0.9159894313683599, -0.43079492839516254], [-0.35394987354170104, -0.4608482695408515, -0.2320201439445449], [0.10341400097722216, 0.13200991705796447, 0.058289741922452204], [-0.853041852270944, -1.1043899896456906, -0.5479566725100137]], "2": [[2.8135232039241567, 0.8446020647697695, 0.42365993791146705, -0.11669570978175635, 1.052579098591249], [2.806454790196134, 0.8356753920758322, 0.397789817353551, -0.11456756458421773, 1.0372723306734686], [1.0578839519409875, -0.5837282199715538, -0.29190014607279746, 0.06866008547747476, -0.7578052700323533]], "3": [[-4.828561413185187, -4.768555340805482, -1.1011969713625882]]}