{"Train": 0.16813680609490883, "Val": 0.17001781543948394, "Test": 0.17275772301960596, "max_epoch": 3, "stop_reason": "Weight gradients converged", "num_hidden_layers": 3, "total_hidden_units": 11, "unit_combination": [2, 4, 5], "learning_rate": 0.9}