{"0": [[0.9725192914276808, 1.432089356082868, 0.9543560183370279, 0.924277218431416], [0.7733998627220242, 1.069548672774954, 0.7144133204671703, 0.6907800021455862]], "1": [[2.2982170999659948, 1.2839677923304877], [-0.19278738617748675, -0.11635077621244508], [1.462530335642096, 0.8470039495596023], [1.8373431554477602, 1.0552001743529646]], "2": [[1.0256135293922637, -0.06847022485722024, 0.5785089973198531, 0.7421326465437729], [-0.9291169081048916, 0.05642541402241855, -0.49881287682311876, -0.6816299695792454], [2.739831850727653, -0.19969813059599972, 1.4960670827831648, 1.9705775871195212], [0.4582614739893776, -0.03018363391153324, 0.26175822533373816, 0.32962499828957154], [1.1478615401752073, -0.08161652022046367, 0.6372743582627831, 0.8314501365526262]], "3": [[-1.4228437598109438, 1.2748124231361815, -4.835707558016114, -0.6243161542850554, -1.5943101416562924]]}