{"Train": 0.11354945630475664, "Val": 0.11344627880361666, "Test": 0.11335211937365576, "max_epoch": 10, "stop_reason": "Weight gradients converged", "num_hidden_layers": 3, "total_hidden_units": 10, "unit_combination": [5, 2, 3], "learning_rate": 0.5}