{"0": [[-0.6833675813739624, -0.25394496166322356, -0.5799740701777617, -0.5924634371211528], [0.17277856481979134, 0.06234004352536971, 0.13581571820534952, 0.12544749983080203], [-0.1305909160584456, -0.054237582585022134, -0.08550337723235028, -0.09385766634201168], [0.24782900555858006, 0.09645198341117645, 0.21120794658478398, 0.20657135219915257], [-0.9524774232950527, -0.3485211938171654, -0.8317610537171578, -0.8737152116667247]], "1": [[-0.8201775805687848, 0.18321854707774765, -0.1288851682551977, 0.29141309170143637, -1.300576891328638], [-0.8236469909049445, 0.17831207143200972, -0.13080599907941606, 0.26698152157029365, -1.3043079229518981]], "2": [[1.5814407486009725, 1.583475566741575], [-0.012717457067509876, 0.0010216083897074883], [0.6925720297202185, 0.686441505277519]], "3": [[-6.436989973181603, -0.0068342628353667955, -1.2642486242290556]]}