{"Train": 0.14931111318254328, "Val": 0.147200193580719, "Test": 0.14840922890524394, "max_epoch": 3, "stop_reason": "Weight gradients converged", "num_hidden_layers": 3, "total_hidden_units": 9, "unit_combination": [4, 2, 3], "learning_rate": 0.9}