{"0": [[-0.8287575969342517, -1.1456864141274519, -0.9208121380439752, -0.8731917868448067], [0.10198060630841065, 0.1393688033737142, 0.10742491748060908, 0.12687647079404163], [-0.785557139686605, -1.1028399126185666, -0.874804043181908, -0.8490419411023467], [-1.0913276190289576, -1.5646365920087715, -1.1910748354582208, -1.1648539358887555]], "1": [[-0.7652772709171607, 0.11553816509267302, -0.7406614215702015, -0.9046265904843894], [1.9157709579134945, -0.22205581893734216, 1.8297061669424053, 2.701004280398193]], "2": [[-0.4411693277841151, 3.417402943128143], [-1.9156127105669822, 1.0892980170772948], [-2.239773746352933, 2.422624374390418]], "3": [[2.412438719995693, 5.472939959301702, 7.808499334014213]]}