{"Train": 0.11354966698748695, "Val": 0.11344648795976146, "Test": 0.11335233232806885, "max_epoch": 4, "stop_reason": "Weight gradients converged", "num_hidden_layers": 3, "total_hidden_units": 11, "unit_combination": [3, 3, 5], "learning_rate": 0.2}