{"0": [[-3.1190712726426755, -0.7372393515797286, -0.6409019675986366, -0.5115983289835395], [2.320930056099472, 0.5383346011913934, 0.7482620069830208, 0.6317596226199579], [-1.8187709264239629, -0.34556667046656486, -0.7981508668498396, -0.6889183771700962]], "1": [[3.430235771073027, -3.2260707479310997, 2.5345720439320476], [-0.08097333232598136, -0.05605400188085241, 0.13587837851611806], [5.782427256530345, -5.311223511656095, 4.065571692546855]], "2": [[-7.086797868110242, 9.589203452379298, -8.534591783380762], [-7.353791018824025, 9.77253836022178, -8.79395083335981], [-5.35006677877971, 6.315094467078167, -6.210624157731036], [-8.85071666372586, 19.095409411965534, -11.915608778759168], [6.246759477336868, -8.484897968970305, 7.60826811251265]], "3": [[-0.7153291315185041, -0.8144646704933972, -0.3261430933432529, -10.814672293834118, 0.3618218178398213]]}