{"0": [[2.3591139975290782, 1.8189928753584106, 2.6179825536776167, 2.595438883353387]], "1": [[-3.4522298073488744], [-4.827198990342202]], "2": [[3.195069823739276, 4.663421145006549], [1.5948880576105762, 2.2925527405343793]], "3": [[5.916501702110639, 2.816957181706653]]}