{"Train": 0.14931110796346475, "Val": 0.14720018833197446, "Test": 0.1484092235422055, "max_epoch": 3, "stop_reason": "Weight gradients converged", "num_hidden_layers": 3, "total_hidden_units": 6, "unit_combination": [3, 2, 1], "learning_rate": 0.9}