{"0": [[0.783426003796722, 0.5271447285337182, 0.8273150167411004, 0.8221857737840806], [0.5232690896569323, 0.3543935180454155, 0.5471150513992503, 0.5536582413162517], [0.5682217282120325, 0.38137185470419555, 0.5935881112489477, 0.5813081007029952]], "1": [[-1.2482975914717627, -0.8297867433122926, -0.8769187207253295], [-0.8453249750576228, -0.5497282025146157, -0.6107533051223432]], "2": [[-0.933714701728091, -0.5271543820690902]], "3": [[-10.72019044005471]]}