{"0": [[0.6432320027487445, -1.2157350112853862, -0.7271840653675058, -1.610265830496599], [-10.210302413623102, 0.5372706734258859, -3.872236984948142, -6.21601122826113]], "1": [[-0.2666688512297809, -2.771142929772025], [-3.3052695817144517, -5.453562238404073]], "2": [[0.3587582981186073, -1.247765217080643], [-0.9049173330998553, -2.590551252229525]], "3": [[3.890377927564629, 8.243159064409479]]}