{"0": [[-3.0347786422535146, -0.39432504322465534, -1.9076162141228765, -3.5758461618009174], [-2.284401967273598, 0.03307633054313229, -1.6143882812873411, -3.17346213694272], [-3.062633590391369, -0.4195621332171195, -2.010096307676516, -3.751616486537314]], "1": [[-1.5226613718132838, -0.32466817343892285, -1.5372841574132248]], "2": [[4.111148352561702], [-4.504790803644432], [4.583982131539962], [8.946898404967579]], "3": [[-9.392589719437261, 7.81367963297248, -8.9925032274602, 2.0909312397010034]]}