{"Train": 0.1135496669905946, "Val": 0.11344648796287912, "Test": 0.11335233233117613, "max_epoch": 3, "stop_reason": "Weight gradients converged", "num_hidden_layers": 1, "total_hidden_units": 2, "unit_combination": [2], "learning_rate": 0.5}