{"0": [[44.2525632456759, 100.98003109160108, 51.643811889124294, 51.825638138722844], [1.7911839585915983, 3.3033756107479197, 1.6778129932312205, 1.6994273078813158]], "1": [[-5.189908899789425, -14.267206557608148]]}