{"Train": 0.16813668413826718, "Val": 0.17001769363033728, "Test": 0.17275759935409726, "max_epoch": 8, "stop_reason": "Weight gradients converged", "num_hidden_layers": 2, "total_hidden_units": 7, "unit_combination": [3, 4], "learning_rate": 0.2}