{"0": [[0.3959402960345865, -1.7536312701482575, -0.6946725738352608, -1.4315458424848175], [-0.2674952139418498, -8.261196633214405, -1.194681446034101, -3.7980700527011986], [-2.5002992615727027, -1.1091161445399809, -1.0305072827938315, -2.148392963359004]], "1": [[0.6091079548295218, 1.0901352421172499, -0.35509926765265726], [0.49145366492271275, 3.588950700488918, 1.967853024054746], [-0.38175108394680896, -0.20152192737976946, -1.953911932740278], [-1.0081538359782358, -1.4182082575367079, 0.12194634408702824]], "2": [[0.7739964391961418, 5.133967695022442, -1.9671248153317307, -0.07940379374031062]]}