{"0": [[-1.2150068620084407, -0.2052992972135484, -0.3657565262994515, -0.46943579843016753], [-2.5941263886765937, 0.34988539715997313, -0.47187570528559897, -0.22684329571305797], [0.4805335243646049, 1.76092736211581, 0.9673994734246694, 0.9638498832588208]], "1": [[0.7433000665490319, 0.6726662503495731, -0.9301627043581865], [0.918553258044829, 1.3156770358854335, -1.8965200171461123]], "2": [[-1.4289095610027942, -4.4576427050501675]], "3": [[-6.885738162018577]]}