{"0": [[-0.3842661148022315, -0.15816156066853787, -0.3466081294549667, -0.3467434750442189], [-1.7855032803127928, -0.8107635838610996, -1.6643296585650351, -1.6611542344968333]], "1": [[-0.6413823671651074, -3.6333703011867358]], "2": [[3.802951140241953], [3.562463496306287]], "3": [[13.5708973978524, 0.2148867305573653]]}