{"0": [[-0.10669568276325034, -0.016630756764453965, -0.0768592490072674, -0.06168385578322673], [-0.4460701620940641, -0.06627677498086593, -0.2790823820969151, -0.2875710011369939], [-1.3513532480187416, -0.4037374597293151, -1.5908019642745066, -1.5709654806464797]], "1": [[-0.08573693439628043, -0.33494180883333474, -2.0672910318035562], [-0.026364804479952403, -0.12518597876181695, -0.4545687688484932]], "2": [[-2.129029913361278, -0.4625365638786097]], "3": [[11.77641923341252]]}