{"Train": 0.16813679691953834, "Val": 0.17001780624222554, "Test": 0.17275771375685242, "max_epoch": 4, "stop_reason": "Weight gradients converged", "num_hidden_layers": 3, "total_hidden_units": 9, "unit_combination": [3, 4, 2], "learning_rate": 0.9}