{"0": [[0.7750454430202277, 0.9787984541477426, 0.6469007985839627, 0.6388949865026112], [-1.5342102004869942, -1.9572279055152322, -1.2585866761606908, -1.280159415989181], [1.0542058201054776, 1.3481258926425845, 0.8813573446082841, 0.876372717240092]], "1": [[-0.40478022348533993, 0.8910978533945123, -0.5699392356101053], [0.4906743498760873, -1.1104121739844677, 0.6882195880987294], [-1.1001640665896077, 2.4417990078755585, -1.5431176573615817], [-0.9216687577089965, 2.06896361476864, -1.2997128880657354]], "2": [[-0.7829771825564984, 0.9621446891099393, -2.19034240190165, -1.8262993320451286], [-0.8232950280252379, 1.0190161840673309, -2.2985466288029177, -1.9320234430576464]], "3": [[-4.366039085686158, -4.535742929136656]]}