{"0": [[-0.5267654100349558, -1.0223655883009373, -0.6003186086130822, -0.5409362405503784], [-0.860495598649669, -1.681074010084097, -1.010435544404814, -0.9083090769310397], [-0.24220829510699596, -0.4211970685616454, -0.24452252971309588, -0.2186162802436515], [-0.6045339204681315, -1.110621102508969, -0.6620153393595917, -0.566775024295198]], "1": [[-0.8606429919004492, -1.7296751784507318, -0.3394521390946756, -0.9455991538226688], [0.2655629007897113, 0.5354147970745309, 0.11281115458149404, 0.3111473446401493], [-0.5076080256276778, -1.045307700749249, -0.20850366569993167, -0.5839010441318914], [1.069724119984027, 2.177061562174683, 0.4288382098665241, 1.179445807084471], [0.025365124616122687, 0.10434121515447357, 0.02696040347791312, 0.059737903376543985]], "2": [[-2.266264154109632, 0.7446377271035493, -1.3373439656795465, 2.987057470852269, 0.16274019039118234], [-0.17763100255784137, -0.12886666822968676, 0.03684064229513686, 0.3657823498586366, -0.049656140208165174]], "3": [[7.066067075219783, 3.644554136204787]]}