{"0": [[-3.398886767737981, -5.260025991143783, -5.919350589825473, -4.755241336897346]], "1": [[-1.5522212693124988], [0.004787712359691265], [0.03115354904334064], [0.028607433570429754], [-0.013290801675950632]], "2": [[-1.600646278482859, 0.0015817171461013678, 0.005670087561596526, -0.021044080455747773, -0.02195344753110559], [-4.5503481601496105, -0.002390647160466807, 0.00717965041707311, 0.010959227166679221, 0.0026729388612995782], [1.6581322878154288, -0.007678943793817254, -0.01921057319212177, -0.029980303541570216, -0.004916402320170052], [1.6958957619043415, 0.0003225803616110574, -0.02633375361392687, -0.03195696180608059, 0.008632878849724537]], "3": [[4.1500282322278395, 5.929711808822692, -4.234236208832607, -4.394256923941241]]}