{"0": [[0.6644219423638958, 0.21125473262228991, 0.7182417929931005, 0.6991674155887448], [-1.0925211743688503, -0.34923583326364455, -1.1909423114837039, -1.1670433574390298], [-1.5103301183013067, -0.5261439306249326, -1.711463740507271, -1.668022193992023]], "1": [[1.2354246810596303, -2.1046170790589716, -3.165852194951795]], "2": [[-0.09970664126550498], [0.2511242800074578], [-3.7869092120104213]], "3": [[0.09968341989237518, -8.553225021421975, 11.136953974301493]]}