{"0": [[-2.522115444134961, 0.3667534551634756, -1.6104755504256796, -0.4921171106902873], [-3.763670974619655, -0.7094753984213983, -1.9422986816007806, -0.7628170487671785], [-5.577967706306229, 0.694287557320321, -1.512735560887574, 1.4892319793607398]], "1": [[0.8923354636146318, 1.3572328311369513, 1.9221630032547565], [-0.8948613185660517, -1.325140069648216, -1.8851999787860052], [0.8748026427555718, 1.3255514234612855, 1.882508488367763], [-0.5346808650239305, -0.8535300484187752, -1.1475948556961915], [-0.5886108219744698, -1.4240697977346382, -1.6811369425849132]], "2": [[1.2064511934220759, -1.1950426174621034, 1.1839917370710689, -0.7076572183691547, -1.7017848133757978], [0.5804685944475592, -0.542240580362239, 0.5563365255959641, -0.33341358907632923, -0.5355949053149429]], "3": [[-7.246813322296055, -1.6812488215884946]]}