{"0": [[-0.3104828183166882, 0.5088531554867404, 1.9646697471312653, 1.7014662569192456], [0.0935923367419364, 0.07229710223813093, -0.6957172891996805, -1.4762607113336388]], "1": [[-19.921963286245397, 18.69776494152964]], "2": [[5.609127121836504], [-6.848957744089918e-14], [8.203778557752201e-15], [-9.618876488165216e-17], [-8.868900700722694e-15]], "3": [[6.704989549779595, 6.848957744022024e-14, -8.203735027679815e-15, 9.620235343486975e-17, 8.868900686353225e-15]]}