{"Train": 0.11354846510297795, "Val": 0.11344528296043874, "Test": 0.11335112856286751, "max_epoch": 22, "stop_reason": "Weight gradients converged", "num_hidden_layers": 2, "total_hidden_units": 2, "unit_combination": [1, 1], "learning_rate": 0.2}