{"0": [[1.3536706662265594, 5.236241697456023, -10.48834526574314, -7.267776996711692]], "1": [[-23.598623190049015]], "2": [[-6.600880957627918]]}