{"Train": 1.47586578709653, "Val": 1.476182257993334, "Test": 1.4737141736809485, "max_epoch": 8, "stop_reason": "Weight gradients converged", "num_hidden_layers": 3, "total_hidden_units": 7, "unit_combination": [3, 1, 3], "learning_rate": 0.5}