{"0": [[-0.07888387195788876, -0.11573323503532694, -0.07098480477929314, -0.0672955438424676], [-1.0844676337343522, -1.7012484942479649, -1.1250315184910749, -1.1487716611181553], [-0.5809398963540532, -0.8520214253332609, -0.5562593588479284, -0.5913318868807985]], "1": [[0.17107716090861366, 3.4782499489296095, 1.3693022333893954]], "2": [[-2.683533176331309], [3.060600058717154], [2.463324755430023]], "3": [[2.1601513429123074, -1.88661268894742, -4.691562214511706]]}