{"Train": 0.14931097429889018, "Val": 0.14720005493692775, "Test": 0.14840909015763495, "max_epoch": 3, "stop_reason": "Weight gradients converged", "num_hidden_layers": 3, "total_hidden_units": 11, "unit_combination": [5, 4, 2], "learning_rate": 0.5}