{"0": [[1.3280802324414664, 0.44454844319976866, 1.2695160804824177, 1.266305830077226], [-0.4280872090939073, -0.15506360487429754, -0.4199876828341504, -0.4302360758806921], [0.49070438988179377, 0.17415417184879955, 0.46713909977781853, 0.4640960392794154], [0.040201242078988765, 0.015352236129225035, 0.05019874478310111, 0.033430385482801736], [0.44898994141915793, 0.13759032595891704, 0.41041627866617436, 0.41441281598930824]], "1": [[-0.5481149987459292, 0.16434610797378113, -0.15789212405993946, -0.020253550966196406, -0.14577415752216474], [0.8711565329776956, -0.2615358451954548, 0.28990504864385414, 0.028623915662577534, 0.2530265261212692], [0.9463637203338655, -0.2791628304538565, 0.3084457714998075, 0.024747554095226984, 0.272672240841664], [-2.141284065394823, 0.6355621211593215, -0.7189356797414669, -0.05975035493857718, -0.6405754104506184]], "2": [[-0.1767973248186176, 0.3205748285926396, 0.31045676986101184, -0.9618555683228998], [0.5697090108452417, -0.8984616368336823, -0.9902898455989196, 2.2712783070761944]], "3": [[-3.2740176812717188, 4.713445282924733]]}