{"0": [[1.2633131244782292, 0.5699242398740032, 2.122804707898762, 1.7230288989950653]], "1": [[-6.482003045412909], [42.49055299448935], [-18.007016075343973], [57.06535829716058]], "2": [[-2.961162072620114, 11.18203536291698, -6.341023234339042, -9.888130033961572], [10.136597117190005, -8.450747226708833, 9.42337342918543, -13.327488837412373]], "3": [[-11.910026241871574, 9.7267212023111]]}