{"0": [[1.7452454291495234, 1.3878418648554198, 2.2849123413096692, 1.9973256811433155]], "1": [[-4.916441692068413], [-0.49604768250628833]], "2": [[2.474470356144752, 0.2134985515508081], [-5.317873584313664, -0.45012094723256435]], "3": [[2.5245378984314986, -5.916804430042098]]}