{"0": [[4.8111015517353195, 1.3526021544326403, 0.49205983666794245, 0.3373648493502619]], "1": [[-20.326073559474555], [5.499814688475372e-06]], "2": [[5.192777699836864, -5.499854338380741e-06]], "3": [[6.040461673738294]]}