{"Train": 0.1493083062966566, "Val": 0.14719738996292855, "Test": 0.14840642382222222, "max_epoch": 3, "stop_reason": "Weight gradients converged", "num_hidden_layers": 3, "total_hidden_units": 10, "unit_combination": [3, 5, 2], "learning_rate": 0.5}