{"0": [[-0.6232935394109321, -0.14013118481275175, -0.5265868216844553, -0.4996781313165923], [1.0603220004852505, 0.22080530609054708, 0.877146790606399, 0.8796859382250345], [-0.5869600404699826, -0.11465176278694199, -0.46992776442621054, -0.4548683468063236]], "1": [[0.4559035172526468, -0.83151289554582, 0.42322918781015323], [0.5059202014774116, -0.8874959577363387, 0.4681213894169917], [-0.117045826775363, 0.3032747407173678, -0.09423418533188188], [0.6718969613870301, -1.1571753894524937, 0.619380581242456], [0.07753160509442925, -0.019244474801870467, 0.08843413379325223]], "2": [[1.163808421394759, 1.2176144917549923, -0.7031676761255563, 1.5075319890782604, -0.33509218788004813], [-2.802588254119787, -2.8623954709469803, 2.228125892984765, -3.0338108514580306, 1.2835778711195027]], "3": [[14.526386634226723, 8.273570814319147]]}