{"0": [[-0.8016776073490627, -0.6550890887817972, -0.7585884848642703, -0.7503141588515667], [0.6319161793516704, 0.4897762811821915, 0.5404397386372092, 0.568599248071988], [0.26875192554807775, 0.2136959762677954, 0.23239138620758645, 0.24014702156115134]], "1": [[-0.9557751929045901, 0.6740844571083332, 0.26810248308286194], [1.4441442787892658, -0.9797689937710458, -0.3803442496341337], [0.8350467892492004, -0.5956412750294661, -0.22785310290374142]], "2": [[-1.0597088794758884, 2.1316903364216837, 0.8817191062826618], [0.28622012126881136, -0.5904062579467529, -0.23290390173344303], [-0.9000210529699945, 1.8052248088606295, 0.7662883236512088]], "3": [[7.342905428401919, -0.9425242483331087, 5.214279422096835]]}