{"Train": 0.14931025919431554, "Val": 0.14719934068126853, "Test": 0.14840837632547746, "max_epoch": 11, "stop_reason": "Weight gradients converged", "num_hidden_layers": 3, "total_hidden_units": 4, "unit_combination": [2, 1, 1], "learning_rate": 0.2}