{"0": [[-2.8968659123387837, -0.23745899498628084, -1.4852820123002477, -1.3978257331670159], [2.701371202659399, 0.9190080567955285, 2.4148850721897297, 2.412980201436585]], "1": [[-3.1638015973019766, 4.70914966986771]], "2": [[2.8209257318263883]], "3": [[-6.874308685281831]]}