{"0": [[-12.368499937649615, -5.252356638629329, -1.2523322384408897, -3.620126802138868]], "1": [[-2.8027824217945266e-23], [6.032825755079655e-22], [5.360199582314146], [4.677472232055841e-23]], "2": [[2.8027824217927645e-23, -6.032825755079127e-22, 6.723340765433113, -4.677472232053742e-23]]}