{"0": [[-2.494746984274988, -0.3772393134017179, -1.9188910896612084, -1.8238603958366386]], "1": [[-0.02612084906085395], [1.4072442064520727], [1.3998677952193492], [-0.7992980351997533], [0.5675676106117807]], "2": [[0.1700067926966208, 1.0412005886532563, 1.0586461030257968, -1.01189738582091, 0.9623064112107287], [-0.08698900033527479, -1.943765667616797, -1.9279817943884558, 1.3545223227595338, -1.1309595540756394]], "3": [[0.4042446260199579, -26.448020982516216]]}