{"0": [[-5.16190266986097, -0.06034436679735229, 0.7037312056742255, -4.771484616512302], [-2.022991863963841, -0.031310837060894055, 0.15569049834447102, -1.8186927593470243], [-5.613746027693912, -0.07481322665193092, 0.901535112839487, -5.1699737169510795]], "1": [[0.04607342096797843, 0.010114087359131866, 0.030168500929975667], [7.584494644517053, 1.5955911451996114, 8.747618601022376], [0.4274474557104078, 0.10282161379548452, 0.45571352169056495], [-10.543950592280293, -2.1952642525609565, -12.134979428194848], [3.679169221470632, 0.7601034236671448, 4.211695683331395]], "2": [[0.06056857680080205, -1.824412830036755, -0.8543207900712019, 1.065492418331434, -0.38433824887232254], [-0.005014698389638646, -0.007227098899121441, -0.009596880308657935, 0.015000789236697759, -0.0018155978148852374], [0.1283486773339925, 3.2277375057123225, -1.0985384635001847, -7.765136853159405, 2.2739297511906478]], "3": [[3.495626161654349, -0.0031143591675261914, 16.320427431393455]]}