{"0": [[1.2353443732433953, 0.9646068112098124, 1.2229675298790026, 1.1882052238711764], [0.7889403081570714, 0.6163912733767827, 0.7516448533590752, 0.720433618689374], [-0.6355735834495138, -0.5051686028114714, -0.5850077755136556, -0.5763280447169307]], "1": [[0.29531246797163785, 0.39334732325527805, -0.393351870418632], [-2.2106283844039507, -1.3390949688652236, 1.0934680539635895], [1.3193862531860607, 0.7887326544329706, -0.6308050052773073], [0.2625086344302641, 0.36625291860456194, -0.3801012246779138]], "2": [[-0.0005027619336941499, -0.9026648042489344, 0.3993133657507825, -0.005017411846592917], [2.0414673839882433, 3.478378264719325, -3.0733973234578533, 2.0840052634238906], [0.4988098396883654, 2.222506419953818, -1.339686696720184, 0.5162716415240128], [-0.9349619714183441, -0.4654949655935191, 0.9382814669933562, -0.9518577757567809]], "3": [[-12.868616133768702, -10.064073240923605, 14.351955984225006, 11.566439677538709]]}