{"0": [[-0.4779046668356919, -0.12572789847097926, 0.050177532553881604, -0.027573004733065058], [-0.7919794831800783, -0.5218788730404657, -0.37008986077283, -0.518397256126816], [0.5750070706724577, 0.17979823681851972, -0.04300857227830301, 0.08705534100237503]], "1": [[-0.31666181152449235, -0.9089305916822451, 0.3890634865510821], [-0.008169035341722027, 0.04101214770352998, -0.02072780004000162], [-0.2743506832651501, -1.0306661607262635, 0.37548769957758404]], "2": [[-0.7186845804551214, 0.08600302567645665, -0.8080520473948073], [-0.3528699352966331, 0.03458427420334746, -0.14081686100108096], [-3.059315875993905, 0.5770341528595522, -3.7549136905750817], [2.6515202892055014, -0.7632684885441842, 2.7320769121013546]], "3": [[4.0239575352777335, 4.152810974350376, 3.267478351942298, -11.918990212932249]]}