{"Train": 0.14931111317532736, "Val": 0.14720019357351227, "Test": 0.14840922889803979, "max_epoch": 16, "stop_reason": "Weight gradients converged", "num_hidden_layers": 3, "total_hidden_units": 7, "unit_combination": [1, 2, 4], "learning_rate": 0.2}