{"0": [[3.4324438502977084, 5.937698457000513, 2.0864825856184623, 1.551979300779401]], "1": [[3.684946684232041], [-0.0022526762120119743]], "2": [[-0.9128769714699471, -0.0036783666873044505], [-2.31371734340227, 0.0025450841254821607], [2.4141098529432092, -0.0052928585038402535], [-3.784267058884826, 2.681308261827527e-05]], "3": [[1.8489641554252236, 3.3891078914438744, -3.4053416973931627, 4.661258347455821]]}