{"Train": 0.16813659497528782, "Val": 0.17001760384368664, "Test": 0.17275750983208057, "max_epoch": 3, "stop_reason": "Weight gradients converged", "num_hidden_layers": 3, "total_hidden_units": 11, "unit_combination": [4, 3, 4], "learning_rate": 0.9}