{"0": [[-0.018306064651044115, -0.026587494211615326, -0.04326924088408721, -0.020403381415459852], [1.418561528763592, 1.8614120636109206, 1.6278697036809546, 1.6173849826665954], [-1.2579088979049553, -1.645958587596245, -1.418418407596543, -1.4108921589350285], [-0.3014014116279488, -0.3941578474008528, -0.3313649757248119, -0.33640904648980896]], "1": [[-0.048915764600381814, 2.533528121437943, -2.148173811964228, -0.4816392929676082], [-0.018194784943602903, 2.0275048976140893, -1.7341668885652564, -0.3923008117569748], [0.03065133526603335, -1.6379182722198524, 1.4120030057756634, 0.30034624251021846]], "2": [[-0.2404721400810378, -0.18521476888610944, 0.130284125144648], [-0.697384119732477, -0.5708497378255717, 0.4498473507361581], [3.036387540141026, 2.4040398761474666, -1.9476443759275708], [1.4808692271977126, 1.1822873746227092, -0.9334888621686844]], "3": [[0.32659970886823786, 0.9695746625774077, -4.355164315712937, -2.067404716993487]]}