{"Train": 0.16813680831327893, "Val": 0.17001781766118082, "Test": 0.17275772525896627, "max_epoch": 5, "stop_reason": "Weight gradients converged", "num_hidden_layers": 3, "total_hidden_units": 14, "unit_combination": [5, 4, 5], "learning_rate": 0.2}