{"0": [[1.3626590317869685, 1.3170132959812415, 0.15194687126579898, -0.14962802739706432], [-0.030633025635154933, -0.02094523582108082, 0.013006328252844385, -0.00011043654228366597], [-1.6983220750653665, -1.3706150195651061, -0.240288581568755, -0.2771274256665147], [0.7970421062812587, 0.6432330362294542, 0.10916905650951862, 0.14644716081690903], [-1.6767813450650075, -1.3356540288308758, -0.20152001259030278, -0.2852807509612156]], "1": [[0.900175683340454, -0.016604038508159703, -1.2871559215976802, 0.6304130674855867, -1.2498521265364007], [-0.0361380026438558, -0.01365260480522422, 0.17463271263493835, -0.1259028138220588, 0.15682261868854924], [-0.008214071049397854, -0.0025649030583412818, -0.03250588223464475, 0.03983368380618592, -0.025149651897568008], [-0.09537466815521826, -0.002892093090721851, 0.22299023489336894, -0.167714531091159, 0.21453391873785643]], "2": [[-6.529556455751926, -0.36601105749009777, 0.06647557735715857, -0.5312948553454896], [1.4966832285858374, -0.3150358195826351, 0.07674586080664263, -0.36272314427675434], [0.01589938067927318, -0.04231892554875367, 0.02065592770322877, -0.05103753954190306], [0.0204980390251529, -0.05855625556757597, 0.022654216420518167, -0.06458698116607729], [-1.8605955815216415, -0.0621206189347062, 0.014843186835775148, -0.06731046417202079]], "3": [[8.828347360052307, -0.5241527514741221, -0.0625375453972952, -0.0782516123000489, 0.7078995391564826]]}