{"Train": 0.16813680975548134, "Val": 0.17001781910717287, "Test": 0.1727577267183818, "max_epoch": 3, "stop_reason": "Weight gradients converged", "num_hidden_layers": 3, "total_hidden_units": 7, "unit_combination": [1, 4, 2], "learning_rate": 0.5}