{"0": [[1.4292794269174216, 1.2720566188332485, 1.4427503615591337, 1.417571191656228]], "1": [[-1.537242209863633], [1.0424573485636937], [1.7153396603792417], [1.9587616677570918]], "2": [[1.560703519502755, -1.1389887973054567, -1.7173215971262328, -1.9424304169440634], [0.22296416625200655, -0.3015457994832354, -0.18447843386681034, -0.13100222269343614]], "3": [[13.261870033479298, 5.953867820925216]]}