{"Train": 0.11354966207426241, "Val": 0.11344648303771877, "Test": 0.11335232740434818, "max_epoch": 4, "stop_reason": "Weight gradients converged", "num_hidden_layers": 3, "total_hidden_units": 5, "unit_combination": [1, 1, 3], "learning_rate": 0.5}