{"0": [[-2.6623699479208125, -1.2177364545108527, -2.528983579927256, -2.323812877270827]], "1": [[-1.6686951731322637]], "2": [[-2.2078123642831935], [-3.650923307101798], [-1.0356092426184438]], "3": [[1.137321322339389, 7.546785501748649, 0.967583640801305]]}