{"Train": 0.16813680970063571, "Val": 0.17001781905220323, "Test": 0.1727577266629996, "max_epoch": 3, "stop_reason": "Weight gradients converged", "num_hidden_layers": 2, "total_hidden_units": 7, "unit_combination": [5, 2], "learning_rate": 0.5}