{"0": [[2.802325466372912, 1.1797740472299094, 5.184412539907929, 5.083571188975721], [0.5015644547492192, 0.1923120866292342, 1.3517268397460476, 1.2947367914275136], [-0.7056326874095272, -1.518307546613862, -5.022471596091389, -4.848823295377457], [12.504225669043523, 3.584417627530014, 24.37190178431266, 23.64442880118507], [-2.5372424769665045, -1.1368236478956175, -4.6698675340004385, -4.583834798785289]], "1": [[-13.714176990886006, 3.6124503406257285, -0.5643962800382099, -8.135278820464958, 14.290204258099337], [4.106123391650036, -3.351081252004528, 11.788806882350833, -3.5157200934385084, -4.193037823643958]], "2": [[12.226220127296104, -0.5968716911066558]]}