{"Train": 0.149311034815491, "Val": 0.14720011519050544, "Test": 0.14840914966994143, "max_epoch": 3, "stop_reason": "Weight gradients converged", "num_hidden_layers": 3, "total_hidden_units": 9, "unit_combination": [4, 2, 3], "learning_rate": 0.5}