{"0": [[0.5434856845863684, 0.08818541129448136, 0.41812752025473915, 0.39287388863912165], [-0.5520315434273674, -0.10657476337572395, -0.4197985504280176, -0.3996963133049296], [0.8924695143789015, 0.21558140546241217, 0.7985393566163802, 0.7684313648356035], [0.6951264509420256, 0.14186565979059734, 0.5878189941168572, 0.5464963022670687]], "1": [[-0.5658444083239467, 0.5701736117809969, -1.1243705644641835, -0.7999077332056382], [-0.39775461231129877, 0.41036835619616885, -0.7654586772607578, -0.5542878052668142]], "2": [[1.1586402217502205, 0.7751424784991132], [-1.1311166771937085, -0.760855148463198], [-0.5957161737064317, -0.3193439842909208]], "3": [[3.441142738262533, -3.396389779984841, -2.2926957048760492]]}