{"0": [[2.0782488400099326, 1.5675245808566696, 1.371883746121719, 1.9927754831562172], [1.7884229548183657, 1.3051982712437962, 1.0776893275536474, 1.5520385934040468], [-2.3710454878166267, -1.831216121079157, -1.666782653987108, -2.4572871053739767]], "1": [[-0.3537389286713358, -0.24122154258119732, 0.4709062822098279], [0.0022667897158483684, 0.00858387847493378, -0.010156647530322364], [0.21503573830694625, 0.11850920027173001, -0.1873049065636181], [-0.28359315585914147, -0.16879309565965966, 0.24562758425692865], [-0.34421825521601385, -0.25546054704487053, 0.6760882793650768]], "2": [[0.3392876085643488, -0.06765953743095951, -0.2867665331639492, 0.3091299627360615, 0.3524999212410037], [-1.3316988064239588, 0.056266420404836516, 0.9878691399925663, -1.099463320827427, -1.4790689105412889], [0.037862328818555224, 0.005434223427618272, 0.03430828347004868, -0.012530781294688207, 0.08734448166395771]], "3": [[1.382187142704884, -8.138749970282722, 1.922792422959455]]}