{"Train": 0.16813678374168076, "Val": 0.17001779303647493, "Test": 0.17275770045021288, "max_epoch": 3, "stop_reason": "Weight gradients converged", "num_hidden_layers": 2, "total_hidden_units": 8, "unit_combination": [3, 5], "learning_rate": 0.9}