{"0": [[0.46550138887709086, 0.0175130524677193, 0.38473057265258653, 0.3771192639696261], [8.429057764182106, -0.5414945329226417, 6.277918647710296, 6.056929115091059], [-0.13927303735125232, 0.08825742465254616, -0.07242454045980111, -0.07750143953047328]], "1": [[0.3213411310228724, 4.3179466294826545, 0.09632329578062071], [0.0334041296181852, 0.5177669656832934, -0.02014341994875846], [-0.5040412159261559, -6.556415004434573, -0.21837958616550043], [0.015311644502150243, -0.06287850817053495, -0.0020480778410664926], [0.18667857901778775, 3.184782296594364, 0.05354217201002324]], "2": [[-4.417838964490763, -0.5288641983228107, 7.168285493144087, 0.07287176883853515, 3.3100749130046756]]}