{"0": [[6.776048037286957, 4.920418450330809, 3.5446606022099654, 1.8318144442460758], [2.974831311112346, 2.8593674739349626, 3.6455696006200538, 3.406545967759234]], "1": [[-4.3300644875335985, -9.081041713967778]], "2": [[-0.11663450875417009], [-8.454219416753373], [0.178487936384247]], "3": [[-1.4629086981033979, -6.800778905979123, 1.0444620774561244]]}