{"0": [[0.9670312081790604, 0.9451682448241668, 1.2633171092995341, 1.1204176001059587], [0.4001006688840343, 0.38051232396036627, 0.4994047942039956, 0.43532157279548095]], "1": [[2.6173496120385806, 0.7930726369740987], [0.22052847640905504, 0.06903281384790326], [1.2253059759223213, 0.39371667849232045]], "2": [[2.553001089400907, 0.1696111419039119, 0.9708050585129814], [2.3551982853086795, 0.1568804515254615, 0.8892316567934588]], "3": [[-5.018444702935961, -4.70043814599847]]}