{"Train": 0.11354961675687011, "Val": 0.11344644841873303, "Test": 0.11335228008723376, "max_epoch": 3, "stop_reason": "Weight gradients converged", "num_hidden_layers": 2, "total_hidden_units": 6, "unit_combination": [3, 3], "learning_rate": 0.2}