{"0": [[-0.7783915766855063, -0.3698772087650587, 1.067871723876924, 0.9104097550240381], [1.5269301317610222, 0.5891924649018115, -0.2004831845017674, -0.17521887863164082], [2.9812274479982226, 1.0146667934927667, 0.9426474852378889, 0.7720059844560883]], "1": [[-0.17442198683699398, -0.9823718306819814, -2.558996430225915], [-0.88060278789374, -0.0264175820220994, -0.014336198119232153], [-0.044767751042240435, -0.44827817932337816, -1.4199637883454246]], "2": [[7.327545805584555, -3.1728540718604465, 3.7862590748373846]]}