{"0": [[-3.074087312738673, -3.030974673140418, -1.5942332609564247, -1.8940377835084172]], "1": [[-1.6815381983093614], [-4.440635053463871e-113]], "2": [[5.261697348516369e-112, 0.031096128944383034], [7.874755578528361e-112, 0.04653905358937291], [-4.876582243596033, -1.0425152170786268e-113]], "3": [[-5.278601094707488e-112, -7.900054044175221e-112, 6.774362607259019]]}