{"Train": 0.1493111129921485, "Val": 0.14720019339059, "Test": 0.14840922871509266, "max_epoch": 4, "stop_reason": "Weight gradients converged", "num_hidden_layers": 3, "total_hidden_units": 10, "unit_combination": [4, 3, 3], "learning_rate": 0.2}