{"0": [[0.1537462537900315, 0.028080660768636464, -0.08703314121053526, -0.07693626418736162], [-2.2010055809209574, -1.6384052928443749, -1.1371536148530672, -0.9556193040637749], [2.179156327158639, 1.6318267319662343, 1.133743486284979, 0.9728241703193655], [-1.1546195463258937, -0.9399727588476661, -0.7116565852636645, -0.5824903736813712]], "1": [[0.07868062923940032, 0.5811132340950343, -0.5907813390961009, 0.4138126153789565], [0.06573239227413218, 0.643585406032502, -0.5830481481158922, 0.4355677412379961], [-0.046248909173935676, -0.44877171947432704, 0.5379800734478282, -0.36774839096289175]], "2": [[-0.8536074379184576, -0.9066462953443631, 0.6880269411527821], [0.8422222492874679, 0.8633046289641988, -0.7047457121306634], [1.3802638700490657, 1.4492415524063085, -1.1751508848504744]], "3": [[-0.3737396391786543, -0.049672587482314935, 10.7341047472849]]}