{"Train": 0.14930973245807916, "Val": 0.14719881461580026, "Test": 0.14840785044929697, "max_epoch": 31, "stop_reason": "Weight gradients converged", "num_hidden_layers": 3, "total_hidden_units": 10, "unit_combination": [4, 1, 5], "learning_rate": 0.2}