{"0": [[1.5278214708343554, 1.2973557548689016, 0.2588971915512832, 0.2037795883704604], [-1.4768354097560559, -1.5600662410478712, -0.3893519962391811, -0.33649394463446125], [-1.5304045191140434, -1.3131975322024365, -0.2697471817630244, -0.20491277395005628], [-1.4825711636312433, -1.1800923693313607, -0.22761868688379341, -0.15165862270603359]], "1": [[2.422191067132679, -2.578151147316196, -2.430810324956232, -2.3419693475614536]], "2": [[-1.1560794932087437e-15], [-2.1191277886962664e-18], [-7.872762769629135e-20], [4.052918240797929], [-6.988772766544946e-16]], "3": [[-1.1560794932087562e-15, -2.119127788696237e-18, -7.872762769629278e-20, -6.5894955468765515, -6.988772766542277e-16]]}