{"Train": 0.1681368097550184, "Val": 0.17001781910670882, "Test": 0.17275772671791428, "max_epoch": 5, "stop_reason": "Weight gradients converged", "num_hidden_layers": 2, "total_hidden_units": 6, "unit_combination": [4, 2], "learning_rate": 0.2}