{"0": [[1.2594169486229283, 2.1896363877472433, 1.445926268795192, 1.3689725715919927], [0.42766538419982086, -3.032804349749736, -1.757544470030944, -3.250320914175735], [-0.5557481461277488, -0.8690382408489509, 0.6502921881863083, -0.5770911411633601], [2.3112479558391024, 2.5041715839395122, 2.6202866121877526, 1.6866793105496976]], "1": [[3.91977694921895, -1.245653385962655, 0.18810605185352744, 3.9105925614844907], [3.388171451941065, -0.7598092056352216, 0.1882038120142943, 2.9626684273304926]], "2": [[-6.015969083195042, -7.999307985225533]]}