{"Train": 0.1493111131823336, "Val": 0.14720019358050954, "Test": 0.1484092289050346, "max_epoch": 3, "stop_reason": "Weight gradients converged", "num_hidden_layers": 3, "total_hidden_units": 8, "unit_combination": [2, 1, 5], "learning_rate": 0.9}