{"0": [[0.7001932889335856, 0.5521149007068409, 0.6372738326674554, 0.6394454487249881], [1.2026290664194936, 0.9600114978780481, 1.0776384834439303, 1.0791885361016127]], "1": [[1.2934219061214418, 2.343137585591613]], "2": [[0.18333059666107263], [-2.070935771243302], [-0.7772786186406532], [-0.3853726652404089], [0.39732765952490706]], "3": [[4.999521326457893, 20.332056961491183, -7.885819915174614, 16.620283721474134, 14.22520661101532]]}