{"Train": 0.16813650924445944, "Val": 0.17001751786663982, "Test": 0.17275742293104643, "max_epoch": 7, "stop_reason": "Weight gradients converged", "num_hidden_layers": 3, "total_hidden_units": 7, "unit_combination": [1, 2, 4], "learning_rate": 0.2}