{"0": [[-6.248271390419402, -0.7013156792641047, -1.3411167868382745, -1.3422470406082412]], "1": [[-1.5369700395145764], [6.806697279541091]], "2": [[-0.03187143759283211, 0.1581892652752804], [-2.289325365819119, -1.3103627796753254], [0.039863417486179546, -1.0299325894233164], [-0.9469570766867562, 1.8126434550843906]], "3": [[1.355052559691998, 1.2354959910458596, -2.1089685208970685, 4.656263810860573]]}