{"0": [[1.38720969111334, 0.846151356878885, 1.3027942602928941, 1.2997914614693589], [1.0462938283414602, 0.6508574274069046, 0.9736225510147072, 0.9795572539561429]], "1": [[-0.7349425487969307, -0.4971051133077765], [2.750168168697174, 1.9207226734569374]], "2": [[0.8131960150436707, -3.173828477186657], [0.08144711342944418, -1.378373069666405], [-0.3296211806280741, -0.09264632779799584]], "3": [[8.498877952585756, 6.794834213770166, 0.5161774316514526]]}