{"0": [[-2.5363019736111725, -0.2801030672518785, -0.3042473154152553, -0.2685194852953072], [-10.047875061241102, -0.8725687758039221, -8.578418765433902, -8.120810871506709], [3.242024815925797, 0.0702387324710733, 1.3815524918410038, 1.3956057447943733]], "1": [[0.01142218145379016, -9.05099263599584, 3.336911445177091]], "2": [[7.732468400633581]]}