{"Train": 0.14928069736395896, "Val": 0.14619836193561475, "Test": 0.14950247380671386, "max_epoch": 3, "stop_reason": "Weight gradients converged", "num_hidden_layers": 1, "total_hidden_units": 5, "unit_combination": [5], "learning_rate": 0.2}