{"0": [[-2.9364441948923603, -5.080598653901244, -2.580628855997492, -2.5934019853113006], [-8.932763720539556, -13.328787690320787, -6.389377052556366, -5.726119118020281], [1.8368638039728011, 2.7616951601013837, 1.5618972808347529, 1.7039965665450998], [-1.8903522008236866, -4.885800265921063, -1.4639346540218676, -0.6925940419865827], [1.1326312629469837, 2.2424725752088808, 0.9148945371298464, 0.6877648898622635]], "1": [[-1.5281955167800916, 5.5848816985034055, 1.3600417127619029, 8.676952863683875, -3.120919296092003]]}