{"0": [[0.9653138274181389, -2.860051676150395, 0.6710410604903628, 0.4951082932476564], [1.1243364136012257, 3.847106910341925, 1.8022304330372196, 1.7368054255063123], [1.236794373601444, 5.934271681653852, 2.0214709207815487, 1.921331290082096], [-0.3148091503359257, -2.328539347319983, -0.6969407500382113, -0.6895913229631824], [0.8705025916261335, -1.6585706867702308, 0.6866111584343831, 0.4526023775469465]], "1": [[1.67285743394424, -3.685218028169638, -6.132355415121144, 2.6470696427038947, 1.6638791490317333]]}