{"0": [[-0.5015017714806392, -0.17542381593703038, -0.5639704084931607, -0.5871707981918393], [0.607113841462553, 0.2169849063966055, 0.728892052681496, 0.7367568813445545], [0.632918466954737, 0.23746609885380682, 0.7269178788282347, 0.7431456132966812], [-0.6221694675120122, -0.23821887285518176, -0.7461979931210065, -0.7556046188972306]], "1": [[-1.0062463534800647, 1.2961104716957725, 1.3178444291525298, -1.3361402639226245]], "2": [[-1.9699643691098587], [-8.21852388878088], [0.28623857610016934], [4.847343674911698]], "3": [[7.82279542610675, 22.880179601394556, 8.36175947307898, -4.084080672524127]]}