{"0": [[-1.8251600187730832, 0.4337124653273423, -1.644439903349214, -1.6390294646972137]], "1": [[-5.221736415237628]], "2": [[-7.992072200082348]], "3": [[7.569803246219053]]}