{"Train": 0.1681368091039594, "Val": 0.17001781845537342, "Test": 0.17275772605823816, "max_epoch": 3, "stop_reason": "Weight gradients converged", "num_hidden_layers": 3, "total_hidden_units": 11, "unit_combination": [5, 1, 5], "learning_rate": 0.9}