{"0": [[-0.2052129840033087, -0.44384020499998617, -0.42095513813029695, -0.4400376364303785], [-0.1013248145193499, -0.24338491855188685, -0.22954343614072475, -0.25637787164326437], [0.20664847870701294, 0.3666721248443236, 0.34702893104924837, 0.3623196997852655], [0.41369790097557246, 0.825708157511607, 0.721012656460795, 0.7629286229018143], [-0.1571512872426385, -0.3177129494608182, -0.29459785946293987, -0.32253337980690844]], "1": [[-0.7812162568973197, -0.4255931507166646, 0.6511602716087719, 1.4823829188089341, -0.556169254533105]], "2": [[7.854486862526134e-07], [2.6013681898125007], [0.005811800223845044], [7.42022816642256e-05], [-0.07237112289330244]], "3": [[5.4516965000319464e-05, -10.542020102584681, 0.006118408169272807, 0.000160870356165763, -0.07306386286747024]]}