{"Train": 0.1493111131792346, "Val": 0.14720019357741454, "Test": 0.14840922890194067, "max_epoch": 3, "stop_reason": "Weight gradients converged", "num_hidden_layers": 3, "total_hidden_units": 13, "unit_combination": [4, 4, 5], "learning_rate": 0.9}