{"0": [[-0.7323561383802673, -1.288624658155815, -0.8390953785786034, -0.8128375705748127], [-1.2899676970917855, -2.342390509724124, -1.5468623627467402, -1.4914783059029078], [-1.413325578841557, -2.596632135419068, -1.7007835754181517, -1.645781014809054], [-0.5597038970555683, -0.9820411766098036, -0.6488008707887987, -0.6318936303207088]], "1": [[-0.5065902801506603, -0.9812233385863653, -1.1300727068560024, -0.37243260459260946], [-1.691397980008108, -3.4667738990022845, -3.969110888057883, -1.3040264103621602], [-0.4580837678329669, -0.9083932626996787, -1.067037263291985, -0.33953295612509454], [-0.6322146076627527, -1.2779727884709997, -1.4887065705434035, -0.48775979747544695]], "2": [[-0.0263350118545856, -0.14562144447655986, -0.02790548856963936, -0.04183512798604861], [-1.0187915390563127, -4.158189568506572, -0.9560649943526075, -1.343111078815606], [0.6045177993933895, 2.465648298762663, 0.5764095861355945, 0.7939287991395995], [0.09366691012707039, 0.4225835884313645, 0.08983063368992301, 0.14542958808446818], [-1.1349633818361153, -4.519112298236692, -1.0308130810993748, -1.4667512463859111]], "3": [[0.15449260697539843, 4.753135700606813, -2.751233520528246, -0.46481513307177313, 5.2184635439360765]]}