{"Train": 1.462941541280695, "Val": 1.4611522505253254, "Test": 1.4617261497433938, "max_epoch": 7, "stop_reason": "Weight gradients converged", "num_hidden_layers": 3, "total_hidden_units": 8, "unit_combination": [1, 3, 4], "learning_rate": 0.5}