{"0": [[-1.4448398243528073, -0.7654359935923737, -1.4194151075700807, -1.2194307653239034]], "1": [[0.6068820609985974], [-2.46383566874471], [-2.4980146768358815]], "2": [[0.3767760212437769, -2.023015043986225, -2.4204425217608976], [-0.3413599564789223, 2.0719163250037105, 2.595704088428856], [0.374671145006368, -2.00994241597765, -2.315409549670303], [0.3202842782039483, -2.7196174092689733, -5.047921735366696]], "3": [[-8.700327200139906, 8.844153203110729, -6.4827059419014486, -4.1727339757816715]]}