{"Train": 0.1681368097554058, "Val": 0.17001781910709712, "Test": 0.17275772671830555, "max_epoch": 20, "stop_reason": "Weight gradients converged", "num_hidden_layers": 3, "total_hidden_units": 13, "unit_combination": [5, 4, 4], "learning_rate": 0.2}