{"0": [[-1.4247410271818435, 1.4522535533879455, 1.3162477563842492, 0.9359917126599697], [4.446158130692524, 5.996524960980213, 2.6978788043560384, 2.802980705265813], [3.927518361760262, 5.65784893031462, 2.624368705634277, 2.646424855569181], [3.895102271164834, 5.201462918741774, 2.333060138767508, 2.4298971782696905], [4.361430347290726, 6.006377117612632, 2.7415340045347847, 2.796900359379862]], "1": [[-2.8524556887780634, -3.0632241086490497, -3.0454478800465097, -3.0682913998316876, -3.079353113204125], [-6.881534169189006, 2.8219068867608237, 1.621861468504534, 3.1741780053615747, 2.5370248214108364], [-2.3627942662970254, -2.5349224518186766, -2.5339521385310957, -2.556283087704149, -2.5557995309229082], [-1.3599751036896408, -1.4704015323496962, -1.4602728927977493, -1.4672372971516587, -1.4585761195867377]], "2": [[0.5039204370733795, -0.5413400331117709, 0.5160938393446673, 0.4268596385763337], [0.6567351767780786, 10.536913672519795, 0.48273553613215386, 0.29022657535467555], [0.8601908887743864, -0.9108953593707857, 0.8694951029370115, 0.7657692042297238], [0.47557173664495567, -0.5169468955740555, 0.4864563569012872, 0.4381715202051171]], "3": [[2.1949691340651096, -5.068719106420139, 5.986691552845381, 1.8361070406400077]]}