{"Train": 0.14931111317854756, "Val": 0.147200193576431, "Test": 0.14840922889875707, "max_epoch": 6, "stop_reason": "Weight gradients converged", "num_hidden_layers": 3, "total_hidden_units": 10, "unit_combination": [1, 5, 4], "learning_rate": 0.2}