{"0": [[-0.5854301337668651, -3.7283822553336083, -1.7630683355309336, -1.823303962952379]], "1": [[-10.727884044001314], [-0.9367347964540378], [0.8421811236705607], [-0.26834091157173445], [-1.3326231673364788]], "2": [[0.45339443233699467, -0.39481305677521944, 0.3523067270023487, -0.11129748093607712, -0.6058866273435553], [-1.5442727232442774, 0.5541565103166555, -0.4773108724607504, 0.1559669056907127, 0.8343124467876474], [1.7001081540146565, -0.5609137334813247, 0.48864272431544, -0.16371036225049573, -0.8651837190008671], [-14.239754075015162, 2.655604193511778e-08, -1.6658564731916564e-08, -6.197456897636651e-10, -5.081485832113758e-08]], "3": [[3.7760135563020474, -3.3798578706091487, 3.515369257331291, 12.47811721574156]]}