{"0": [[-0.8214333460551043, -0.4348462962899662, -0.5027926212797819, -0.5841828985705014], [-0.8740831112390349, -0.47227345068771903, -0.5795556798632937, -0.6721698827653281]], "1": [[0.3745024367439477, 0.42634459147887016], [0.5159869037248659, 0.5972355593064933], [-1.1350157238652125, -1.294634067102067]], "2": [[-0.6533073843215725, -1.0660023265758343, 3.549902418360508], [0.09725787395709604, 0.09256706698357466, 0.05199069243682304], [-2.5913937296271743, -2.834276631861344, 2.8909677369126], [-0.1037093982328501, 0.0060493491505164846, -0.5931259253612527]], "3": [[-14.489738710188565, 0.6290882467238398, 5.1192071352002415, 8.61920088144765]]}