{"Train": 0.1493106485430831, "Val": 0.14719972952635707, "Test": 0.14840876498783973, "max_epoch": 3, "stop_reason": "Weight gradients converged", "num_hidden_layers": 3, "total_hidden_units": 8, "unit_combination": [3, 4, 1], "learning_rate": 0.9}