{"0": [[0.7225511227041239, 0.20934649786348425, 0.7184897035238841, 0.7218752142407086], [0.4649547842168719, 0.15125828440679406, 0.4333741674110792, 0.44812151970885455], [-0.9067718411058938, -0.27753471833404, -0.8883625660146726, -0.8740581399202831]], "1": [[0.6362619412309317, 0.3731973890651953, -0.8571262116652703], [0.1306969585458778, 0.07828763026005889, -0.19043489909437838], [0.9215692138775075, 0.5134259740064169, -1.1882595985149778], [0.824229394507232, 0.512908547078475, -1.1143060649061325]], "2": [[1.1886204682147197, 0.24337977553019224, 1.7847994544282806, 1.6280005171951888]], "3": [[-7.132611761365132]]}