{"Train": 0.16813648102422732, "Val": 0.17001748913446973, "Test": 0.172757395064904, "max_epoch": 3, "stop_reason": "Weight gradients converged", "num_hidden_layers": 2, "total_hidden_units": 8, "unit_combination": [3, 5], "learning_rate": 0.2}