{"0": [[1.6633236375773874, -0.335305182659831, 1.477699847074047, 0.6993617401365799], [1.5703558334822187, -0.3328555134228094, 1.3299292582011843, 0.6286461302362285], [-1.8179093305666525, 0.4162016830353045, -1.266911692127055, -0.26852384144533364]], "1": [[-1.6451319453603799, -1.633329554877433, 1.3260416424329584], [0.14537075279059317, 0.13067627432448722, -0.0941592534206762], [-2.4507872001990667, -2.4165835386518775, 2.207141255154759], [-2.6461033071777873, -2.621283538257359, 2.376974317270068], [0.1276452574998426, 0.13696844453475324, -0.08518629946351294]], "2": [[7.118444523662884, 0.8602869641420487, 0.3057750064827456, 0.3749893459873559, 0.7442396411526457]]}