{"Train": 1.4245372537177885, "Val": 1.4233503705743007, "Test": 1.4248307236892674, "max_epoch": 3, "stop_reason": "Weight gradients converged", "num_hidden_layers": 3, "total_hidden_units": 13, "unit_combination": [4, 4, 5], "learning_rate": 0.5}