{"0": [[-3.1761975508361977, -0.6492677126191917, -0.2713820930533544, -0.5052780666750726], [-7.995916699526314, -0.3371260473386522, -20.440142895843415, -13.030473304840156], [2.462736416759004, 0.09156898990559639, 6.342323196246793, 4.07125605317231], [-6.568099035496598, -0.23290831659624556, -16.86051551380682, -10.748404939472907]], "1": [[3.4263900639279004, -0.03711313490183549, -0.042933447822408814, -0.11473965948751683], [-17.286442199516014, 0.7332806084237597, 0.12288159100519962, 1.0509335177275145], [17.23103293104291, -0.7233331440540482, -0.12697394426869835, -1.0522795795350968], [-15.675993044966335, 0.554320793684771, 0.1417464479792307, 0.84658539957779]], "2": [[-0.7075652378525576, 0.2761095763627798, -0.4014407734026528, 0.7493040461332884], [-1.0434762990482118, 0.15764582457723733, -0.365632437078131, 0.8979016508354739], [1.0579288742219628, -0.12581800241225355, 0.371584259993695, -0.8931752302741489], [-1.4519532514341886, -0.5217182422216575, 0.13061730309669012, 0.5622127329407727], [1.0163250921567413, -0.16186765260456332, 0.3772685926156227, -0.8741209706780481]], "3": [[2.5048727261972297, 3.8280843766677797, -3.966683667860746, 6.072013857010309, -3.7953398130880727]]}