{"0": [[1.340161798545039, 0.6907432909265494, 1.0240195005900785, 1.2006015185582666], [1.317556464308253, 0.5109936296461703, 0.7265518795899204, 0.8788324029840481], [-1.0460095465914312, -0.17899418895179459, -0.3203077188916129, -0.39642639911122873], [-1.216210546919914, -0.24140830518844716, -0.3559098669356511, -0.43849955509262484], [0.07996243897839887, 0.02845434564144547, 0.02248751600187128, 0.04144413423004662]], "1": [[0.8454633214729514, 0.8291266380992979, -0.5099601301161847, -0.514870924529713, 0.0691855850899919], [-2.727453880566693, -1.9442842194958008, 1.0488586661645665, 1.1291059440983577, -0.11576312132614444]], "2": [[-1.5619934911411013, 17.69234051544593]]}