{"Train": 1.475865889448207, "Val": 1.4761823602966677, "Test": 1.4737142758233936, "max_epoch": 3, "stop_reason": "Weight gradients converged", "num_hidden_layers": 3, "total_hidden_units": 12, "unit_combination": [4, 4, 4], "learning_rate": 0.5}