{"0": [[-1.0196424006131841, -0.7656208352366473, -0.9974539901653274, -0.9993804675283328], [0.6635046466476684, 0.4731165001424935, 0.6141103151076969, 0.6096957880641345], [0.6980881193770513, 0.515260334731864, 0.6924708406123341, 0.6607516514695545], [0.634251876199364, 0.4735993845317119, 0.6145877482398664, 0.6186797495054456]], "1": [[1.1029245422335012, -0.6491976441409157, -0.7342301996969071, -0.6625569216470469], [-0.041893163226553634, 0.026855370908873074, 0.01965264385515351, 0.010160441774644325], [-1.6867365831760093, 1.0109655501223764, 1.0770948697201692, 0.9801235654895282], [-0.4316712400056779, 0.24386371378389737, 0.278127740385002, 0.244171448467133]], "2": [[0.3863759823383056, -0.01849201798077783, -0.5592143662290162, -0.2048328049191199], [-1.2202933857299392, 0.03744840483525403, 1.8996609632152428, 0.4663581223361563], [0.8129912988740104, -0.018972891213031473, -1.2759828703809302, -0.3040929020970192], [0.7392443107209262, -0.044209915134399785, -1.0839930767710135, -0.35016476640306216]], "3": [[-0.8706629266597361, 3.1518115410719574, -3.78539692274902, -3.7143746508027626]]}