{"0": [[1.696929785955199, 0.8698371333701039, 2.092429713908567, 2.064247838313761], [-3.281345494369993, -2.0936497865073864, -2.8680454505247357, -2.8667930760636122]], "1": [[-0.7472121398837105, 2.1722295013645714], [0.5210270123846092, -0.13073801145630876], [0.774088384778724, 0.058000520220190546], [-0.8089569948219938, -0.5833775082509023], [2.301273676981995, -2.0120280345508528]], "2": [[-1.5141182789399938, -0.07734842019032497, -0.09354881526237065, 0.14312324030332887, 3.927800883007496], [0.6185037422192767, -0.612763575097042, -0.6719023269627294, 0.32565680861074675, -0.6689258634566061]], "3": [[-9.358533014407437, 4.556478311056071]]}