{"0": [[0.2149837125741182, 0.16687225415116805, 0.2338032338051927, 0.2260395012775481], [-1.1891368964166664, -0.9090021940151993, -1.3982117318789313, -1.3797036310519868]], "1": [[-0.48930076331213046, 2.940844378209661], [-0.3355786419531736, 0.5398392777649992]], "2": [[1.0757308179704386, -0.7757812234343694], [3.379614919323075, -0.4760422094402875]], "3": [[-10.167062416123557, 17.225454352722064]]}