{"Train": 1.4629414973021502, "Val": 1.461152206606488, "Test": 1.4617261058168447, "max_epoch": 3, "stop_reason": "Weight gradients converged", "num_hidden_layers": 3, "total_hidden_units": 11, "unit_combination": [5, 1, 5], "learning_rate": 0.5}