{"0": [[0.27731181060125354, 0.0721838395588958, 0.34224726675343986, 0.33396140083759285], [0.13572057491183812, 0.03004139131025514, 0.1720976373091477, 0.164813951331258], [-0.11535582709196297, -0.019429083620853896, -0.15202946246270344, -0.1548045834879907], [0.29774503716474576, 0.07657370850094267, 0.37610014708502076, 0.35986929108303783], [-0.7281457530721863, -0.18308116175310896, -0.8856418166194824, -0.8843716619142724]], "1": [[-0.5674770888995613, -0.2768377640256848, 0.24712313625036078, -0.6176733488211592, 1.704033307887614]], "2": [[0.16629195578073924], [-4.293622200133857], [-0.3887310482353915], [1.1638870389229767], [0.7458131750424682]], "3": [[-0.0861644031029259, 4.609764222219822, 0.27738386452709785, -4.921930249326498, -0.5971372141547759]]}