{"Train": 0.14931105850059304, "Val": 0.14720013895428283, "Test": 0.14840917431753936, "max_epoch": 4, "stop_reason": "Weight gradients converged", "num_hidden_layers": 3, "total_hidden_units": 10, "unit_combination": [2, 3, 5], "learning_rate": 0.2}