{"0": [[1.3026700049204216, -0.042026821507301845, -1.46127133241518, -1.5448894675105702], [-0.30989381480971945, 1.0860103003527974, 4.847251005657071, 4.634746732615615]], "1": [[-0.027029843097159435, -0.11760352179078595], [0.07635145557079187, 0.15548862243489098], [0.9598253561601465, -4.0672192052215586]], "2": [[-0.0676710675775725, 0.06084540152302809, 0.7689494596960519], [0.028658527556569183, -0.10821723914107377, -3.3023666598355876], [-0.05415304618522301, 0.09913704866318704, 0.561796594476674], [0.06693412201248884, -0.10006363696689163, -0.6510190811549237], [0.0335203018117446, -0.013782862290861536, 0.49320117825581283]], "3": [[-4.70204983077355, -10.035459900280587, -0.6797668053091823, 0.5866248837877974, 4.043723971722117]]}