{"0": [[-0.15175648306509537, -0.15666932203363282, -0.18746182003456927, -0.17277009158832005], [0.5658685370281046, 0.6020217427222502, 0.7317764340903913, 0.6370599669154713], [0.03707902480984447, 0.049273426141059985, 0.05789643051733891, 0.05588174026051912], [-0.32198592378269897, -0.3436090255084569, -0.4017454636660923, -0.3487751641038754], [0.5841211948706655, 0.5891456607875728, 0.719660806555206, 0.6382963417799014]], "1": [[0.21223503974578103, -0.9047527932593104, -0.07994546769160545, 0.47268276983942814, -0.9154859110971793], [0.2631069866939248, -1.1115801625385033, -0.063365091737291, 0.5593237521882591, -1.0921616648836776]], "2": [[-1.4340460268564772, -1.851642430008629]], "3": [[-11.500755855382371]]}