{"Train": 0.11354938906064324, "Val": 0.11344620975526201, "Test": 0.11335205437691276, "max_epoch": 7, "stop_reason": "Weight gradients converged", "num_hidden_layers": 3, "total_hidden_units": 8, "unit_combination": [3, 3, 2], "learning_rate": 0.2}