{"0": [[2.1937014818135485, 2.2733636394682026, 1.1092806378239795, 1.1305162810598246], [-2.1890193219752536, -2.1715668855530104, -1.0452877897476056, -1.076342114597806], [-3.017922380676018, 0.5079010465695725, 0.5708182516712993, 0.5595037923425824]], "1": [[0.6369800305807273, -0.664370984275334, -0.6334052200146137], [6.34655241396501, -6.498478498248994, -9.289444559484691], [-10.196228373296652, 10.42470888209714, 14.581617412674264]], "2": [[-0.3106498902367478, 0.47083217797260585, 0.9456522547377937], [-1.1168719629781694, -13.152514884984011, -8.054730851433591]], "3": [[2.8916817102276466, 5.513709034394]]}