{"0": [[5.144421448538352, 0.5324311309679044, 6.059877506312032, 6.582371833218749], [0.9460418032520167, 0.09870082588487795, 1.0061700113532785, 1.0666478160936297]], "1": [[-24.898756426623255, -1.8472643425638637]], "2": [[-19.738201985811482]], "3": [[-18.686725397778257]]}