{"0": [[-0.877457245144693, -1.6540079549907236, 0.18558636080477672, 0.23487036745333165], [0.7678642605859352, -0.8633720826420684, 1.7354802951750534, 1.8352010323346999], [0.31756278666319, -1.4348178918851566, 2.8349237938875538, 2.8677822786279696]], "1": [[0.6738384990545179, -0.46781349188874094, -0.9791385990300618], [1.5593465537851778, -1.5706373290208855, -0.8599733222311317]], "2": [[-0.14520526988090446, -0.47226974478352307], [-0.13045806078940128, -0.4532807241120104], [0.8550355553655343, -4.265412998669655]], "3": [[-2.2562273439132396, -2.286837872708462, -9.00320792739313]]}