{"0": [[-0.17070521553553777, -0.2533397624609408, -0.18414582496990003, -0.17038429984582967], [-0.6939930160495813, -1.0125769267090554, -0.6893413562986854, -0.684604787112846], [-1.7558485550872667, -2.570302257484435, -1.7897528283098978, -1.7877202268352639]], "1": [[0.05178441683174981, 0.11826326872158263, 0.06850359911911419], [-0.20468832123804373, -0.7833574787461797, -2.4097169524332815], [0.3054854072118564, 1.2134817660504231, 3.667592145612867], [0.047647374823360865, 0.2681150946369543, 1.0265084614791442], [-0.1454221262632697, -0.6024551230792228, -1.899116939374742]], "2": [[-0.1369150775920042, -2.593962646863397, 4.047508678268951, 1.2506066853801105, -2.0507752595086273], [0.3704573404768193, 1.8356882645870367, -1.8640338154741494, -1.6768764573488353, 1.8180413876259043]], "3": [[26.892823178684694, 4.651644404470877]]}