{"Train": 1.4758658899865162, "Val": 1.4761823608347793, "Test": 1.4737142763607238, "max_epoch": 13, "stop_reason": "Weight gradients converged", "num_hidden_layers": 3, "total_hidden_units": 11, "unit_combination": [3, 4, 4], "learning_rate": 0.9}