{"0": [[-1.7548617004107154, 0.6164268941315622, -2.737522961681483, -2.352685333141968], [0.09886796502864688, -0.0458918618166364, 0.15716813695599074, 0.12190013826666184], [-1.6409441529360969, 0.559136696380979, -2.52094122534951, -2.1363847193021623]], "1": [[-0.7017012022021717, 0.03696540208174194, -0.6354802912622606], [-2.386767644588256, 0.07478048135013485, -2.205246127408808], [-0.24456366362207466, 0.012590742700159916, -0.24707263563181256], [0.7978495002167918, -0.007427419589400332, 0.7094068550760692]], "2": [[-0.40985334019616687, -1.6021635438712727, -0.03420407552648974, 1.0325672320882573], [-0.9548481804084712, -3.8597779614495598, -0.08490917851857305, 2.4618852550492476], [-0.7353606963716495, -2.9286173318105226, -0.06905638189000318, 1.8868615387508396], [3.4967295617258496, 13.977333974482494, 0.2905641096429572, -9.145129180007904]], "3": [[-1.9940490692531971, -5.410659126682092, -3.8379506825595584, 0.7071759509201992]]}