{"0": [[1.3159025515090021, 0.22561972129758334, 1.34276213336863, 1.0618649794686619], [-0.8821067332641627, -0.06440062704769518, -0.6304723095357815, -0.395351290355861], [-1.0602500468353362, -0.13977098260176085, -0.9340771990914513, -0.6825257175862421], [0.626447226026995, 0.02462162193995511, 0.4750579712108772, 0.29882716062285186], [-0.3410093911488155, -0.02357096197320365, -0.23979742129359574, -0.14598480609369646]], "1": [[-1.5464139121561096, 1.0162312406722174, 1.1986366789717018, -0.7869608709064806, 0.4067924525895424], [-1.5061178099174988, 1.2598072721864524, 1.3580164992265105, -0.9819794006137491, 0.5390987671292731], [-1.5124940111522134, 1.2854412366568002, 1.3777368679003663, -1.009085279964843, 0.5528047484838453], [-3.6781341343387313, 2.9377166181092966, 3.073845524579525, -2.065412049735631, 0.821488190329173]], "2": [[-1.206693680355238, -1.1895171141960106, -1.2243113314130274, -0.8728161092110083], [3.0639561532947144, 1.2761288112167968, 1.1747582428429175, 3.1366308689711495], [0.5252320940475032, 0.4996170996656381, 0.48125588921963214, 0.025653584688275357], [1.0011233910165764, 1.0104742806615046, 0.9897901678241094, 0.8312002435406451], [-0.40928107152748977, 0.07934870828953511, 0.11663801662454544, -0.5794600070780849]], "3": [[2.248034419967162, 5.7424338670041575, 4.6388703995163505, -2.0860683550908172, -4.188342882672773]]}