{"Train": 1.462941541280695, "Val": 1.4611522505253254, "Test": 1.4617261497433938, "max_epoch": 5, "stop_reason": "Weight gradients converged", "num_hidden_layers": 3, "total_hidden_units": 11, "unit_combination": [2, 4, 5], "learning_rate": 0.5}