{"0": [[4.924406964039786, 3.4873889720008977, 11.104343978938578, 11.012885216054283], [-11.214846749206217, -7.381929603085133, -23.525074394315066, -23.304681284802246]], "1": [[2.1065555543643475, 2.7331621973963482], [2.3046662768620294, 2.823260818281301], [-12.785164328413314, -3.292554638893077], [20.868632778069895, 1.7534881400486944]], "2": [[2.922829444365325, 3.2223404034425873, -7.64936709890684, 11.15625523459567], [19.396993818644663, 19.763335338636857, -9.059636943677353, -20.66475439834992], [-4.852962540826608, -5.241227260565369, 9.884634629443724, -12.198386576055208], [-4.24424711785264, -4.35030114372308, 3.2140675391022584, 1.750773276023196], [10.561592231140668, 10.906478229316896, -8.761002436751951, -2.1550174263279827]], "3": [[5.10253277821392, -12.86618186397466, 9.788822464749867, 3.3646862381791833, -14.832374273458779]]}