{"Train": 0.11354964026105976, "Val": 0.11344646125780956, "Test": 0.11335230546901216, "max_epoch": 3, "stop_reason": "Weight gradients converged", "num_hidden_layers": 3, "total_hidden_units": 9, "unit_combination": [5, 3, 1], "learning_rate": 0.9}