{"0": [[-0.9320805034973371, -0.3098353201779101, -0.9165848333817299, -0.9223025442101866], [-0.1065260184931866, -0.01639950259927193, -0.10521883073599031, -0.08920298960233143], [-0.19087644032931939, -0.07903973351185578, -0.18792107177870412, -0.19709856827210978], [0.6292331573448856, 0.18679539481695717, 0.6048688718092889, 0.6360241011382987], [0.518000714431043, 0.15188804959887506, 0.4850411599043183, 0.5017453070772782]], "1": [[0.1997971546974788, 0.01708273175378556, 0.027612757992816445, -0.13447100089292638, -0.10445873908888934], [0.9833679765843246, 0.0998579774857121, 0.19369172220745604, -0.6337329444727664, -0.5237896521891818], [1.3882117733536061, 0.14240637757252825, 0.27910641097272515, -0.9125418479372215, -0.7196605375754198]], "2": [[-0.26339869627962204, -1.2835142320373487, -1.8283460677318006]], "3": [[-8.548405115893848]]}