{"0": [[-0.03997211359746118, -12.310331743561592, -6.529440319018249, -5.246385874537377], [1.58463524295101, -0.5535355256835948, 1.821416617734871, 2.7722002933783187], [-3.9394212143234766, 6.107798867070724, -3.0168165520549217, -3.023815695246221]], "1": [[6.547505757056473, -1.6923591823549988, 1.4699903661240166]], "2": [[6.242518545953636]]}