{"0": [[0.7722554256944079, 1.46140715680856, 0.00576338588701898, 0.044350477256205216], [1.5374458560265452, 2.172905320905517, 0.6675666553040425, 0.6424958089790257]], "1": [[2.656031926743023, 0.7932322990395337], [-0.05996877388794661, -0.09461314119660376], [1.9026437399161267, 2.061330402747475], [0.15842916733354473, 0.1818995027018362], [-1.096934467248951, -1.200367081220279]], "2": [[-0.8236856617466233, 0.04951551241076748, -1.2593369567743973, -0.09534400426532685, 0.6032265935016641], [0.8516354060559767, -0.05336420650643338, 1.4720705609927858, 0.11781639781586793, -0.7087889901771944], [0.22497992732237795, 0.02523668485664586, 0.41098395671848564, -0.019890496567981197, -0.0735163452601639], [0.5830239328732847, -0.01626039264771522, 0.9426742543317528, 0.05212975030377241, -0.42398870086967805]], "3": [[6.696861815557623, -6.799934451765631, -5.977039953154773, -6.480104287806368]]}