{"Train": 0.16813680975539635, "Val": 0.17001781910708785, "Test": 0.17275772671829556, "max_epoch": 3, "stop_reason": "Weight gradients converged", "num_hidden_layers": 3, "total_hidden_units": 7, "unit_combination": [1, 1, 5], "learning_rate": 0.9}