{"0": [[0.6998196075090866, 1.136700919206412, 1.0082897969192788, 1.0402802132452278]], "1": [[-2.2899586126142006]], "2": [[0.7035666161806414], [-0.8616307898163849], [-2.1409183300111407], [0.10084922779079002], [2.7517148257326474]], "3": [[0.5334058647413787, -1.1904841687695142, -6.329679544712646, 0.0884325901520229, 7.680845559753538]]}