{"Train": 0.1135496373731175, "Val": 0.1134464582807988, "Test": 0.1133523026748301, "max_epoch": 6, "stop_reason": "Weight gradients converged", "num_hidden_layers": 3, "total_hidden_units": 7, "unit_combination": [1, 3, 3], "learning_rate": 0.2}