{"0": [[2.5801404839518094, 0.8358539552128633, 0.18174943412545544, 0.3716289191662355]], "1": [[-35.12816198849742], [-1.4935600769811797], [13.427737706427063]], "2": [[-1.9924169998996548, 1.3275058655444256, -7.932383904433611], [0.25006797291420213, 0.30107680876353543, -0.647904346360493], [2.365384559621874, -1.466831664692104, 9.07172602904921]], "3": [[3.7242837254779997, 0.6158473673141645, -4.227822787813253]]}