{"0": [[1.5576629951804788, 1.0174776124525022, 1.8196562409215442, 1.89186475396167], [1.5620929625680227, 1.0251247954264135, 1.8307928480835318, 1.9096721687961336]], "1": [[-2.251638487838752, -2.2691461177521766], [1.099405453460729, 1.1192080718016617], [2.370647181498735, 2.385900659251527], [0.5457600460175877, 0.5493743091063491]], "2": [[3.2828051238142004, -1.578095664630498, -3.465814413785262, -0.7761853237676787]], "3": [[-9.282878637124584]]}