{"Train": 0.11354966665489742, "Val": 0.11344648762631, "Test": 0.11335233199495891, "max_epoch": 6, "stop_reason": "Weight gradients converged", "num_hidden_layers": 3, "total_hidden_units": 9, "unit_combination": [5, 3, 1], "learning_rate": 0.5}