{"0": [[-1.5392785087022125, -0.030411148427728654, -1.5964064726235718, -1.5189097883466323], [-1.0119750755898391, -0.0002912008422842301, -1.0533372169415716, -1.0206076930126269], [2.2406710001632852, 0.03270702393670236, 2.267542232792578, 2.193668781568253], [-0.21317740582457625, -0.018390815551203532, -0.25858024595425616, -0.219608462842486], [-2.277343461849765, -0.0263703319334556, -2.29391874177657, -2.226532997993049]], "1": [[3.0733646197112496, 2.0562090463172105, -4.334717890279531, 0.3172044613009938, 4.4893328323487465], [4.36707429876553, 2.8755078946167054, -6.21495831936143, 0.42256143823715536, 6.418085415480844], [0.35796548662661754, 0.38978061489707677, -0.23863427116938432, 0.1969708436452769, 0.2373067913075717]], "2": [[6.387780932155784, 9.367849895650565, -6.623033988935547]], "3": [[10.692470652640692]]}