{"Train": 0.11354966697283099, "Val": 0.11344648794550023, "Test": 0.11335233231270897, "max_epoch": 3, "stop_reason": "Weight gradients converged", "num_hidden_layers": 3, "total_hidden_units": 10, "unit_combination": [3, 3, 4], "learning_rate": 0.5}