{"0": [[0.5118835153729904, 0.006940950847709896, 0.2164676722826227, 0.23849515695416307], [2.0567915672653103, 0.03510792240420091, 0.9490379661330479, 1.0588747580753624], [2.49718563166607, 0.0453056552814381, 1.1915790032794948, 1.3146218675083738]], "1": [[-0.17769950908019533, -0.7089717406391427, -0.8421332713975913], [0.29719967950209253, 1.2022478956463165, 1.4122301971639064], [0.1349072861712878, 0.5373726600421308, 0.6581448048656555]], "2": [[-1.0858614418444283, 1.816829086009032, 0.8461889040302695], [0.5684472751182963, -0.6463379053854587, -0.5269363606172293], [0.7501598178575191, -0.8149351416771583, -0.6766444843826767], [-0.18452123402943296, 0.2098382688582382, 0.16453319236676267]], "3": [[-4.604404646897855, 4.976341499256789, 2.9839120501185743, -0.32346182665677536]]}