{"0": [[-7.46971579269922, -1.246313660526767, -0.9730331535553506, -3.1269947647738356]], "1": [[8.430023819213461e-23], [12.70871282710825], [2.73461524160411e-23], [-1.7957172816879516e-24], [-3.645610884382983e-23]], "2": [[-8.430027333355513e-23, 6.696623564131264, -2.7346171814956837e-23, 1.7957239700705174e-24, 3.645613109120606e-23]]}