{"Train": 1.4245372536344427, "Val": 1.4233503704909354, "Test": 1.4248307236058835, "max_epoch": 3, "stop_reason": "Weight gradients converged", "num_hidden_layers": 3, "total_hidden_units": 13, "unit_combination": [5, 5, 3], "learning_rate": 0.5}