{"0": [[-0.9619859428042802, -0.3822890781149886, -1.0151670237049242, -0.9970466212245465], [-0.6404029237720926, -0.2604183204778129, -0.636629084428256, -0.6417031956955671], [0.2718276106063341, 0.1196652217873827, 0.26998952993204584, 0.24689700570786458], [0.8249284866140346, 0.29527075601817493, 0.8425948211391416, 0.8235286858670126], [-0.012213250510855754, -0.01651056019354643, -0.008882248542098315, -0.00965242745646823]], "1": [[-1.3328088570710437, -0.7947107670466127, 0.30604516539274135, 1.0483103283945543, -0.00993422395008518], [0.1093291752523926, 0.07192449838766302, -0.04199626134798001, -0.06800065244607578, -0.006453535706726463], [-0.863734448883463, -0.5104182794528573, 0.2060662386819941, 0.6931836842952935, -0.004188614909775596], [-1.2311355791618326, -0.7222556282646428, 0.2912080318962882, 0.9781353549104893, -0.022292355155636132], [-0.03245845903804101, -0.037300046134337045, 0.009303270563202319, 0.010002387579994065, -0.003179481694788945]], "2": [[-1.0970345780972088, 0.07526973140691116, -0.6552013162966647, -0.9893196753703031, -0.025669815453425365], [1.4103122252030527, -0.10601316445253961, 0.8574875903642489, 1.2767332368112947, 0.024227056460396874], [-1.0145734337508554, 0.0778416384177502, -0.6236556990083496, -0.9268392138643102, -0.029924550978904618]], "3": [[-4.2354141160873695, 3.7260666995333076, -4.334769104081712]]}