{"Train": 0.1493095056592206, "Val": 0.14719858810688974, "Test": 0.14840762403319183, "max_epoch": 9, "stop_reason": "Weight gradients converged", "num_hidden_layers": 3, "total_hidden_units": 7, "unit_combination": [1, 1, 5], "learning_rate": 0.2}