{"0": [[3.7173907569237983, 8.807981252405892, 15.651773035980538, 12.873609175865855]], "1": [[7.488701646056752]], "2": [[-2.3344004594971272e-97], [4.201725989420573], [-2.2023427319752152e-96], [-6.4101495377029e-98], [1.1029254753441299e-97]], "3": [[2.3344004594971262e-97, -6.512374074704092, 2.2023427319752152e-96, 6.410149537702895e-98, -1.1029254753441296e-97]]}