{"Train": 1.4758657001439495, "Val": 1.4761821710866072, "Test": 1.4737140868979066, "max_epoch": 4, "stop_reason": "Weight gradients converged", "num_hidden_layers": 3, "total_hidden_units": 8, "unit_combination": [2, 2, 4], "learning_rate": 0.9}