{"0": [[-0.05299150411386716, -0.17632346591640993, -0.16500719257662844, -0.2233298865384192], [1.8069698595499775, 0.895729507324517, 1.7369057123011398, 1.7265346551992953]], "1": [[-1.6081097238516258, 1.9943867987166657], [-0.6389981538564681, 3.561542684391699]], "2": [[-3.775503586280374, 5.835952228808132], [-0.6422105000074875, 2.3684598502196472], [1.946229480453281, -3.094573130498161], [0.4020051304043213, -2.6437143666436773]], "3": [[-2.2275868391740827, 7.003002504443275, 3.139800660248936, -6.664272103143568]]}