{"0": [[2.398072672271213, 2.677132971126515, 1.2789643891170066, 1.2799816665984411], [-2.101541374706576, -2.178135380063927, -1.0326903025476806, -1.0016423594556059], [-7.979893645305536, -9.649121357703544, -4.94961743772691, -4.866814126612523], [-1.6333121263567971, -0.38263103457991676, -0.06007994437941105, -0.027194899325440895], [5.217190498472374, 4.789187959366945, 2.2735009317503825, 2.216610156402641]], "1": [[2.420535623476206, -3.7472847978082937, 6.668129954808499, -5.838964080949263, 5.252987219330419], [4.910810862576566, -7.61736599359749, 15.462582363008341, -11.51362876817463, 10.14629297622751]], "2": [[1.7871716809289409, 3.3906876332755322], [0.3804351335552861, 0.5018549622780372], [0.7064246798062161, 0.6517141533656376], [-0.4106949121811487, -0.47911702306364784]], "3": [[-9.466186114910004, -1.1851737925067056, 0.04247923410898505, 1.5160311139291638]]}