{"0": [[-1.460744717804636, -2.3164230034374116, -1.1733282685558868, -1.1451038020076376], [-1.7516725253617413, -2.7652008024862553, -1.3870084270767427, -1.3753125138663067], [0.8321076579679524, 1.3410758099089148, 0.6666787100134128, 0.6645982314869788], [-0.10693548538370097, -1.2679386479504227, 0.09041870106738695, 0.10995925154751224], [-3.1123499947828828, -4.95167742505997, -2.451425200204981, -2.411430988078725]], "1": [[2.9940994566227377, 2.994641306171274, -2.9301867961322756, -0.7488764082134807, 3.056934653461632], [-2.132798540053058, -2.5635983848791053, 1.273526933316315, 12.5934455967281, -4.525586660869007], [1.024351026018869, 1.0387578172765382, -1.0098745489418148, -0.17369029706209307, 1.011518614237506]], "2": [[0.8956245798163386, -0.671226969336647, 0.12187154377892888], [-1.6636220876356718, 1.1361762843191956, -0.435203568146281], [1.0275727083388264, -0.10297029638120668, 0.20524446872894306], [-0.20030361941172226, 0.2690358804497408, -0.5647260461062491], [-0.9453483572465102, 0.71932571431528, -0.14450659552966874]], "3": [[2.022863738650032, -2.6602140567334365, 2.0516577109354244, 1.2782665517468232, -2.0630995797581164]]}