{"Train": 0.14931111314636014, "Val": 0.14720019354458203, "Test": 0.1484092288691206, "max_epoch": 3, "stop_reason": "Weight gradients converged", "num_hidden_layers": 3, "total_hidden_units": 7, "unit_combination": [1, 2, 4], "learning_rate": 0.5}