{"0": [[2.610778324330716, 0.9595304024029458, 3.6522499141118865, 3.5113735583272914]], "1": [[1.8782505608357654], [1.6383188340150867]], "2": [[-1.898823112216182, -1.6263053270509917], [0.2987631588500601, 0.24765747094606616], [-0.16243856436103585, -0.15797466751437297], [0.0038200503647582897, 0.00425125750195137]], "3": [[12.232951627668493, 0.5072531718053839, -0.34465719872447825, -0.013637689114422017]]}