{"Train": 0.16813680975547238, "Val": 0.17001781910716385, "Test": 0.17275772671837275, "max_epoch": 3, "stop_reason": "Weight gradients converged", "num_hidden_layers": 3, "total_hidden_units": 9, "unit_combination": [2, 2, 5], "learning_rate": 0.9}