{"0": [[-1.847582192656203, -2.6843852220416142, -2.0312408897549488, -1.9888606430606672], [1.1113013017017672, 1.5849961908693646, 1.1888030663588682, 1.1733086764068885]], "1": [[5.375246932206733, -2.57599313129673], [-1.7985143349955042, 0.8759207429554727]], "2": [[-3.6161018171092185, 1.0619553741908547], [-3.6049955009342147, 1.0556566228716668], [2.2173439356307947, -0.6521724663686481], [-2.2098006695048187, 0.6666057563975829], [-3.3868721261190817, 0.9954647394746077]], "3": [[-3.8550618539264474, -3.8438677953704503, 2.3324904187113518, -2.3253661902779434, -3.597916497596563]]}