{"0": [[4.962102909575194, -1.8473015279408933, 0.31477449691093246, 5.214689314139601]], "1": [[8.229912186897632], [0.05897269087736797]], "2": [[10.164958553716769, 0.002263588361707935], [1.069968957991091, -0.042223138690720856], [-0.2025835931939191, -0.016286035399161472]], "3": [[-8.986381578958627, 1.823778631444113, 1.4220464070376708]]}