{"0": [[-1.8277857013030858, -1.0167624906149775, -1.7843933926183908, -1.7614410760091594]], "1": [[1.8129572554798812], [-0.32517293900569877], [3.0153373879951597], [-1.1832388076020561]], "2": [[-1.1878631686014567, 0.2102842897129445, -2.0160516594812457, 0.774370603488736], [1.1469294191525223, -0.20269461000267147, 1.9157455541009627, -0.7344365850116982], [-0.7683510484337367, 0.14112202388582867, -1.3276695193514019, 0.508665285713786]], "3": [[2.918397013171261, -3.0285947515965637, 3.7134152548449504]]}