{"Train": 0.1681367933160787, "Val": 0.17001780264596233, "Test": 0.17275771008698818, "max_epoch": 3, "stop_reason": "Weight gradients converged", "num_hidden_layers": 3, "total_hidden_units": 5, "unit_combination": [2, 1, 2], "learning_rate": 0.5}