{"0": [[-0.9199489239749931, -0.20081149335755266, -0.9595077267173936, -0.9258058490228284], [-0.6789371659268862, -0.13776183250148194, -0.7072047087365276, -0.6822097433073537]], "1": [[-1.7598694622146944, -1.2444039248479515]], "2": [[-1.8678883946795628], [-0.00032353992612077097]], "3": [[9.236413393834564, 0.0003950940128982153]]}