{"0": [[-4.61844347495172, -1.2458480027055254, -5.956037246454377, -6.982935726271733], [2.288857388835292, 0.21728818771345257, 1.6587113549475898, 2.0371645646789123], [6.1349355282936235, 1.5721298499807248, 7.755052449822209, 9.075526562233257]], "1": [[22.73635538692647, -15.153741282651733, -20.97604477988546]], "2": [[7.51646214077683]]}