{"Train": 0.1681368058716128, "Val": 0.17001781521608797, "Test": 0.17275772279375481, "max_epoch": 3, "stop_reason": "Weight gradients converged", "num_hidden_layers": 3, "total_hidden_units": 6, "unit_combination": [2, 2, 2], "learning_rate": 0.5}