{"0": [[0.7214876570238403, 0.04747908916411456, 0.7901418538067801, 0.7641205894633224], [-0.8564616612242915, -0.03724325179343427, -0.9509677199285669, -0.9590256282721996]], "1": [[0.8480615448642146, -1.068607880023482], [1.0853734392853363, -1.347750012032229]], "2": [[1.3523782051665136, 1.7375053804399485], [-0.18506347377353097, -0.16610980951249055]], "3": [[-9.640387948192565, -0.26146793151619946]]}