{"Train": 0.1681362331419848, "Val": 0.17001724119052147, "Test": 0.1727571444638251, "max_epoch": 8, "stop_reason": "Weight gradients converged", "num_hidden_layers": 3, "total_hidden_units": 6, "unit_combination": [2, 1, 3], "learning_rate": 0.2}