{"0": [[0.26742938860010507, -0.40489295971688083, 0.4054666764507729, 1.2916454202170302], [0.27842889351953315, 5.006755273189877, 3.0511412957808353, 3.134836506007932]], "1": [[2.2979328059203543, -7.512631605647241]], "2": [[1.4171791271305765e-12], [-1.189549781923661e-11], [-30.88767186492094]], "3": [[1.4171791271305765e-12, -1.189549781923661e-11, -6.999156252872386]]}