{"0": [[-1.0202596905304022, -1.0860042981887361, -0.9013116568556777, -0.8949998846466349]], "1": [[-0.6848708648217391], [-0.3702503532399946], [0.6557404625637837], [0.8553118982149893], [1.8497091900007847]], "2": [[-0.03011530105895302, -0.024530627597530934, 0.011459442749465684, 0.030346246878410255, 0.05063600752794274], [-0.3955564151961895, -0.21033885185926393, 0.3687704706639111, 0.491606234609677, 1.0888850929774323], [-0.3731812113054983, -0.18924550379286995, 0.35676337670877306, 0.474480544198981, 1.0531905710983314], [-0.42207319651459874, -0.23962052707550263, 0.41441457844155305, 0.5270156800197812, 1.1536211435211685]], "3": [[0.08600879303479626, 3.4169908475655135, 3.342939732391695, 3.5515497549359165]]}