{"Train": 1.4245372157869585, "Val": 1.4233503326328105, "Test": 1.4248306857447612, "max_epoch": 4, "stop_reason": "Weight gradients converged", "num_hidden_layers": 3, "total_hidden_units": 8, "unit_combination": [5, 2, 1], "learning_rate": 0.5}