{"0": [[1.9022791697730892, -0.1834046362891936, 3.9972605133496644, 6.294531991455962], [-0.4247045803030797, 0.028634628157926247, -0.9074000674737766, -1.4223208937273242], [0.8788387517585623, -0.07567683267973344, 1.9666754381969895, 3.0096083753545586], [0.3661263664685795, -0.039177264144281805, 0.7847104701645936, 1.204826411145278], [-0.44360722804525493, 0.04656051744118713, -0.9426236672189182, -1.46256547750234]], "1": [[6.533666003771534, -0.3858156953791324, 1.761270690165995, 0.7311689191371188, -1.011886601023627], [-0.682207202920434, 1.0571252744218105, -1.1644844414316304, -0.9625051672167223, 0.9964970387416636]], "2": [[18.864251281860852, 16.08678148360559]], "3": [[9.207205680434068]]}