{"Train": 0.1493111131825229, "Val": 0.1472001935806986, "Test": 0.14840922890522357, "max_epoch": 3, "stop_reason": "Weight gradients converged", "num_hidden_layers": 3, "total_hidden_units": 5, "unit_combination": [1, 2, 2], "learning_rate": 0.5}