{"0": [[1.189111905743973, 0.7150211270972092, 1.3728400229320323, 1.3661112434743234]], "1": [[-1.2060189467549773], [-2.591224680502296]], "2": [[-3.1047256322467636, -3.1870189160984674], [1.4817406340291086, 2.9613986338061062]], "3": [[1.3187473859973826, 16.61040631824397]]}