{"Train": 0.14931091836191307, "Val": 0.14719999901018269, "Test": 0.14840903440293157, "max_epoch": 3, "stop_reason": "Weight gradients converged", "num_hidden_layers": 3, "total_hidden_units": 14, "unit_combination": [5, 5, 4], "learning_rate": 0.5}