{"0": [[-0.49898031644133556, -0.5460513653360972, -0.4724487291938407, -0.4648316259668041], [-1.1322804236982287, -1.2747752837460598, -1.1115524944666897, -1.054750713056516], [0.013076375424333833, 0.03261724511944808, 0.02908507301888267, 0.0349777418942891], [0.9753172317260367, 1.089021016956636, 0.935821144739287, 0.9286267063710361], [1.0386825851343016, 1.1454935287708152, 0.992001607466701, 0.9833995577662027]], "1": [[-0.6523537636335822, -1.6837711002490627, 0.040530753686560776, 1.3839741899355962, 1.4860261024812784], [-0.41500505592054304, -1.0164264236631875, 0.022316767723066462, 0.8445972217908392, 0.9232838418566462], [-0.3983343589310357, -1.008937791719873, 0.002237782253743482, 0.8420506610665767, 0.8777342710964366], [-0.37898734714195853, -0.9440479423571018, 0.012054696458241032, 0.7899782785498628, 0.8403735138301721], [0.34209651307988465, 0.8712674008724018, -0.03200045976669101, -0.7222418499042256, -0.7825716397814253]], "2": [[1.9278386708486606, 1.1413433495539225, 1.1107513709263923, 1.0345020439408197, -0.9543478943017859], [1.4038918911437814, 0.8142280145355328, 0.8129039300011904, 0.7747850121653905, -0.6968707376591099], [0.10742629316701639, 0.0752066021368819, 0.06292804660691198, 0.05362148685922096, -0.07941400791995361], [-1.6388981479414118, -0.9617939625893619, -0.9312305463091068, -0.8823133177401603, 0.8188759317822183]], "3": [[-2.9352723833482233, -2.1030765029859024, -0.1727857104465977, 2.4652200110542926]]}