{"0": [[-7.4021831501143796, -4.155214936296346, -3.6211516997861004, -4.886866769827071], [12.181383455358457, 8.536734472290622, 4.8620510968691635, 7.222865605049616], [-17.741012080358036, -7.8822200560859565, -8.780559070078333, -9.625149822635908]], "1": [[-8.500690273503588, 0.6355843385649791, -4.156131042242785]], "2": [[-6.974326971045045]]}