{"Train": 0.11354966385227923, "Val": 0.11344648483052137, "Test": 0.11335232917052919, "max_epoch": 3, "stop_reason": "Weight gradients converged", "num_hidden_layers": 3, "total_hidden_units": 12, "unit_combination": [3, 5, 4], "learning_rate": 0.5}