{"0": [[0.739394100913594, 0.18760875654597597, 0.6889888125931334, 0.694030565435971], [0.4752321099861158, 0.1087317396204172, 0.4096243826627191, 0.4114490282710806], [1.052313438926934, 0.23194561546190695, 0.979830934419895, 0.9827563132384817]], "1": [[0.21184418568284616, 0.09972045935555983, 0.3143451257690827], [-0.9238682942224806, -0.5467800873027852, -1.3705489016515007], [0.10799522976055616, 0.068591689663227, 0.17983665220012734], [-0.18353826931536357, -0.11151735525301344, -0.32126972884863053], [-0.8297508943832274, -0.5115881794215187, -1.2458299665066994]], "2": [[0.4345727221199824, -0.518705450600555, 0.26214142777226934, -0.42448358542710685, -0.5646642925667283], [-0.20980840941789322, 0.9583871075553292, -0.11558543983354184, 0.19650242445499072, 0.8600812338478533], [-0.3159629944820818, 1.2650898128543864, -0.17663099355415715, 0.3305893533207113, 1.153511991352587], [-0.06881525233695819, 0.28217189750545063, -0.025335975863782043, 0.07424909693084651, 0.2643349850588838]], "3": [[3.2442487399026474, 6.321471653901215, 6.74125785466434, -0.4409210215997496]]}