{"0": [[-3.920103603206958, -7.174087019767566, -2.02215714672391, -0.2813519292836225]], "1": [[-0.00014352690751720062], [0.00013115556208940962], [2.242049483376737], [0.0002903551197957706]], "2": [[-0.00014213336511464692, 0.00012980594356075414, 7.699610663139268, 0.00028855877960350676]], "3": [[6.940955069378624]]}