{"Train": 1.4758658901261397, "Val": 1.4761823609743363, "Test": 1.4737142765000613, "max_epoch": 3, "stop_reason": "Weight gradients converged", "num_hidden_layers": 3, "total_hidden_units": 8, "unit_combination": [3, 1, 4], "learning_rate": 0.5}