{"0": [[0.3450170363343443, 0.016723699082056755, 0.3268316257362351, 0.34852378524821015], [-0.4372923171758065, -0.01288624485909481, -0.4676435210043743, -0.46928045896401854], [-1.791672770966119, -0.20462276145441277, -2.456543003828109, -2.6360684370384755]], "1": [[-0.6407259305106332, 0.8352121922988314, 2.1216741237069834]], "2": [[-2.971399806161642], [-3.426680888753474], [-5.421090755507036], [1.4216944912764735]], "3": [[3.6386431806914175, 5.707192838998866, 1.2916324827681012, -3.9602222480975766]]}