{"0": [[-1.057792892019699, -0.8762883870533222, -1.9410779244770537, -2.3631587170740636], [0.02696476765646444, -0.7604127080298554, -0.31564529872541824, -0.49007517778639864], [-0.8305998271903615, -0.5098651682317281, -1.5312073227903868, -1.8943184784618057]], "1": [[2.7722130903183815, 0.7358864382957394, 1.964341910709462], [0.3750788188725406, -0.8662443545739693, 0.7066380518336416], [0.3950928376243805, 0.33133245551228047, 0.14862583133521456]], "2": [[-3.869811525349249, -1.0938753788964204, -0.10349634797035948], [-2.033691018282545, -1.0264940404174203, -0.07164658600086622], [-4.249172821827862, -3.0223688399218682, 1.210466754462916]], "3": [[-19.457323191941157, -5.68428668291526, 7.65523292587971]]}