{"Train": 0.11354903062786116, "Val": 0.11344585007806805, "Test": 0.1133516949001936, "max_epoch": 3, "stop_reason": "Weight gradients converged", "num_hidden_layers": 2, "total_hidden_units": 5, "unit_combination": [2, 3], "learning_rate": 0.5}