{"0": [[-1.8028920489253184, -1.533389922039195, -1.6114724871720898, -1.6293074438384751], [-4.163550651146419, -3.938632607682548, -4.1059723488905435, -4.117964453814313]], "1": [[2.6678284144167193, 3.0453904965611156], [0.19276970548492, 0.24480706926327098], [-2.0011049847470423, -2.34542977840301]], "2": [[3.8274873882153617, 0.15791366147503594, -3.0286175121105403]]}