{"0": [[1.5258888975754612, 0.16468925045977806, 2.064077344293609, 1.8718787491180986], [15.175439855399711, 1.4847985234963335, 19.06919307359356, 18.13290298437805]], "1": [[-17.936523097774955, -18.464066744131447], [23.28650831333937, 24.478604852144297], [-16.47143659971412, -16.93135129911553]], "2": [[-4.575329342596081, 5.015699160485965, -3.7737403679800545]], "3": [[-8.96265758854113]]}