{"Train": 0.16813664492711886, "Val": 0.17001765394551566, "Test": 0.1727575602318171, "max_epoch": 3, "stop_reason": "Weight gradients converged", "num_hidden_layers": 3, "total_hidden_units": 9, "unit_combination": [2, 2, 5], "learning_rate": 0.5}