{"0": [[0.926298859796107, 0.764867659806895, 1.0152992085657475, 0.9955451010525271], [-1.2380896490315343, -1.0515563875534695, -1.3964706980324, -1.4077220994897393]], "1": [[-1.9513299019724186, 2.9350674219934456], [0.34713256160149136, -0.5043255919507353]], "2": [[1.852151220382353, -0.2787500904032615], [-2.3150682549980135, 0.36178364381600536], [-1.378554619817739, 0.2142717697365735], [-2.18298660838233, 0.3487597995704604], [-0.11236938480518616, 0.018237895762390374]], "3": [[1.8765014360216723, -2.3694320178718233, -1.3896917823017558, -2.230071335495259, -0.11388559092115436]]}