{"Train": 0.14931059385642412, "Val": 0.14719967491670594, "Test": 0.1484087104356401, "max_epoch": 5, "stop_reason": "Weight gradients converged", "num_hidden_layers": 3, "total_hidden_units": 7, "unit_combination": [2, 1, 4], "learning_rate": 0.2}