{"0": [[-4.080973028032477, -1.8948284037393193, -1.3705358811226473, -1.704069806006391], [-7.562674385847722, -7.587951960135664, -5.65150141027182, -5.560094902243099]], "1": [[-2.5101018247060747, -3.5551433485861965]], "2": [[-4.993724399868028e-31], [3.556373489961903e-27], [6.535816747556748e-28], [7.260124931023972]], "3": [[-4.993724399868021e-31, 3.5563734899619116e-27, 6.535816753179672e-28, -7.074424729600241]]}