{"Train": 0.16813680975547074, "Val": 0.17001781910716396, "Test": 0.17275772671836517, "max_epoch": 3, "stop_reason": "Weight gradients converged", "num_hidden_layers": 2, "total_hidden_units": 6, "unit_combination": [3, 3], "learning_rate": 0.5}