{"0": [[0.18776863773331434, 0.8165378363491778, 0.4507547206888213, 0.5783419367846057], [0.13440001779700306, 0.7052563376765044, 0.33683783213176666, 0.4518204350768765], [-0.002528260215772238, 0.44998159643137997, 0.04281180156447314, 0.13870592685760638]], "1": [[-2.2930921782302733, -1.9337817419891543, -1.0550623577417353], [0.7585154696510072, 0.6882977748498966, 0.5532612028414561], [-0.4004908134661944, -0.3865072040088886, -0.22883440014272322]], "2": [[16.751299238467357, -3.5468087868263183, -1.3444345466829966]]}