{"Train": 0.11354957017712684, "Val": 0.11344639090792326, "Test": 0.11335223536043032, "max_epoch": 3, "stop_reason": "Weight gradients converged", "num_hidden_layers": 3, "total_hidden_units": 13, "unit_combination": [4, 5, 4], "learning_rate": 0.9}