{"0": [[-0.9242424822302425, -0.7118847490385374, -1.0204684578838983, -1.021013990533288], [-0.7368470369980977, -0.5951117791055675, -0.798336004070631, -0.8289278246019373], [1.5612842129605375, 1.271193781638478, 1.7420581113289542, 1.7530098019814542], [0.881540791584418, 0.6657261497966449, 0.9425389593693884, 0.9532702154986631]], "1": [[0.2155329493278214, 0.16527013520810202, -0.3937976699385675, -0.19302290403117012], [0.6866018906094704, 0.5523869557277614, -1.2620902484441283, -0.6413405241695004], [-0.13448971870919002, -0.10063268854329847, 0.24584534047113543, 0.12832680131463406], [-1.6422643956017717, -1.3093251123639966, 3.0558397527040104, 1.5304848847197388], [0.6453346122534594, 0.5018145228038581, -1.1905563698889476, -0.5980009984433983]], "2": [[0.24208061279982854, 0.7730690742899147, -0.1434073202018027, -1.9485132114556807, 0.736020452145397], [0.007461801544946995, -0.000594499239147764, 0.005844280791027171, -6.624894574901547e-05, 0.0063943516892202715], [0.4198399943468778, 1.3955797377623074, -0.2600711196536842, -3.4944781161242147, 1.2897664835341702], [-0.1733187425355178, -0.5362168580367994, 0.12707716921290882, 1.3788746031883696, -0.5163697837278256]], "3": [[2.2385279882547615, 0.0015369914118444144, 4.067838736191678, -1.5739680807554277]]}