{"Train": 0.1681368097554826, "Val": 0.17001781910717406, "Test": 0.17275772671838305, "max_epoch": 4, "stop_reason": "Weight gradients converged", "num_hidden_layers": 1, "total_hidden_units": 4, "unit_combination": [4], "learning_rate": 0.2}