{"Train": 0.16813669578100224, "Val": 0.1700177048783794, "Test": 0.17275761162116374, "max_epoch": 3, "stop_reason": "Weight gradients converged", "num_hidden_layers": 3, "total_hidden_units": 9, "unit_combination": [1, 3, 5], "learning_rate": 0.9}