{"0": [[-1.9000590287984545, -2.436740607897076, -2.121142009859958, -2.0983949422828068]], "1": [[-1.5589569262748728], [-3.7282202663375865], [-3.4696339777980665]], "2": [[0.40674701002869057, 0.9659189925206503, 0.9105513166524382], [0.19888739127275892, 0.5450315565782955, 0.4886367740804146], [0.15301118346210396, 0.3938034302722324, 0.3703121830822311], [-1.4913505111248804, -3.692751608937445, -3.4153983524990656], [0.06962454145349914, 0.1644966474544022, 0.13764374949442365]], "3": [[-1.3648686241907624, -0.7465727168920799, -0.5527925381085396, 5.374540838030841, -0.22473506273113442]]}