{"Train": 0.11354935203673158, "Val": 0.11344617242832886, "Test": 0.11335201675434531, "max_epoch": 3, "stop_reason": "Weight gradients converged", "num_hidden_layers": 3, "total_hidden_units": 11, "unit_combination": [3, 4, 4], "learning_rate": 0.5}