{"0": [[0.09837300809453968, 0.16774173710342982, 0.10249513834386494, 0.08277913121987011], [-0.9391382040228329, -1.7482045472053298, -1.0704097533360726, -0.9327834286334263], [-0.831377202768002, -1.552294026545243, -0.9439196079760683, -0.8218072904972873]], "1": [[-0.019174438751299608, 0.2788954754782952, 0.2461840415235154], [-0.02263205407195291, 0.300676091529078, 0.25148112375848286], [-0.19632712614948294, 2.602828035957289, 2.1092301405352645], [0.12760908758249534, -1.5631777988717481, -1.2879811707924935]], "2": [[0.235466147454414, 0.24149996156525153, 2.344933019663407, -1.2726906452446125], [-0.05330830916114035, -0.05051952346145259, -0.6766017948814632, 0.37034628785381074], [-0.04339351498449835, -0.049669503775533745, -0.48492234077864843, 0.27335378938989713], [-0.28151198228470065, -0.30340442286463887, -2.9286580949799514, 1.6216215799787403]], "3": [[2.757500523139128, -0.7663466298136312, -0.5568777280345714, -3.539631623591451]]}