{"Train": 0.16813679385806551, "Val": 0.17001780317383738, "Test": 0.17275771066542714, "max_epoch": 3, "stop_reason": "Weight gradients converged", "num_hidden_layers": 3, "total_hidden_units": 9, "unit_combination": [3, 5, 1], "learning_rate": 0.5}