{"0": [[0.4680125014019071, 0.18847292489821219, 0.4298449771721701, 0.4397395000651669], [-0.7742643857690392, -0.2834741591745829, -0.7368533677227806, -0.7304019737373191], [1.473830059376067, 0.5919138069786757, 1.4734372026350697, 1.4656240604002673]], "1": [[0.22936844240449966, -0.3906540335323763, 0.8974779303729624], [0.5830004466592938, -0.9923432368036851, 2.2419310413630393], [-0.48551280400818886, 0.8208843165116128, -1.8736001645231573], [0.044406052898362185, -0.07225777084044199, 0.16010788236791476], [0.13293365805175153, -0.24003331431748812, 0.562805234218592]], "2": [[1.0119190328364425, 2.6781046481008617, -2.187190824331991, 0.18126907252265417, 0.6253094554615807]], "3": [[-8.794743519632855]]}