{"Train": 0.1493111131825586, "Val": 0.14720019358073425, "Test": 0.14840922890525923, "max_epoch": 4, "stop_reason": "Weight gradients converged", "num_hidden_layers": 3, "total_hidden_units": 10, "unit_combination": [4, 3, 3], "learning_rate": 0.5}