{"0": [[1.2287686302528789, 0.09937997902827143, 0.13336770635386413, 0.6548928081314573], [0.12427336146124932, 0.009692516472799813, -0.04539150639578218, -0.02143163464117507], [0.5804975024009682, 0.04401303889637905, -0.1763637196977996, 0.08984620454710136], [-0.0579978710170333, 0.00463113974933746, 0.03897319276467978, 0.005730345828847684]], "1": [[-0.4849988704193325, 0.030916079324127387, -0.062026831462732676, -0.017187399858954008], [0.5920704787204465, 1.746525567033142e-05, 0.16779470804058463, -0.012640760671786211], [-0.7740590092695275, -0.013485812217699733, -0.16675103096578087, 0.0024411990711743683]], "2": [[-4.82378199779542, 4.945504703547445, -5.063367027405976], [-4.772368332796078, 3.5182219827797407, -15.705721443427258], [2.058117638145253, -2.0766398369764136, 2.191779551469127]], "3": [[-5.9613773888488675, -15.926015972032854, -5.389416933973846]]}