{"0": [[-0.1611967531193805, 1.4749048883396552, 0.09235096075183402, 0.10960807932570361], [2.8530501951704914, 0.7581489812171021, -0.41993314367884027, -0.5570772699590697], [-0.23168587027557594, 0.8299226988966787, -1.837501902527182, -1.7618030261622097]], "1": [[-1.5826431183355512, -2.6995811632177635, 1.7932020863806193], [-1.1923538477610711, -0.8817900406230638, 1.6078960320938143], [-1.8470889989674786, 0.6977140942704899, 3.28928308022294]], "2": [[-1.8171452158367127, 4.102879067081793, 7.379492666579806]]}