{"Train": 0.11354963400302936, "Val": 0.11344645489415026, "Test": 0.11335229928827964, "max_epoch": 3, "stop_reason": "Weight gradients converged", "num_hidden_layers": 3, "total_hidden_units": 8, "unit_combination": [3, 2, 3], "learning_rate": 0.9}