{"0": [[0.5604346402847931, 0.17852897206558108, 0.4306319973964308, 0.42065625107993704], [0.14956836025928208, 0.049835366770690094, 0.10929940118387581, 0.11078432433905966], [1.53371765963017, 0.5117232371940693, 1.3071835794974127, 1.2897237466410494]], "1": [[0.8227092062590458, 0.21042386315167314, 3.3475305332104495], [0.00333947814584092, -0.0016794204495807134, 0.00342215913782686]], "2": [[-0.15930383588903152, 0.007822361310298103], [-2.830191693290547, -0.01249969449754493], [4.001370898251576, -0.007752622289111018]], "3": [[0.1621311692551737, 3.226739942977682, -5.172663888419]]}