{"Train": 0.14931111284817777, "Val": 0.14720019324708805, "Test": 0.14840922857015876, "max_epoch": 11, "stop_reason": "Weight gradients converged", "num_hidden_layers": 3, "total_hidden_units": 12, "unit_combination": [3, 4, 5], "learning_rate": 0.2}