{"0": [[-2.756767107449032, -1.7529275861456557, -0.21492765335358208, -0.36742729374429856], [-1.8369695708737603, -1.4826023792628853, -0.6175609785878353, -0.784180222847766], [-1.4029302833342892, -0.8469289596878441, -0.20860952334083227, -0.21024575937701492]], "1": [[0.26914300352770737, 0.5391022175067183, 0.08720634915488247], [0.2531449779111048, 0.4206745847322969, 0.06394903466264114], [-0.028954370911172738, -0.047294053526939946, -0.03200706622358081], [0.2572193274773042, 0.5551001904311598, 0.08921772652195771]], "2": [[-0.8605743960924491, -0.8490597151697202, -0.2878335712255797, -0.8654033800002767], [-0.18235476617596225, -0.17302052493989314, -0.2249516763118957, -0.16263497622905185], [-2.053014358719808, -1.9709896752845983, 0.06941716713607154, -2.05232904686861], [-0.5237131231929081, -0.5344976951441369, 0.15830993614067704, -0.5358537800013603], [0.07834291500973953, 0.09009763517880814, -0.044305988139479426, 0.09422524885340294]], "3": [[-3.046943632824019, -3.1724019026084966, -9.807065041395473, 3.586916769638098, -0.07600680503070789]]}