{"0": [[-4.495876212533969, -1.1427310608217283, -1.0930171175493368, -0.7290032123238184], [0.00411707218245707, -0.10793992707103056, -0.012431244972405057, -0.012949436022517793], [1.1037345696775909, 0.16221837753137927, 0.18510350942103074, 0.28026097963848673], [-0.433704122151512, -0.12931281604477676, -0.12955012451294384, -0.16075543472256373], [0.6884453593514629, -0.013231948155518114, 0.05400290070269412, 0.11738853511706111]], "1": [[2.863835625771121, 0.28446123846170507, 0.37053988576898017, -0.24363517382140762, 0.3942460321075037], [1.8248494040441823, 0.08640500947069227, -0.8193752969122736, 0.36104697331916186, -0.3717944387929276]], "2": [[-5.843460360410919, -7.403266222986187]], "3": [[2.40509041823368]]}