{"Train": 0.11354966699051375, "Val": 0.11344648796281152, "Test": 0.11335233233106225, "max_epoch": 3, "stop_reason": "Weight gradients converged", "num_hidden_layers": 3, "total_hidden_units": 10, "unit_combination": [3, 2, 5], "learning_rate": 0.9}