{"0": [[-0.8778516684322467, -0.3554625278237166, -0.6676888110021595, -0.7118223668812688], [0.8428584918566151, 0.3467828417763535, 0.6584481084092454, 0.6787238426301555], [-0.22228220163023055, -0.08271799882479448, -0.15636181409430303, -0.18291627553048193]], "1": [[0.40590228991084354, -0.39112688516501926, 0.11359244777094189], [-1.4099293277837168, 1.357286596372543, -0.32478499903736346]], "2": [[0.27332741006448236, -1.1455504475318783], [0.4191275103674248, -1.6953203047584928], [0.1262532188724685, -0.5898674387604776], [-0.1795489842221629, 0.8249726058380827], [-0.4408128194350703, 1.7664162966806347]], "3": [[3.1308630868003062, 5.840745702198672, 0.6537919750586558, -1.2372450261076682, -6.145852790373365]]}