{"0": [[0.48779475994763105, 0.8820562441978138, 0.4279300139573273, 0.4246019966099199], [-0.8795829217813295, -1.6240222896961602, -0.7939515024713244, -0.8150554264018378], [0.4795717601250988, 0.9091090879207795, 0.4429238827063551, 0.45550874740184516]], "1": [[-1.1306779225323849, 2.082649230286292, -1.1555639293928948], [0.17816053021363967, -0.5710555998940033, 0.2021118164851642]], "2": [[5.866867945545734, -4.222179729552509]]}