{"Train": 0.11354966069385938, "Val": 0.1134464816498631, "Test": 0.11335232602454348, "max_epoch": 3, "stop_reason": "Weight gradients converged", "num_hidden_layers": 3, "total_hidden_units": 10, "unit_combination": [5, 1, 4], "learning_rate": 0.9}