{"0": [[1.1502215427740257, 0.8567390499999328, 1.1279247491815343, 1.1279220446765437], [0.6991220496520605, 0.5385253817153874, 0.6749447175368852, 0.6704890272041877], [-1.7605061047046864, -1.3507202075640203, -1.7735181207529434, -1.77248452545446], [-0.48796914825208026, -0.3539234946560804, -0.48282244816477465, -0.4672324232738763], [-0.11926650528870647, -0.10434754316511671, -0.13732424068549273, -0.12201906597097106]], "1": [[2.2625959065734116, 1.322641897152471, -4.013746178311314, -0.9076617311297048, -0.24206471382684586]], "2": [[2.590303056651688], [4.677892981329624], [1.2361781355875463], [-0.9348470021533354]], "3": [[-2.627930148075427, -4.899694126967235, -1.238195247507853, 0.9331292035625215]]}