{"0": [[4.157766850786942, -0.46830815642080614, 4.2305003463638124, 4.361370932619283]], "1": [[2.569142875642459], [0.022623466686631507], [-1.7157996007237868], [-0.17191035783629122], [0.7084464922200872]], "2": [[-1.9581428457620964, -0.005113202342904345, 1.3648279484683374, 0.1336220892298472, -0.5220293075914948], [1.824818061359343, 0.008029694077680298, -1.1931734060817598, -0.09700667056897805, 0.40397331136564846], [0.6999345002874592, 0.0037371757010319943, -0.3559389910252047, -0.03267077906319536, 0.09350712087197297], [-3.678120290958798, -0.005937890207139576, 2.4224633149383417, 0.17996151690168255, -0.8465379454495944]], "3": [[0.9741626402212131, 11.531275380773874, 2.2778007688675515, -8.19293682674907]]}