{"Train": 0.14931110486851518, "Val": 0.14720018527728423, "Test": 0.14840922060490527, "max_epoch": 3, "stop_reason": "Weight gradients converged", "num_hidden_layers": 3, "total_hidden_units": 8, "unit_combination": [3, 2, 3], "learning_rate": 0.9}