{"0": [[1.7321312941052645, 1.2409208330436736, 1.7728489886342575, 1.7131424760040868], [-0.3761655859933231, -0.24586884503615608, -0.3576927406430928, -0.3514080809095844], [-1.5544160220421122, -1.0831042570943563, -1.5422816319009476, -1.5120355717137894]], "1": [[3.033758520468771, -0.5242253802175993, -2.5344307842405995], [-2.4608817564743215, 0.4328383707891638, 2.0562553918676376]], "2": [[0.8975853933522456, -0.6783517623479104], [-2.0189652134283, 1.5570800643185998], [-3.9418422863590235, 3.042064150991685]], "3": [[-1.1288356389081988, 2.603554976945136, 5.506047590707566]]}