{"Train": 0.1681367289967477, "Val": 0.17001773817524551, "Test": 0.17275764514829278, "max_epoch": 9, "stop_reason": "Weight gradients converged", "num_hidden_layers": 3, "total_hidden_units": 5, "unit_combination": [2, 1, 2], "learning_rate": 0.9}