{"0": [[1.2658106581155606, 0.7884326425106659, 1.0888308781427214, 1.100647051302501], [0.09858051431634737, 0.0675407954590358, 0.08465675250956799, 0.07455784228728422]], "1": [[2.1757125626805935, 0.16238429388786807]], "2": [[-0.0031050169933270846], [-3.142144706783705]], "3": [[-0.0031000079352427896, 8.019433597063864]]}