{"Train": 0.16813680974688172, "Val": 0.17001781909855374, "Test": 0.17275772670969802, "max_epoch": 13, "stop_reason": "Weight gradients converged", "num_hidden_layers": 3, "total_hidden_units": 11, "unit_combination": [1, 5, 5], "learning_rate": 0.5}