{"0": [[8.655006198083314, -86.65556770724965, -73.30951970543474, -68.3553042297682]], "1": [[0.05096728679590985], [-4.665294681499625], [-0.48581405764258134], [-0.6338334610612761], [-0.27708961882909894]], "2": [[0.08751205382681519, -2.7683367374555994, 0.5137691149874686, 2.597783241624172, -0.5404033740770553], [0.20628574085099805, -0.42761708906169366, 0.24736959857623456, 0.46283908711007576, -0.32694260571294687], [1.8460843665248923, -2.675080598469343, 1.6320828412673711, 2.2674692396727725, -2.5922343004323225], [0.3672040206606097, -3.211821374951382, 0.819900508874074, 3.3436690850488735, -0.969524754745753], [1.5430607917653716, -2.405711781874377, 1.4089636548792188, 2.0496476924214586, -2.1964454753756084]], "3": [[8.963981228024709, 0.6509569684780917, -3.0658556294839125, 11.017489453935976, -1.9571052851768613]]}