{"0": [[1.5151443177004256, 3.4452707930151236, 1.6156056743994647, 1.57174807014472]], "1": [[-0.08716197238548995], [-5.2123447645820935]], "2": [[-9.225182143096948, 28.913101207036327]]}