{"Train": 0.11354909905655362, "Val": 0.11344591847246412, "Test": 0.11335176352928593, "max_epoch": 6, "stop_reason": "Weight gradients converged", "num_hidden_layers": 3, "total_hidden_units": 10, "unit_combination": [3, 2, 5], "learning_rate": 0.2}