{"0": [[0.14175027222958939, 0.6334454946406225, 0.2984375089598826, 0.3117695329346844], [-0.2619747298535843, -0.6508780113669139, -0.9430727822896553, -0.9275558039973067], [0.6326277619016892, 3.4401411381552034, 1.7939360265811366, 1.8499592816751178]], "1": [[-0.17972327235413468, -2.905407240315612, 0.21260210332921284], [0.038732600408469486, 1.9464004864219346, -0.5776907876790198]], "2": [[-0.8957683920587266, -0.4985733715916576], [-0.2291608579595635, 0.5625395603527943], [-1.4972197190481926, -0.6355944801703959], [-0.4359235574242686, 2.815414361223647], [-0.41225861781690754, 0.5525965041967026]], "3": [[0.23856356188521613, 0.17443911203384546, -0.8823358355456795, 7.733036173856657, -0.4349299349309454]]}