{"0": [[-1.5308695329423345, -0.5143458637137345, -1.5254590723690589, -1.5174902476899945], [-1.0218323478627314, -0.3604662543357339, -1.0116717732063658, -1.0122761175706168]], "1": [[-0.38638649360100247, -0.32977553785565333], [-2.3351450764417563, -1.4512417722794806], [1.768943166567775, 1.0910354818333479], [0.7468405281425214, 0.5545587937394939]], "2": [[-0.04997040510007734, 0.9373397579129403, -0.5624713372207221, 0.04704232376035188], [-0.6779496978149187, -2.004669773850104, 2.0385506957168666, 1.38298205265442], [-0.20099293631018245, -2.3895519211660936, 1.7834232883699428, 0.46609547087367187]], "3": [[-3.597730745758496, 4.491480604112021, 4.882156623648127]]}