{"0": [[-0.15729543095800952, -0.06610911272652026, -0.12898082784550746, -0.1374558078997931], [0.5458355233832866, 0.1537261370790224, 0.4555269983560334, 0.4208038623358679], [-0.24793940465225928, -0.0587171679448339, -0.20662836438093143, -0.1986326964636819], [-0.9822591637295774, -0.2748161651205926, -0.8092972458936172, -0.7912974330132555], [1.4223566130782384, 0.4127210707663084, 1.18654357996806, 1.180002360789356]], "1": [[-0.024648093278429643, 0.07692831545261888, -0.0064639855422874894, -0.17583099848493253, 0.3428067086497909], [0.2765768095478615, -0.8734786536830027, 0.42057345749846403, 1.5528914284430977, -2.366008628655187], [0.010560883939428653, -0.0014456952841204096, -0.010033002060454536, -0.1261576293624299, 0.23047374664680192]], "2": [[-0.19804124676374002, 0.8624511082268667, -0.26112255185688776], [0.6156474705533173, -2.9492771431290388, 0.5094472375691876]], "3": [[-9.204484738250082, -15.425102297638572]]}