{"0": [[1.28294251332156, -2.3060068879215256, -2.1741020889835103, -0.9232204975114341], [-3.4333291549068146, -0.3513875039092568, -0.9691998950689162, -0.4098967809330304]], "1": [[0.12295074377106413, -1.562425107612293], [-1.208123280802671, -2.651288348653579], [-0.540935437843466, 0.324865902471556]], "2": [[1.1632085845690896, 1.197847207830318, -0.8175560124389474], [1.768082140313086, 1.8201463362774903, -1.369847295139166], [-1.1141466022792579, 4.803155713413646, 0.7229933534388916], [0.2582035737303028, 0.3447925793895724, 0.29600239572338116], [0.7428457423370486, 0.7825778474954598, -0.3909916879478312]], "3": [[1.3454912243816415, 1.5245887055349119, 7.371820009095685, 1.345881841271189, 1.3445755526548238]]}