{"0": [[-0.11108269845271973, -0.2015513554705938, -0.20541323517522342, -0.23060088622369476], [0.07029613642470285, 0.11782727928873094, 0.09804426544200948, 0.11844145088489957], [-0.4938413694618846, -0.5533903074653812, -0.6966540004439659, -0.743237471948521], [-0.0008392195471748527, -0.037692864389864085, -0.019546078430582352, -0.005719467984436052], [0.1066143369526423, 0.17761892693993017, 0.18109301708836847, 0.19910104280444116]], "1": [[-0.03124226441982976, 0.047714967359890545, 0.03757982558935535, 0.005233772865603507, 0.014381206462988627], [0.19780477665059573, -0.11946896514409262, 0.6111182988495043, 0.0061624624360852726, -0.18214217931263033], [0.025661661407648195, -0.009660245207426393, -0.11922127002844507, -0.0007955776019396184, -0.011913296476078361], [-0.28570458307305996, 0.1711603450296099, -0.8064716727331127, -0.03487765593305311, 0.24840891035190382], [-0.11128594453668539, 0.052604048441377144, -0.4380982955778047, -0.0051445061505744905, 0.10002767553309808]], "2": [[-0.8264602050706266, -1.9519647209687576, 1.4138200254310729, 2.0327653048807544, 1.8355361130329224], [0.3497593967695721, 1.528443491333278, -0.8302103184115832, -1.710168987413762, -1.4689413366575148], [-0.9987911066553177, -3.8411289384038154, 2.187598425119223, 4.31242138384123, 3.688905820619976], [0.3436284237500254, 1.4067836395817923, -0.7641252034217776, -1.6044397032943571, -1.3525521762501447], [0.14278150294872596, 0.7651711872858942, -0.39444684844811606, -0.8535655075759143, -0.7462789453491566]], "3": [[5.664650345315403, 6.445378038047587, -25.99309576970566, 6.652575053458642, -2.298068508743519]]}