{"0": [[4.347822989225695, 7.844638051371643, 4.514104393874417, 4.503729578681784], [0.1775412527967542, 0.5026627289386204, 0.3202397370940939, 0.3117368883675868], [2.7464691680571165, 5.256302756181822, 3.015136797934638, 3.002737675680554], [0.4526364652538224, 1.0756749008233957, 0.6841989762280967, 0.6846822615475986], [-1.92418729367438, -3.7571253704263965, -2.209966973108084, -2.197712572498295]], "1": [[-0.0964377090321657, 0.625178827843242, 0.9108140471560947, 0.9763415996094148, -1.0834846035179027], [-0.1978663499627173, -0.31665027788359296, -0.4243125648987274, -0.4591926481851362, 0.4638787487091303], [-0.767580191763435, 4.85244670199681, 7.241843465143849, 7.66719381574108, -8.50346286678746], [0.23997895623239446, 0.3143079975400436, 0.422401607602323, 0.46487939659882205, -0.4661777715937482], [0.30336306510926847, 0.29227572172830363, 0.3875894736191586, 0.39852558500970736, -0.39604234472875993]], "2": [[-0.04520119251494472, 0.024565468938852458, -0.030416915856677197, -0.032047840221316425, -0.02579218093409861], [0.11745888336362655, -0.12021278700716902, 0.21366866515792832, 0.13984149902304116, 0.18244558203110403], [-1.5332846284431219, 1.1507230752482478, -1.1220343341070775, -1.0477790858087088, -0.6289452837714016]], "3": [[2.4846481147376296, -3.166653630838205, 8.254375454176408]]}