{"Train": 0.16813680974918369, "Val": 0.1700178191008858, "Test": 0.17275772671196024, "max_epoch": 3, "stop_reason": "Weight gradients converged", "num_hidden_layers": 3, "total_hidden_units": 8, "unit_combination": [4, 1, 3], "learning_rate": 0.5}