{"0": [[-0.5447500362758269, -0.9882051313350715, -0.5726044110414905, -0.576054055088384], [0.4136266395686489, 0.7423360345182982, 0.4057124668465824, 0.43462234260472143], [-0.22960822648649917, -0.42879062794178757, -0.21405311860225715, -0.2204289004399759], [-0.1913396001215509, -0.40932532003933275, -0.2230030543585693, -0.22492063831411202]], "1": [[-1.4593877552783638, 1.0516445602731948, -0.5739870273320892, -0.5509497995779441]], "2": [[-0.21237613206702075], [-16.459761117628677], [-1.1453504627319808]], "3": [[-0.21869472986200975, 8.601142846586702, 5.224793982142157]]}