{"Train": 1.4245372536706353, "Val": 1.4233503705271349, "Test": 1.4248307236420963, "max_epoch": 3, "stop_reason": "Weight gradients converged", "num_hidden_layers": 3, "total_hidden_units": 11, "unit_combination": [1, 5, 5], "learning_rate": 0.9}