{"0": [[2.1914511279836097, 0.015277703901855701, 3.0313852908983066, 2.7044711457792534]], "1": [[-0.04882990641105606], [-0.370188441890753], [-0.3878346465402793], [-0.34974076873852755], [0.41996452972880444]], "2": [[0.008559410568433666, 0.8284381193490253, -1.4637446801311607, 0.3994784108792608, -0.7663763384039767], [0.04383420376650955, -0.24376218275806055, 0.7769896480400407, 0.05751689636662745, 0.14846695581189656], [0.08008266617536337, 3.875362123563118, -4.253905184183235, 2.1372799414641594, -3.666132635043274], [0.059247720936020765, 3.2396739145327467, -3.814576922291784, 1.7422914627688022, -3.0507273755655793], [-0.021133268363443734, -1.3930033998797895, 1.6999100565275012, -0.7320318638404443, 1.3009744348996763]], "3": [[15.387321340352466, 14.283350761318292, -6.511068154150464, -10.148598157713383, 3.923346968711509]]}