{"0": [[0.5942622419836396, 0.38028745895394317, 0.7036343834208129, 0.6094896888999985], [0.36352604317457826, 0.2275141703782026, 0.4205210674625609, 0.37468535407298525], [-0.24161221288299217, -0.16702218583108713, -0.29710463676291715, -0.25851378436016986], [-0.7029452261348627, -0.4641591709768064, -0.8053025078049133, -0.7153826551991065]], "1": [[1.170735212069762, 0.7018824174673433, -0.48895239957762754, -1.3847481276482818]], "2": [[11.130036420114804]], "3": [[-16.76067669250655]]}