{"Train": 0.16813680975522752, "Val": 0.1700178191069184, "Test": 0.17275772671812545, "max_epoch": 3, "stop_reason": "Weight gradients converged", "num_hidden_layers": 3, "total_hidden_units": 6, "unit_combination": [4, 1, 1], "learning_rate": 0.9}