{"0": [[-0.17553571601091025, -0.1394188250855098, -0.20610840660184157, -0.1885543371304767], [0.501408263898362, 0.4629104323571838, 0.5687759686622104, 0.5737815082057189], [-0.5649265494970251, -0.5375623244721045, -0.6677592427836008, -0.6650919098985708], [1.0228795247063285, 0.9612828738723459, 1.1811907695524997, 1.1862156495712335]], "1": [[-0.35340457793575375, 1.0661399552094812, -1.2456353501145132, 2.315660260884118]], "2": [[-2.827600598488846]], "3": [[14.4158964626518]]}