{"0": [[-1.2730588533972897, -1.107071720253611, -0.13626258386213497, -0.14907201858614094], [-1.4891076094671805, -1.3071859848547038, -0.46870953875802546, -0.42485338500477765], [-1.4275596909670434, -1.2653515770287753, -0.47274318766277323, -0.4474483778174696], [1.2378158041635356, 1.10041930390953, 0.3179361035672835, 0.3262076363899624], [1.2442270385991234, 1.113057218590538, 0.3583049250147975, 0.3747502777953592]], "1": [[2.7094483361710746, 3.1608794078805267, 3.1212567907235007, -2.802043672939502, -2.8475630503956064]], "2": [[-7.366645696672917]], "3": [[0.7309390920014469]]}