{"0": [[1.8706628612087204, 2.0981506200511926, 2.588436284561603, 2.260634050852518]], "1": [[-5.358602112758453]], "2": [[-5.242799887333644], [-2.5509585090551976]], "3": [[-5.40265499318797, -2.559383316713643]]}