{"0": [[0.7939622454809401, 0.8470275773846516, 0.917121619474944, 0.9090993037989437], [1.2599343125610774, 1.4044496866038492, 1.511071235503385, 1.506281708724099], [1.1205921551660867, 1.218243964978396, 1.2988982464205268, 1.3171092474759654], [-0.8604113423829995, -0.9242569605348678, -1.0012624348485781, -1.0218406076095772], [0.2503649306955474, 0.2630419734120243, 0.27673164259210314, 0.2968546043584046]], "1": [[0.7796504473888082, 1.4352540826332998, 1.1887775618024754, -0.8751594715767179, 0.235200411750282], [1.3698524472160956, 2.5077093954871392, 2.101781843446145, -1.5119298743403964, 0.4114031658318006], [-0.9088714014542787, -1.6424966960228617, -1.357587603465862, 1.002758730832081, -0.2728740782682345]], "2": [[2.9750830682008296, 3.146518679728949, -2.991973927112629], [2.2839050306691746, 4.54993208377681, -2.6676153453570657]], "3": [[21.721479900128912, 17.713326640280208]]}