{"0": [[0.9913351500729376, 0.7916637964592923, 1.0005659199212378, 0.9917006587610909], [-0.24546631498945948, -0.18730590906170896, -0.24411129754548896, -0.24861810080992214], [-1.0673914984778303, -0.8678372463411318, -1.0868534458554715, -1.0753405561925293], [1.255737079401603, 1.0140051468537905, 1.2549718242102483, 1.2727008254430523]], "1": [[1.9794512680135534, -0.46521534891545085, -2.1658150686731497, 2.599220369963915]], "2": [[-0.776867278838659], [-4.193432198980708], [-2.8592193961750505], [6.537857014481793]], "3": [[15.95400169351436, 31.336636545756264, -2.9263770812620176, 19.065338736536884]]}