{"0": [[0.2160972724820477, -0.19818158849782166, -0.4478435073078342, -0.4845925549005271], [-0.47807222558722845, -0.7245154425562277, -0.777599564166171, -0.7665365781453511], [0.4219716119379323, 0.6052951308824228, 0.6281663188871084, 0.6640337470948575], [-0.2370849129882922, -0.5634489178100256, -0.704621288209026, -0.7384683080541486], [0.42062728061514515, 0.7040945567352799, 0.7656142159758248, 0.7823803836483841]], "1": [[0.3837343168909826, 0.9339047564215935, -0.7510253353916074, 0.7650372342271051, -0.9400223524857723], [-0.23171716548317176, -0.8511883686271274, 0.7107954782709791, -0.6545064846153388, 0.8343279018843919]], "2": [[-2.6968288833907392, 2.4038598884903095], [2.1260946996057037, -2.0568828659635776], [-1.1871371771889394, 0.7739446648783614], [-1.1175781704863044, 0.6752255131296507]], "3": [[7.301026801036601, -9.810249484569425, 3.719004663833971, 2.9874972417598973]]}