{"0": [[0.7685096109925517, -0.6771842370098309, -2.8301554837224154, -3.560894386095541]], "1": [[0.0027758137313843786], [0.09760755152296305], [-3.1665880697199187], [0.04672707965117506], [-0.2212199665486061]], "2": [[0.11896114184500896, 0.11636833091988169, -1.018293527783231, 0.4790269925166698, -0.594329956877678], [-0.40666863826688415, 0.8696794335614577, -5.404888967491768, -0.7347109397057746, -0.9664703137943299]], "3": [[-0.9118579950945063, 7.862165819256053]]}