{"0": [[0.3968083906622097, -0.2084336422660913, -1.072979355633446, -1.7038214359605022], [0.13508407303829723, -0.22614225561129636, -1.123333360456376, -1.583441677781713], [0.09033006446254806, 0.15972539470007016, 0.47985916582380994, 0.6347467402540152], [0.4331000144489712, -0.19690822625537843, -1.1526650830410672, -1.7109518037754479], [-0.12079517875067469, 0.30316671335618944, 0.943707541188561, 1.8578674040668757]], "1": [[0.750974137199666, 0.7039850781167667, -0.2650678090356351, 0.8015212353521717, -0.7142519019423913], [0.2718603824243384, 0.3283063654120736, -0.1850664740919976, 0.23533384348457256, -0.44487349617867367], [-0.010798003167181557, -0.003984261511430499, -0.005847891999834889, -0.02254468836166853, -0.02621390884086079], [0.5504832174084975, 0.6797767648815405, -0.42828150961653233, 0.5321180918062378, -0.8922237480748233]], "2": [[-1.0256395268802032, -0.8088364227124193, -0.1959579139750997, -1.5154585176529487], [-0.15042221340156745, -0.1251280579301005, 0.03232599111591927, -0.17132226150932997], [-0.05814897045271262, -0.07511100557197688, -0.10413269756561101, -0.0470075939952202]], "3": [[-6.922095924107794, -1.868630237753021, 2.251878474177866]]}