{"0": [[-0.777019380388423, -0.0449998099026286, -0.6037048193762125, -0.7129428597194707], [0.6757057818975634, 0.05735809952938567, 0.4872523369409672, 0.5952016110114026]], "1": [[1.1350805037369696, -1.0241758953891174], [0.8888592897492612, -0.6991782478139695]], "2": [[-0.5102874210860535, -2.1559108187877882], [-1.6111039366119497, -4.374741477066566], [-1.5773264555553863, -1.8216355431017786]], "3": [[3.2961370565482544, 11.30715551438705, 8.350381262545742]]}