{"0": [[0.7185474083829401, 0.39065789559823727, 0.2253943461681054, 0.2067309711569049], [1.6747000078979866, 1.1637527193548598, 1.388623413459086, 1.375275753292097], [0.6586571718934091, 0.3900678501459714, 0.18098251477431054, 0.18882212541681506], [-0.5174819262201348, -0.2694877030709856, -0.11485094667227252, -0.12926598340079776], [1.3341318958689645, 0.9567359551955539, 1.033199492755959, 1.0329716611912743]], "1": [[0.295494291935195, 1.6473266894450218, 0.26640939691266063, -0.16479358868219643, 1.3887195403784809], [0.5411752823610946, 1.2235669495325487, 0.5018167770588426, -0.40107586521405075, 1.0942193559849223], [0.6243407190860407, 1.1728063249981489, 0.5681424890701081, -0.45223486580395966, 1.04548397395182], [0.4603218106141871, 0.4453838112860738, 0.4550184678128901, -0.32308432827162, 0.5146584086914994]], "2": [[4.744549491868202, 5.43861002551399, 5.461770162981732, -0.42540135421698655]]}