{"0": [[1.222156374520687, 0.5843495437164462, 1.1859456304169453, 1.1892517928611954]], "1": [[-0.3757619914200238], [0.3374390346417226], [2.2591003343463965], [-0.33849122917773133]], "2": [[0.43387266628060484, -0.39258974595021245, -2.0377941975238176, 0.39257738704113077], [0.02295513782434075, -0.017356160990641994, 0.5640418426294412, 0.024917033807141664]], "3": [[19.310569345346956, -16.862168518712753]]}