{"Train": 0.14931109558878297, "Val": 0.14720017601593002, "Test": 0.14840921133201704, "max_epoch": 3, "stop_reason": "Weight gradients converged", "num_hidden_layers": 3, "total_hidden_units": 10, "unit_combination": [1, 4, 5], "learning_rate": 0.5}