{"0": [[3.7268765388540634, 0.01238159676877765, 2.4244041256108835, 0.49570924740405353]], "1": [[-3.59144695840521], [7.532213482072771], [1.9405675455646532], [8.972898221947094]], "2": [[-0.13855060486106704, -0.2208526592362888, 0.15710442624265933, -0.44233516402053563], [-0.35248358959881765, -0.380114021237105, 0.43667266198957805, -0.731177275285491], [3.122080691873461, -1.2854207698474687, -3.012137758389639, -0.13816193907425098], [-0.538052426587801, 0.7038497402005369, 0.5134744824616836, 0.77828255983574], [-1.2159897842017502, 1.9610671616151962, 0.8936725058661278, 2.2525995447809306]], "3": [[-3.6746904714720783, -2.254100258799823, 2.129687941430552, 1.5028533990032293, -10.179756409974107]]}