{"Train": 0.14931111279155146, "Val": 0.1472001931900699, "Test": 0.14840922851472474, "max_epoch": 3, "stop_reason": "Weight gradients converged", "num_hidden_layers": 3, "total_hidden_units": 9, "unit_combination": [5, 2, 2], "learning_rate": 0.5}