{"0": [[0.6043103007939183, 1.2015204190661999, 0.6551636214224938, 0.6310543610463566], [0.5073762097279872, 0.9829780730574207, 0.5297140655513874, 0.5353120270501686], [-0.03817561421261608, -0.03810094862906015, -0.004875902712706614, -0.029619605005955726], [-0.6026628877708724, -1.1649183915583667, -0.6307272708900311, -0.6411748883484775], [0.30099632042477154, 0.6283963302819845, 0.32452650272181327, 0.3214185759826479]], "1": [[-1.566745527229504, -1.2173797809898834, 0.04015614105096407, 1.528948995054713, -0.7134122531355367], [1.1011848901437602, 0.8402848101568453, -0.03769238634122835, -1.0609465007472831, 0.4852537505918919]], "2": [[-2.909128968772081, 1.796234247753429], [-0.35448874604713304, -0.09907295270083774]], "3": [[-9.048629363762384, -6.47599040672965]]}