{"0": [[-0.9346200773331125, -1.352073858761818, -0.7779893497295225, -0.8245486604968799], [0.4067986914296726, 0.5717950064523186, 0.3241648435379572, 0.33801936532760757], [1.0823291672444841, 1.584823182222279, 0.9516919158896301, 0.9334232505106199]], "1": [[-1.6587375596264742, 0.6651610841970272, 1.9940791360702237], [-1.3471322419010987, 0.5395851146189872, 1.6452447810930122]], "2": [[2.7324788995616345, 2.215728780588283]], "3": [[-6.9407557205266945]]}