{"Train": 0.14931111042478823, "Val": 0.14720019082646482, "Test": 0.14840922615225294, "max_epoch": 3, "stop_reason": "Weight gradients converged", "num_hidden_layers": 3, "total_hidden_units": 14, "unit_combination": [5, 4, 5], "learning_rate": 0.9}