{"0": [[-0.5952256358137722, -0.7098130236568073, -0.5618763703294994, -0.5662336886612171], [-0.2621117827043327, -0.2809888557523379, -0.21392845416951578, -0.23154344099780955], [-0.2683032961953149, -0.2946668689165702, -0.22077732276440443, -0.2531054461593211], [0.0437320932400833, 0.06965906452555828, 0.052714802474689876, 0.06955742600377969], [0.7650891341583248, 1.039775396647307, 0.7765711615764705, 0.7810626989654189]], "1": [[0.9941959415744482, 0.3782650223256512, 0.4015322376541755, -0.09586860354938029, -1.464086779120053], [0.7331455000382311, 0.28995840437682346, 0.29162461772821197, -0.05968916018553282, -1.0519822786930273], [0.3389972876803739, 0.11782211584693003, 0.14785184509407848, -0.02848912211049062, -0.4925976650365037], [0.4231499254637198, 0.1759127361406159, 0.17533061510404344, -0.04540096878460186, -0.5758468598069724]], "2": [[0.005445926597236842, 0.0027377039044682886, 0.013827840030165243, -0.005408380628419313], [0.13143515092285946, 0.06736482087398103, 0.010977142334477568, 0.003276651896014772], [3.62445954524763, 2.739403883147901, 0.6603745337713663, 0.873693161049957], [2.370220122015279, 1.9220203572692214, 0.41137036227321133, 0.5620397404908539], [3.571677134637874, 2.7111700262025997, 0.649768724169743, 0.8719883876714167]], "3": [[-0.007719466326316594, -0.06545514217935405, 8.015597289252087, -6.735942656532359, 8.42527020200426]]}