{"Train": 0.11354959529884417, "Val": 0.11344641784202646, "Test": 0.1133522590609893, "max_epoch": 3, "stop_reason": "Weight gradients converged", "num_hidden_layers": 2, "total_hidden_units": 6, "unit_combination": [4, 2], "learning_rate": 0.2}