{"0": [[-0.3287766967047798, -0.10077105861415842, 1.3394791900226422, 1.1689421510208742], [0.3944966277045833, 0.14555315451400042, -1.3398009355141016, -1.1882518735054293], [-2.531209138739243, -0.952407934016133, -0.7432574581499531, -0.6968319699717886], [-2.717571518200233, -1.0809398251312894, -0.7534469448763707, -0.7376003214159061]], "1": [[-0.32619292873263256, 0.2391576825367637, 1.652882877208377, 1.7660752270042985], [-0.42134924416918607, 0.3989833093663017, 1.7256350214829688, 1.7696731648799138]], "2": [[6.642668449695913, 1.4354257200128622]]}