{"0": [[-0.5527661375394409, -0.2147637572077248, -0.7656474358030405, -0.7282145896786144], [0.5179310280067027, 0.1835294166030992, 0.7103805457582519, 0.6586622417039526], [0.5399410188400141, 0.2045518529869309, 0.7339885530997926, 0.6907315734635396]], "1": [[-1.1625217722742052, 1.0649103097363195, 1.1117141798160513]], "2": [[-2.02698422567033], [23.761213481647257]], "3": [[7.0264548500190696, -17.485196047894995]]}