{"Train": 0.14931110730039387, "Val": 0.14720018770767943, "Test": 0.14840922301749837, "max_epoch": 3, "stop_reason": "Weight gradients converged", "num_hidden_layers": 3, "total_hidden_units": 12, "unit_combination": [2, 5, 5], "learning_rate": 0.9}