{"0": [[0.9110188711784205, 0.7903759202681014, 0.8804955661352508, 0.852640843251632], [-0.6292110623081713, -0.42630176316863766, -0.4684836548014329, -0.47167426312028343]], "1": [[0.4244224124033858, -0.20777756757070726], [-0.28797784412518457, 0.122737286919173], [-1.5838872197546425, 0.7399300551156655], [0.7973230379730754, -0.39670450621876796], [-1.468700174157175, 0.6814012926922252]], "2": [[-0.30072072801897437, 0.18240284296663103, 1.3362636903970118, -0.5371847707710635, 1.172777289235863], [-0.2345930521239766, 0.15685672434531042, 1.171571005726952, -0.48283971402865367, 1.026886921201161], [-0.13148480617280692, 0.09161459514283246, 0.7278909569805924, -0.2897998862901631, 0.6301057328464512], [0.2719392305430184, -0.1826770406608189, -1.3833915510615584, 0.5340136310769393, -1.1789900297998426], [0.01731629678115532, -0.008210452550089129, -0.11225896762036386, 0.05493368530869119, -0.1169819108763975]], "3": [[2.9051120228298606, 2.3265801200278013, 1.213641973276069, -2.995362907843377, -0.172980996472512]]}