{"Train": 0.11354966682859859, "Val": 0.11344648780607632, "Test": 0.1133523321611387, "max_epoch": 3, "stop_reason": "Weight gradients converged", "num_hidden_layers": 3, "total_hidden_units": 5, "unit_combination": [2, 2, 1], "learning_rate": 0.9}