{"0": [[-0.5615113921735037, -0.1913087103365933, -0.48473171664640496, -0.4799039387580336], [0.8555817927428824, 0.30651467815113526, 0.7238858224159079, 0.7486051232173678]], "1": [[0.07898339933764315, -0.11460309671885584], [0.953168702583408, -1.5392294398160193]], "2": [[0.13913151503359136, 2.517136529789478]], "3": [[11.32183834679498]]}