{"Train": 0.14931111308821007, "Val": 0.147200193486506, "Test": 0.1484092288110663, "max_epoch": 4, "stop_reason": "Weight gradients converged", "num_hidden_layers": 3, "total_hidden_units": 6, "unit_combination": [2, 3, 1], "learning_rate": 0.5}