{"0": [[5.167575384103962, 0.4446994562244865, 4.907706338264589, 6.162566926077652], [5.215467442033769, 0.4365419315796076, 4.436756715758615, 5.691474058685862]], "1": [[0.4229903151377366, 1.8076585352095758], [0.6535532808293021, 1.9255300500317662], [0.1984089883161449, 1.2789249841435473]], "2": [[-1.69815329151813, -1.3490026443799654, -1.5329548282625223]], "3": [[11.384664573673296]]}