{"Train": 0.1493111126985999, "Val": 0.1472001930973933, "Test": 0.14840922842209509, "max_epoch": 3, "stop_reason": "Weight gradients converged", "num_hidden_layers": 3, "total_hidden_units": 8, "unit_combination": [1, 3, 4], "learning_rate": 0.9}