{"0": [[-2.3732912788812692, -1.8166529166435974, -2.249661005231733, -2.241344753169272]], "1": [[-3.3969436680130984], [-4.625940228695579], [0.4279808326461243]], "2": [[0.7207191696723568, 1.037520950469717, -0.0845490419985734], [-1.277257809084703, -1.828936506787163, 0.16041100143767004], [3.143873590622741, 4.474507513865559, -0.3703560783224906], [0.7681276871086873, 1.103151220757293, -0.10623378307788632]], "3": [[-1.266555967713696, 2.254102529501846, -5.823022135557193, -1.354468526633614]]}