{"Train": 0.11354957600930377, "Val": 0.11344639672477835, "Test": 0.11335224121687462, "max_epoch": 3, "stop_reason": "Weight gradients converged", "num_hidden_layers": 3, "total_hidden_units": 13, "unit_combination": [4, 5, 4], "learning_rate": 0.5}