{"0": [[-0.08426046921261902, -0.007401080019147686, -0.08408470498287844, -0.08332866050108903], [3.3911770480026626, 0.454193621179423, 4.034278516106869, 3.9579920062804907], [-2.4579466645651804, -0.3011385606439978, -2.862286660583629, -2.7694230531355104], [-1.2653689011902889, -0.18062993578525557, -1.4085104473706875, -1.3858007314494132]], "1": [[0.09630663140912117, -0.8616529722778637, 0.8580846747457822, 0.8405902550946177], [-0.11087687937731322, 1.059568591106778, -1.0739452647618173, -1.0452105417887307], [0.12698972302756, -1.162876552261777, 1.1579795846923797, 1.128327552872736], [-0.09415726611208991, 0.8551381737853915, -0.8707954514114776, -0.8482699209685751], [-0.059262151388934356, 0.5464712817856247, -0.5597459108331514, -0.5219463763597291]], "2": [[2.215258266080913, -2.8185069380756085, 5.083307087147293, -2.07815696393581, -1.1315791271184774], [-0.05795251634277893, -0.0016396877459932022, 0.2799591062518287, 0.09656656488525071, 0.18253388791350958], [-0.0651093432778482, 0.14328100952425651, -0.4657187353349836, 0.04203461679384015, -0.08374313645580919], [-0.28423612045592117, 0.37830575418970597, -0.7606514551470507, 0.24841946929170952, 0.08569930429557861]], "3": [[4.646552669632479, 2.039995226643295, -2.1158987742682243, -2.2719879846492463]]}