{"0": [[1.588682634304902, 1.5010289122261073, 1.5769115997665262, 1.3851855325530384]], "1": [[1.8151501560249044], [0.7771955435755277], [2.0317867515772425], [-2.02740782263263], [-1.9948168200674505]], "2": [[1.254165571739451, 0.5131129371398833, 1.4152211817471214, -1.4006549348198305, -1.3781850525700932], [-1.3869509922789036, -0.5901177053478853, -1.5646992735794938, 1.5720525662278277, 1.5441498860593108]], "3": [[-2.4402607921708315, 2.809379144165122]]}