{"Train": 1.2669080312106284, "Val": 1.2652211386757943, "Test": 1.2657544666631941, "max_epoch": 14, "stop_reason": "Weight gradients converged", "num_hidden_layers": 3, "total_hidden_units": 9, "unit_combination": [3, 1, 5], "learning_rate": 0.2}