{"0": [[0.1601161022144954, 1.1108651717899625, -0.0796817309330446, 0.017640531388308324], [-0.8390200110339017, -1.8037447620315439, -0.27528338762213683, -0.3320812240102342], [-1.0787293628762595, -2.000230468493122, -0.8138984264353512, -0.8163976618395452]], "1": [[4.679718460973276, 3.5043933409549495, 3.0913732248847827]], "2": [[-26.77058320098862], [2.35471692554491e-09], [2.3118652902103778e-09], [-5.251555680594822e-09], [-4.1618752834791115e-09]], "3": [[1.3693291772127933, -2.35471692554491e-09, -2.311865290210378e-09, 5.25155568059482e-09, 4.1618752834791115e-09]]}