{"0": [[-0.22436842689630984, -0.016555753805515848, -0.29509369547158326, -0.29029066898287487], [-0.5024907266109232, -0.05238641870163255, -0.705510339678599, -0.7098971953746858], [-0.37712855364647174, -0.04134643767968034, -0.7488871005286272, -0.6928184298963204]], "1": [[-0.44729763278635043, -1.385868264327157, -1.9056132448398106]], "2": [[-9.392845252616528]], "3": [[8.732105168432732]]}