{"0": [[-0.5800187169022131, -0.39240792170655336, -0.6404336656869067, -0.6569874169662968], [1.070321816318949, 0.7618268829310694, 1.2280923576315426, 1.2371837566460109]], "1": [[1.0408235946172673, -2.135517695142312], [0.007349461783563946, -0.02451586505861694], [0.1317970997927278, -0.32748386771758486], [-0.5203392267865171, 1.0959189066131578]], "2": [[2.2218293519360968, 0.025364956612437758, 0.3346302850992697, -1.0540074770984929]], "3": [[9.675790990203073]]}