{"0": [[0.9986071138916555, 1.1373660376234394, 0.9370230682086927, 0.8958101264348843], [-1.120616910746155, -1.2996135339061297, -1.032325634526871, -1.0085134306024093]], "1": [[-0.782448510762491, 0.9234087999874624], [0.9513007838561045, -1.112003627825845], [-1.7308343708347684, 2.0140315812665754], [-0.5037528328237195, 0.5899436392014471]], "2": [[-1.078244218951165, 1.2988688063901048, -2.407012703715044, -0.6817772690611252], [0.6135675221438999, -0.6033409120424558, 0.4201443322276476, 0.5499709004226738], [-0.6793242522948951, 0.6589069261435617, -0.48521214630881376, -0.5481937128786113], [-0.37865027260468703, 0.4853137955711785, -1.0792143422629954, -0.18993771378307145]], "3": [[-7.125564570153486, 6.024053086709109, -5.602069005873994, -5.604912758149057]]}