{"Train": 0.1681368097554434, "Val": 0.17001781910710723, "Test": 0.17275772671832393, "max_epoch": 3, "stop_reason": "Weight gradients converged", "num_hidden_layers": 3, "total_hidden_units": 12, "unit_combination": [4, 3, 5], "learning_rate": 0.5}