{"0": [[0.31208881696433743, 0.5514358811888258, 0.2103080130682855, 0.17852240996080795], [-0.1492129005860344, -0.23293158032614722, -0.06990494205942638, -0.051344551541692096], [0.5952595969468856, 0.9923073754915802, 0.4731950647522522, 0.46413248089829556], [0.48189623113469177, 0.8074858571704315, 0.32262366605270737, 0.34046719114959495]], "1": [[0.6897704104726717, -0.33702997307044164, 0.9132843779544125, 0.8894903136578468], [-0.735906898615078, 0.3310703329042148, -1.3999612142472102, -1.1054804589997207], [0.35188252634152367, -0.1379423745057193, 0.5613878216130331, 0.5150814140710939]], "2": [[0.12424133024009375, 0.17031394917562687, 0.15282486113548596], [-1.9658286325764451, -2.1563765573657983, -2.269876182336674], [-1.5474552838399813, -1.422134520991843, -1.678803104969008], [0.6957139899662318, 2.2650160849828476, 1.2017577294388209], [-1.8968188500947607, -2.7840067095431325, -2.43200462657709]], "3": [[-0.26543359435402025, 8.412071472710638, 8.658455019159815, 14.010956538799636, 7.895223396885414]]}