{"0": [[8.307064011039962, 0.4075173660675456, 0.44571552913182916, 7.987591468457149]], "1": [[1.2079816662889447], [-3.3005133038359564], [1.2886561872771676], [1.3565558634542838], [2.151328461837479]], "2": [[-1.482052801130083, 2.075526771376732, -1.6577185585948633, -2.234011958620912, -2.0996423202157137]], "3": [[7.277967479761423]]}