{"Train": 0.11354944510242565, "Val": 0.11344627187786255, "Test": 0.11335210505011324, "max_epoch": 3, "stop_reason": "Weight gradients converged", "num_hidden_layers": 2, "total_hidden_units": 7, "unit_combination": [3, 4], "learning_rate": 0.5}