{"0": [[0.12438151742574505, 0.2534110317401769, 0.13460088464543904, 0.12275032335437192], [0.14474595152591813, 0.29993703959950374, 0.13736129436813826, 0.1444650152781913], [-1.2661688597218161, -2.3488649355292224, -1.3056396597423374, -1.3019567709948197]], "1": [[-0.2500169113847795, -0.30539982975049873, 3.419842934652749], [-0.18642294640751092, -0.2088182373220594, 2.432642761020374], [0.09760938737097209, 0.10170417259832606, -1.1097924897548026], [0.06661756713100664, 0.07484494066406003, -0.7941229803023694]], "2": [[3.641684610415932, 2.5051435589833693, -1.1206483973801038, -0.8004955479828628]]}