{"0": [[4.0287000433915185, -0.14507268273770302, 0.04667357993496692, 2.819785903616518], [3.303072371008841, 0.9792664198247549, 0.5521696670733167, 2.9819408720305804], [-1.012120586042716, -3.1943164911422266, -1.6760193327606838, -1.6237470431912278]], "1": [[6.602014924297406, 6.198618478807588, -3.7958607653584617], [1.1407562030128073, 1.1159497209781153, -0.800429428527019], [-0.1550193204447992, -0.3461174655215848, 0.23348527798639654], [-0.9449770446700507, -0.6517711525949507, 0.013116389966677576]], "2": [[-1.9062941940535072, -1.4043482231497149, -0.1860178440363886, 1.2421429722059525], [1.8658721564966254, 1.3872609175826152, 0.1684740971556713, -1.2018715463066556], [5.241860901959453, 4.511410022077471, -0.13606732069371522, -3.753077346968433], [-1.9184008078355774, -1.3970830139609758, -0.19281772247496928, 1.250284080457735], [-0.5473149012815898, 2.469898788363869, 0.4936605845291942, -1.9420273425037158]], "3": [[-5.41825421917262, 5.3246540144691386, 3.1158073028481197, -5.495918628316566, -2.8509212439497156]]}