{"Train": 0.14931111312297662, "Val": 0.1472001935212036, "Test": 0.14840922884540655, "max_epoch": 3, "stop_reason": "Weight gradients converged", "num_hidden_layers": 3, "total_hidden_units": 11, "unit_combination": [1, 5, 5], "learning_rate": 0.5}