{"0": [[-1.2807891295170986, -0.9302027577409675, -1.1297379301886863, -1.1181113471310695]], "1": [[-0.2015908224191534], [-1.0925348163221968], [-0.7342258503412847], [2.1411041681527494], [-0.06162656415658817]], "2": [[-0.07387913492941459, -0.44061730460910753, -0.28634657098134664, 0.9221942909872823, -0.020064603406299442], [-0.026743149669850228, -0.09061759197406583, -0.06493215012232853, -0.04486859992831019, -0.0036389281235084093], [-0.12499024634190085, -0.6122604579041223, -0.4086453558971879, 1.1816284654512026, -0.043322844782636434], [-0.1364461344118469, -0.711042916234804, -0.5039423900531481, 1.3462760773986158, -0.046000060146406174], [-0.05001904838783394, -0.14063054588105403, -0.12622539133716607, 0.004632217848055707, 0.001663489068387081]], "3": [[3.903875614840504, -0.6164501246873574, 4.236741668599473, 4.455310819844187, -0.8681509608029966]]}