{"0": [[-1.1560754453862228, -0.25145864636443743, -1.2550807445478205, -1.2707816909188685], [0.1670278607256301, 0.04308142706995066, 0.20159995112063966, 0.1859116541582328], [0.7300872492676752, 0.17726270196539398, 0.8004250213654245, 0.7957990620755425], [-1.397360120485993, -0.30264498242465687, -1.557137471200577, -1.5661194168890888], [0.6518264394451082, 0.14339154803324192, 0.7051619343597211, 0.7091805135317473]], "1": [[0.44836923297821435, -0.07572461188432832, -0.27230886788625763, 0.5602314125247257, -0.22983420532963444], [-2.194508031946387, 0.3192086766690835, 1.3539700751206811, -2.7860240612649823, 1.19694127106382]], "2": [[-0.8013105892860402, 4.264386271576422]], "3": [[-23.710179673389444]]}