{"0": [[1.983842384263405, 0.6465626600546047, -0.026899591456845725, 0.20932648228819395], [3.390662860343247, 0.5421643356029091, 0.3490635392697009, 0.3890022507808221]], "1": [[-0.18002432254676048, -0.1295101698832071], [-0.44441418392118964, -0.9701866835360228], [1.0655214755248301, 2.171988793071], [0.09423334241260552, 0.09830348319749752], [0.090288000132616, 0.3683201794667516]], "2": [[0.33304949772820125, -0.5100463694179385, 0.6221667438830928, -0.5256922888043162, 0.25691180340394776], [0.0023615297166689215, 1.4398324114098484, -4.3821475202121976, -0.9818301454857804, -1.243915485835122], [0.2116839353834181, 0.25649453453992305, -0.3634784767954369, -0.5310931145565733, -0.27018563515470667], [0.1356118030259972, -0.19278318537586853, -0.15669644737183108, -1.0280551284417714, -0.5604377319505258]], "3": [[1.703498850899764, -8.439499787891052, 2.144107099819962, -1.1098408436138425]]}