{"0": [[1.339822001759437, 0.002652000536446956, 1.5859788670330106, 1.4540249678014245], [1.4440188117483466, 0.022883678485964117, 1.5150250290426506, 1.4399158172556594], [-0.7198405559677904, -0.01208832604545036, -1.1348024978181368, -0.9881958897066432]], "1": [[0.8612718008504079, -0.09416815101795256, -1.8882367903003472], [1.220762080097687, 0.3685988016496791, -2.0469357170330853]], "2": [[2.768133344816093, -0.01670067310174486], [1.860445266662278, 2.719150773773952], [-1.2903414948454306, -0.42125808035402523]], "3": [[-8.040519036786597, -8.997953096226256, -6.097641540722246]]}