{"Train": 0.16813680974356784, "Val": 0.1700178190952324, "Test": 0.1727577267063517, "max_epoch": 3, "stop_reason": "Weight gradients converged", "num_hidden_layers": 3, "total_hidden_units": 12, "unit_combination": [4, 3, 5], "learning_rate": 0.9}