{"0": [[-1.2330870828682539, -1.8401940927616491, -1.2107593426027297, -1.2521103931050626], [-1.0416829783110786, -1.7408425227940625, -1.2017322696446184, -1.2112660557968689], [-1.0218269246448783, -1.6727822717204563, -1.1913030927506705, -1.2044135130438889], [1.4682723062507954, 2.3123490858013773, 1.5558125560073521, 1.5969773682482034]], "1": [[0.35559637861746685, 1.5551839538055683, 2.142071842881052, -0.8446223557129795], [6.373950308849924, 14.51275089569042, 15.164563841901062, -11.834791458271617], [3.8461862484178106, 8.905345947367685, 9.416492576029286, -7.16140342989601]], "2": [[-3.8303374944329436, -3.8254616140885345, -4.3784756354806635], [23.649813040157518, 18.25981427140203, 21.66249838467254], [-34.24191211516633, -26.43087055200454, -31.305878681663174], [38.041715472597595, 29.346558310867692, 34.76904047772349], [1.763188682398713, 2.2786718781113517, 2.5355827303688523]], "3": [[28.79470702934735, 22.955398159674168, -24.12205526086833, 23.436066101768905, -29.326196490768115]]}