{"0": [[0.1582591758244075, 0.1442978981148062, 0.16670655755505637, 0.1385654008665431], [-0.9455456639615254, -0.9206466073486852, -0.9311407743013544, -0.9155161555417602], [-1.6967678992128852, -1.7184317163687948, -1.7153058867899542, -1.6870218586063386]], "1": [[0.28389307266318287, -1.8247426653119105, -3.75487236703572], [0.004035468462670245, -0.1197500528783716, -0.19923574912011263], [0.08320995378741991, -0.5085091962783932, -1.0150041474207017], [0.05381824314784591, -0.26538536256782724, -0.5530151445414778]], "2": [[-4.412643586039272, -0.23341409945308295, -1.1446095480821608, -0.6154226892599102]], "3": [[7.512020393507613]]}