{"Train": 0.14931111315496937, "Val": 0.14720019355318054, "Test": 0.1484092288777112, "max_epoch": 3, "stop_reason": "Weight gradients converged", "num_hidden_layers": 3, "total_hidden_units": 12, "unit_combination": [5, 3, 4], "learning_rate": 0.5}