{"0": [[0.4218492409613524, 0.10366327157345605, 0.2878583581104516, 0.26926353325079944], [-0.6939489495114043, -0.1696814291762968, -0.4496450866834208, -0.42731841124387643], [0.8008303461518513, 0.4470913339028689, 0.7274040220261779, 0.6777489775161661], [-0.768028035240417, -0.3531922829439114, -0.6079242462533879, -0.5768325722061133], [-0.8370695888578735, -0.41381915985001844, -0.6943874448919484, -0.6385447067968495]], "1": [[-0.06070711895985428, 0.09874192981077234, -0.3975637715570494, 0.2700515578053525, 0.3705476356290188], [-1.1380718420359666, 1.8813824889699797, -3.6208257904962267, 3.3256789980158485, 3.5879711774711813], [-0.2324072251915244, 0.35468498637847784, -1.2033941207880317, 0.8935765418375865, 1.0848098943251807]], "2": [[-2.427586981690007, -2.052728527459698, -2.4628513512250922], [0.9258525126083478, 1.5044381727570801, 0.8723592070688833], [-0.8606946964441716, 0.3113962241944388, -3.7003511957879107], [1.706291685272286, 1.7049856497804385, 1.678041205890767]], "3": [[-0.49718120102806845, 0.02635382567928102, -11.324350430958265, 0.15706975334124454]]}