{"Train": 1.475865890127931, "Val": 1.4761823609761267, "Test": 1.473714276501849, "max_epoch": 5, "stop_reason": "Weight gradients converged", "num_hidden_layers": 3, "total_hidden_units": 13, "unit_combination": [5, 3, 5], "learning_rate": 0.5}