{"0": [[-0.34936917794214983, -0.5595712101226845, -0.3725937118435278, -0.37487832316613967], [-0.3544248886917166, -0.5450928650587674, -0.39502772002068176, -0.39650356622021], [-0.32818604194488965, -0.5197332380446119, -0.3637226450204089, -0.34993018547672905], [0.0852525397355986, 0.12339985579674616, 0.08589655185033442, 0.0878602018431965], [-0.45039922607544297, -0.6842565092647759, -0.4981861311345271, -0.482879136468062]], "1": [[-0.9766236398677913, -0.9936902379167969, -0.9201573124544202, 0.22291346576919205, -1.2711066037165515], [-0.03850895119980939, -0.0422693027307058, -0.059341635158328146, 0.03719975704479411, -0.008729414713958182], [-0.6310551574337933, -0.6432353011657118, -0.6166925725040628, 0.18886998016170142, -0.6805300422515601]], "2": [[4.320211063345957, 0.1682320330322898, -1.0165586943622846], [4.907685947423204, 0.0990089178382056, -1.193902406221219], [-1.882577015278602, -0.4984073903263188, 0.20765954182419377], [-10.143024629760681, 0.34164273282042856, 2.256011899725772], [-5.6754361484732305, -0.056150524394044804, 1.312012592929088]], "3": [[10.869447598002015, 10.396945164979961, -11.292661952029167, 18.50585443040172, -8.046216562035532]]}