{"0": [[-1.094590729527608, -2.5014713159428714, -1.220898486750391, -1.2291224846771782]], "1": [[1.85910875228503], [1.5022192496573732], [-4.307999471953955], [-2.4114212621141475], [1.9660381612059596]], "2": [[1.903513713319218, 1.5348442600723313, -5.165633671220829, -2.516145866952221, 2.0286313641873]]}