{"0": [[-0.9021918375605701, -0.06710129484893092, -0.3965067507740106, -0.2485544870984717], [-1.3259625043622245, -0.21937932490422202, -0.6162079551302988, -0.3099868354831442], [-1.2259550287897802, -0.17440042072228462, -0.5554519029027111, -0.2881588839405307], [-2.0828573139555417, -0.8130208383711572, -1.4155502512518343, -0.6787340227068409], [-6.184644001859, -2.832211279798252, -3.590906988477469, -1.4354958619144111]], "1": [[0.45592485035744323, 0.6715112565474012, 0.6257437276859701, 0.8031523368903656, 1.542021936487089], [-0.2695992329093584, -0.465903734544193, -0.40851795913631983, -1.2174437208191784, -3.270504513382927]], "2": [[-0.08722495797836798, -7.287149765612691]]}