{"0": [[-13.815494615932213, -7.9086147862826115, -0.4897136018697953, 0.8148171125505143], [-3.4613948598997983, 3.7320441983678947, 6.13813359675811, 6.673518856528066]], "1": [[-2.944599385572068, 4.138391175923662], [11.50587381533307, 8.702420330311348]], "2": [[-9.812923813635177, 2.857256815736787]]}