{"Train": 0.11354966682013105, "Val": 0.11344648779206341, "Test": 0.11335233216043812, "max_epoch": 3, "stop_reason": "Weight gradients converged", "num_hidden_layers": 3, "total_hidden_units": 15, "unit_combination": [5, 5, 5], "learning_rate": 0.2}