{"0": [[3.499768543000429, 0.500516486039046, 1.67500643533425, 1.413843946733458], [3.0065853279360537, 0.4893384806120397, 1.0284606021823397, 0.9046467122779733], [-3.480117348634082, -0.40236027663743085, -2.225313528943151, -1.8765310413328218], [-3.3325165344664196, -0.38799300729968944, -2.229855241692783, -1.8670245644992252], [2.981579560763956, 0.5030187419796295, 0.9314347504693261, 0.8293724707510751]], "1": [[-2.503333920548351, -5.721819091064123, -2.5698239262876488, -3.6793285340002155, -6.493577807385252], [1.0420385802913925, 1.338644862420778, -0.33946186413250135, -0.16795154149166425, 1.4298542299933228], [-0.9596942548232809, -1.2064743011618264, 0.337546318168255, 0.17178787892935965, -1.2895942705820085], [-0.1190882390203518, -1.1738743528019362, -1.4060950916680617, -1.7019436968456174, -1.399579818955349], [-0.19453037212433158, -0.28720014507789166, 0.06134740770090929, 0.025897998880570323, -0.2908107874290962]], "2": [[-4.012003268883927, 4.234253826764909, -3.9676545120058067, 1.5922855246775258, -1.0322452493713645], [0.3927000890261435, -0.9684852137606214, 0.9589468372306971, 0.05422846237706833, 0.1924617033505887], [-0.4322871714251422, 0.7591215109697499, -0.8436582729772426, -0.5000755521920563, -0.2207675325079419], [-0.3118034854793245, 0.9641583454158343, -0.9491050581925592, -0.03208627778620696, -0.21709793953604242], [0.26368271072737465, -0.9021367904743284, 0.8833947750289368, 0.0017860247582947599, 0.1902766895878827]], "3": [[-7.480592118250397, 1.0349948204749684, -0.9962558482574354, -0.954512098548833, 0.6570256492948595]]}