{"0": [[21.019172084268096, 42.102693245746906, 20.67347245582637, 20.71036799798421]], "1": [[-11.524522171817074]]}