{"Train": 0.16813680972033396, "Val": 0.17001781907200594, "Test": 0.17275772668281655, "max_epoch": 10, "stop_reason": "Weight gradients converged", "num_hidden_layers": 3, "total_hidden_units": 9, "unit_combination": [4, 3, 2], "learning_rate": 0.2}