{"0": [[0.04820497624276653, -0.08793361766065551, -1.0472242900130253, -1.110803550108103], [-0.554837166036882, -1.878292651127298, -1.2644646813735667, -1.2897346781343686], [0.4511237522719513, -0.8255349674159596, -1.5400537399664709, -1.6280673590434447], [0.2594051078084575, -1.0226752996019117, -1.402033097970559, -1.4694197124918296]], "1": [[-14.872666412923886, -9.28527409860022, -15.53570454544484, -14.998633998973242], [0.9478091558679435, 0.7635658383342855, 1.0453750331765188, 1.0310494949399125], [-0.42045178389702065, -0.30431798599611953, -0.4255090165598353, -0.4209685324973988]], "2": [[1.7118807629578705, -2.99009835372519, -0.6088696742462325], [0.6967209273386434, -0.4616388390961419, 0.6305357085525023]], "3": [[-8.283720981303896, -3.8249129452271444]]}